Applicant ID,Applicant Name,Interview Date,Experience (Years),Education,Interview Round,Technical Score,HR Score,Final Status,Location,Department
APP-0001,Applicant 1,2026-09-09,8,Masters,Final,73,77,Rejected,San Francisco,Product
APP-0002,Applicant 2,2026-09-08,15,PhD,HR,86,94,In Progress,London,Marketing
APP-0003,Applicant 3,2026-09-07,7,High School,Technical,99,70,In Progress,Remote,Sales
APP-0004,Applicant 4,2026-09-06,14,Bachelors,Screening,71,87,In Progress,Austin,Engineering
APP-0005,Applicant 5,2026-09-05,6,Masters,Final,84,63,Offer,New York,Product
APP-0006,Applicant 6,2026-09-04,13,PhD,HR,97,80,Rejected,San Francisco,Marketing
APP-0007,Applicant 7,2026-09-03,5,High School,Technical,69,97,In Progress,London,Sales
APP-0008,Applicant 8,2026-09-02,12,Bachelors,Screening,82,73,In Progress,Remote,Engineering
APP-0009,Applicant 9,2026-09-01,4,Masters,Final,95,90,In Progress,Austin,Product
APP-0010,Applicant 10,2026-08-31,11,PhD,HR,67,66,Offer,New York,Marketing
APP-0011,Applicant 11,2026-08-30,3,High School,Technical,80,83,Rejected,San Francisco,Sales
APP-0012,Applicant 12,2026-08-29,10,Bachelors,Screening,93,100,In Progress,London,Engineering
APP-0013,Applicant 13,2026-08-28,2,Masters,Final,65,76,In Progress,Remote,Product
APP-0014,Applicant 14,2026-08-27,9,PhD,HR,78,93,In Progress,Austin,Marketing
APP-0015,Applicant 15,2026-08-26,1,High School,Technical,91,69,Offer,New York,Sales
APP-0016,Applicant 16,2026-08-25,8,Bachelors,Screening,63,86,Rejected,San Francisco,Engineering
APP-0017,Applicant 17,2026-08-24,15,Masters,Final,76,62,In Progress,London,Product
APP-0018,Applicant 18,2026-08-23,7,PhD,HR,89,79,In Progress,Remote,Marketing
APP-0019,Applicant 19,2026-08-22,14,High School,Technical,61,96,In Progress,Austin,Sales
APP-0020,Applicant 20,2026-08-21,6,Bachelors,Screening,74,72,Offer,New York,Engineering
APP-0021,Applicant 21,2026-08-20,13,Masters,Final,87,89,Rejected,San Francisco,Product
APP-0022,Applicant 22,2026-08-19,5,PhD,HR,100,65,In Progress,London,Marketing
APP-0023,Applicant 23,2026-08-18,12,High School,Technical,72,82,In Progress,Remote,Sales
APP-0024,Applicant 24,2026-08-17,4,Bachelors,Screening,85,99,In Progress,Austin,Engineering
APP-0025,Applicant 25,2026-08-16,11,Masters,Final,98,75,Offer,New York,Product
APP-0026,Applicant 26,2026-08-15,3,PhD,HR,70,92,Rejected,San Francisco,Marketing
APP-0027,Applicant 27,2026-08-14,10,High School,Technical,83,68,In Progress,London,Sales
APP-0028,Applicant 28,2026-08-13,2,Bachelors,Screening,96,85,In Progress,Remote,Engineering
APP-0029,Applicant 29,2026-08-12,9,Masters,Final,68,61,In Progress,Austin,Product
APP-0030,Applicant 30,2026-08-11,1,PhD,HR,81,78,Offer,New York,Marketing
APP-0031,Applicant 31,2026-08-10,8,High School,Technical,94,95,Rejected,San Francisco,Sales
APP-0032,Applicant 32,2026-08-09,15,Bachelors,Screening,66,71,In Progress,London,Engineering
APP-0033,Applicant 33,2026-08-08,7,Masters,Final,79,88,In Progress,Remote,Product
APP-0034,Applicant 34,2026-08-07,14,PhD,HR,92,64,In Progress,Austin,Marketing
APP-0035,Applicant 35,2026-08-06,6,High School,Technical,64,81,Offer,New York,Sales
APP-0036,Applicant 36,2026-08-05,13,Bachelors,Screening,77,98,Rejected,San Francisco,Engineering
APP-0037,Applicant 37,2026-08-04,5,Masters,Final,90,74,In Progress,London,Product
APP-0038,Applicant 38,2026-08-03,12,PhD,HR,62,91,In Progress,Remote,Marketing
APP-0039,Applicant 39,2026-08-02,4,High School,Technical,75,67,In Progress,Austin,Sales
APP-0040,Applicant 40,2026-08-01,11,Bachelors,Screening,88,84,Offer,New York,Engineering
APP-0041,Applicant 41,2026-07-31,3,Masters,Final,60,60,Rejected,San Francisco,Product
APP-0042,Applicant 42,2026-07-30,10,PhD,HR,73,77,In Progress,London,Marketing
APP-0043,Applicant 43,2026-07-29,2,High School,Technical,86,94,In Progress,Remote,Sales
APP-0044,Applicant 44,2026-07-28,9,Bachelors,Screening,99,70,In Progress,Austin,Engineering
APP-0045,Applicant 45,2026-07-27,1,Masters,Final,71,87,Offer,New York,Product
APP-0046,Applicant 46,2026-07-26,8,PhD,HR,84,63,Rejected,San Francisco,Marketing
APP-0047,Applicant 47,2026-07-25,15,High School,Technical,97,80,In Progress,London,Sales
APP-0048,Applicant 48,2026-07-24,7,Bachelors,Screening,69,97,In Progress,Remote,Engineering
APP-0049,Applicant 49,2026-07-23,14,Masters,Final,82,73,In Progress,Austin,Product
APP-0050,Applicant 50,2026-07-22,6,PhD,HR,95,90,Offer,New York,Marketing
APP-0051,Applicant 51,2026-07-21,13,High School,Technical,67,66,Rejected,San Francisco,Sales
APP-0052,Applicant 52,2026-07-20,5,Bachelors,Screening,80,83,In Progress,London,Engineering
APP-0053,Applicant 53,2026-07-19,12,Masters,Final,93,100,In Progress,Remote,Product
APP-0054,Applicant 54,2026-07-18,4,PhD,HR,65,76,In Progress,Austin,Marketing
APP-0055,Applicant 55,2026-07-17,11,High School,Technical,78,93,Offer,New York,Sales
APP-0056,Applicant 56,2026-07-16,3,Bachelors,Screening,91,69,Rejected,San Francisco,Engineering
APP-0057,Applicant 57,2026-07-15,10,Masters,Final,63,86,In Progress,London,Product
APP-0058,Applicant 58,2026-07-14,2,PhD,HR,76,62,In Progress,Remote,Marketing
APP-0059,Applicant 59,2026-07-13,9,High School,Technical,89,79,In Progress,Austin,Sales
APP-0060,Applicant 60,2026-07-12,1,Bachelors,Screening,61,96,Offer,New York,Engineering
APP-0061,Applicant 61,2026-07-11,8,Masters,Final,74,72,Rejected,San Francisco,Product
APP-0062,Applicant 62,2026-07-10,15,PhD,HR,87,89,In Progress,London,Marketing
APP-0063,Applicant 63,2026-07-09,7,High School,Technical,100,65,In Progress,Remote,Sales
APP-0064,Applicant 64,2026-07-08,14,Bachelors,Screening,72,82,In Progress,Austin,Engineering
APP-0065,Applicant 65,2026-07-07,6,Masters,Final,85,99,Offer,New York,Product
APP-0066,Applicant 66,2026-07-06,13,PhD,HR,98,75,Rejected,San Francisco,Marketing
APP-0067,Applicant 67,2026-07-05,5,High School,Technical,70,92,In Progress,London,Sales
APP-0068,Applicant 68,2026-07-04,12,Bachelors,Screening,83,68,In Progress,Remote,Engineering
APP-0069,Applicant 69,2026-07-03,4,Masters,Final,96,85,In Progress,Austin,Product
APP-0070,Applicant 70,2026-07-02,11,PhD,HR,68,61,Offer,New York,Marketing
APP-0071,Applicant 71,2026-07-01,3,High School,Technical,81,78,Rejected,San Francisco,Sales
APP-0072,Applicant 72,2026-06-30,10,Bachelors,Screening,94,95,In Progress,London,Engineering
APP-0073,Applicant 73,2026-06-29,2,Masters,Final,66,71,In Progress,Remote,Product
APP-0074,Applicant 74,2026-06-28,9,PhD,HR,79,88,In Progress,Austin,Marketing
APP-0075,Applicant 75,2026-06-27,1,High School,Technical,92,64,Offer,New York,Sales
APP-0076,Applicant 76,2026-06-26,8,Bachelors,Screening,64,81,Rejected,San Francisco,Engineering
APP-0077,Applicant 77,2026-06-25,15,Masters,Final,77,98,In Progress,London,Product
APP-0078,Applicant 78,2026-06-24,7,PhD,HR,90,74,In Progress,Remote,Marketing
APP-0079,Applicant 79,2026-06-23,14,High School,Technical,62,91,In Progress,Austin,Sales
APP-0080,Applicant 80,2026-06-22,6,Bachelors,Screening,75,67,Offer,New York,Engineering
APP-0081,Applicant 81,2026-06-21,13,Masters,Final,88,84,Rejected,San Francisco,Product
APP-0082,Applicant 82,2026-06-20,5,PhD,HR,60,60,In Progress,London,Marketing
APP-0083,Applicant 83,2026-06-19,12,High School,Technical,73,77,In Progress,Remote,Sales
APP-0084,Applicant 84,2026-06-18,4,Bachelors,Screening,86,94,In Progress,Austin,Engineering
APP-0085,Applicant 85,2026-06-17,11,Masters,Final,99,70,Offer,New York,Product
APP-0086,Applicant 86,2026-06-16,3,PhD,HR,71,87,Rejected,San Francisco,Marketing
APP-0087,Applicant 87,2026-06-15,10,High School,Technical,84,63,In Progress,London,Sales
APP-0088,Applicant 88,2026-06-14,2,Bachelors,Screening,97,80,In Progress,Remote,Engineering
APP-0089,Applicant 89,2026-06-13,9,Masters,Final,69,97,In Progress,Austin,Product
APP-0090,Applicant 90,2026-06-12,1,PhD,HR,82,73,Offer,New York,Marketing
APP-0091,Applicant 91,2026-06-11,8,High School,Technical,95,90,Rejected,San Francisco,Sales
APP-0092,Applicant 92,2026-06-10,15,Bachelors,Screening,67,66,In Progress,London,Engineering
APP-0093,Applicant 93,2026-06-09,7,Masters,Final,80,83,In Progress,Remote,Product
APP-0094,Applicant 94,2026-06-08,14,PhD,HR,93,100,In Progress,Austin,Marketing
APP-0095,Applicant 95,2026-06-07,6,High School,Technical,65,76,Offer,New York,Sales
APP-0096,Applicant 96,2026-06-06,13,Bachelors,Screening,78,93,Rejected,San Francisco,Engineering
APP-0097,Applicant 97,2026-06-05,5,Masters,Final,91,69,In Progress,London,Product
APP-0098,Applicant 98,2026-06-04,12,PhD,HR,63,86,In Progress,Remote,Marketing
APP-0099,Applicant 99,2026-06-03,4,High School,Technical,76,62,In Progress,Austin,Sales
APP-0100,Applicant 100,2026-06-02,11,Bachelors,Screening,89,79,Offer,New York,Engineering
APP-0101,Applicant 101,2026-06-01,3,Masters,Final,61,96,Rejected,San Francisco,Product
APP-0102,Applicant 102,2026-05-31,10,PhD,HR,74,72,In Progress,London,Marketing
APP-0103,Applicant 103,2026-05-30,2,High School,Technical,87,89,In Progress,Remote,Sales
APP-0104,Applicant 104,2026-05-29,9,Bachelors,Screening,100,65,In Progress,Austin,Engineering
APP-0105,Applicant 105,2026-05-28,1,Masters,Final,72,82,Offer,New York,Product
APP-0106,Applicant 106,2026-05-27,8,PhD,HR,85,99,Rejected,San Francisco,Marketing
APP-0107,Applicant 107,2026-05-26,15,High School,Technical,98,75,In Progress,London,Sales
APP-0108,Applicant 108,2026-05-25,7,Bachelors,Screening,70,92,In Progress,Remote,Engineering
APP-0109,Applicant 109,2026-05-24,14,Masters,Final,83,68,In Progress,Austin,Product
APP-0110,Applicant 110,2026-05-23,6,PhD,HR,96,85,Offer,New York,Marketing
APP-0111,Applicant 111,2026-05-22,13,High School,Technical,68,61,Rejected,San Francisco,Sales
APP-0112,Applicant 112,2026-05-21,5,Bachelors,Screening,81,78,In Progress,London,Engineering
APP-0113,Applicant 113,2026-05-20,12,Masters,Final,94,95,In Progress,Remote,Product
APP-0114,Applicant 114,2026-05-19,4,PhD,HR,66,71,In Progress,Austin,Marketing
APP-0115,Applicant 115,2026-05-18,11,High School,Technical,79,88,Offer,New York,Sales
APP-0116,Applicant 116,2026-05-17,3,Bachelors,Screening,92,64,Rejected,San Francisco,Engineering
APP-0117,Applicant 117,2026-05-16,10,Masters,Final,64,81,In Progress,London,Product
APP-0118,Applicant 118,2026-05-15,2,PhD,HR,77,98,In Progress,Remote,Marketing
APP-0119,Applicant 119,2026-05-14,9,High School,Technical,90,74,In Progress,Austin,Sales
APP-0120,Applicant 120,2026-05-13,1,Bachelors,Screening,62,91,Offer,New York,Engineering
APP-0121,Applicant 121,2026-05-12,8,Masters,Final,75,67,Rejected,San Francisco,Product
APP-0122,Applicant 122,2026-05-11,15,PhD,HR,88,84,In Progress,London,Marketing
APP-0123,Applicant 123,2026-05-10,7,High School,Technical,60,60,In Progress,Remote,Sales
APP-0124,Applicant 124,2026-05-09,14,Bachelors,Screening,73,77,In Progress,Austin,Engineering
APP-0125,Applicant 125,2026-05-08,6,Masters,Final,86,94,Offer,New York,Product
APP-0126,Applicant 126,2026-05-07,13,PhD,HR,99,70,Rejected,San Francisco,Marketing
APP-0127,Applicant 127,2026-05-06,5,High School,Technical,71,87,In Progress,London,Sales
APP-0128,Applicant 128,2026-05-05,12,Bachelors,Screening,84,63,In Progress,Remote,Engineering
APP-0129,Applicant 129,2026-05-04,4,Masters,Final,97,80,In Progress,Austin,Product
APP-0130,Applicant 130,2026-05-03,11,PhD,HR,69,97,Offer,New York,Marketing
APP-0131,Applicant 131,2026-05-02,3,High School,Technical,82,73,Rejected,San Francisco,Sales
APP-0132,Applicant 132,2026-05-01,10,Bachelors,Screening,95,90,In Progress,London,Engineering
APP-0133,Applicant 133,2026-04-30,2,Masters,Final,67,66,In Progress,Remote,Product
APP-0134,Applicant 134,2026-04-29,9,PhD,HR,80,83,In Progress,Austin,Marketing
APP-0135,Applicant 135,2026-04-28,1,High School,Technical,93,100,Offer,New York,Sales
APP-0136,Applicant 136,2026-04-27,8,Bachelors,Screening,65,76,Rejected,San Francisco,Engineering
APP-0137,Applicant 137,2026-04-26,15,Masters,Final,78,93,In Progress,London,Product
APP-0138,Applicant 138,2026-04-25,7,PhD,HR,91,69,In Progress,Remote,Marketing
APP-0139,Applicant 139,2026-04-24,14,High School,Technical,63,86,In Progress,Austin,Sales
APP-0140,Applicant 140,2026-04-23,6,Bachelors,Screening,76,62,Offer,New York,Engineering
APP-0141,Applicant 141,2026-04-22,13,Masters,Final,89,79,Rejected,San Francisco,Product
APP-0142,Applicant 142,2026-04-21,5,PhD,HR,61,96,In Progress,London,Marketing
APP-0143,Applicant 143,2026-04-20,12,High School,Technical,74,72,In Progress,Remote,Sales
APP-0144,Applicant 144,2026-04-19,4,Bachelors,Screening,87,89,In Progress,Austin,Engineering
APP-0145,Applicant 145,2026-04-18,11,Masters,Final,100,65,Offer,New York,Product
APP-0146,Applicant 146,2026-04-17,3,PhD,HR,72,82,Rejected,San Francisco,Marketing
APP-0147,Applicant 147,2026-04-16,10,High School,Technical,85,99,In Progress,London,Sales
APP-0148,Applicant 148,2026-04-15,2,Bachelors,Screening,98,75,In Progress,Remote,Engineering
APP-0149,Applicant 149,2026-04-14,9,Masters,Final,70,92,In Progress,Austin,Product
APP-0150,Applicant 150,2026-04-13,1,PhD,HR,83,68,Offer,New York,Marketing
APP-0151,Applicant 151,2026-04-12,8,High School,Technical,96,85,Rejected,San Francisco,Sales
APP-0152,Applicant 152,2026-04-11,15,Bachelors,Screening,68,61,In Progress,London,Engineering
APP-0153,Applicant 153,2026-04-10,7,Masters,Final,81,78,In Progress,Remote,Product
APP-0154,Applicant 154,2026-04-09,14,PhD,HR,94,95,In Progress,Austin,Marketing
APP-0155,Applicant 155,2026-04-08,6,High School,Technical,66,71,Offer,New York,Sales
APP-0156,Applicant 156,2026-04-07,13,Bachelors,Screening,79,88,Rejected,San Francisco,Engineering
APP-0157,Applicant 157,2026-04-06,5,Masters,Final,92,64,In Progress,London,Product
APP-0158,Applicant 158,2026-04-05,12,PhD,HR,64,81,In Progress,Remote,Marketing
APP-0159,Applicant 159,2026-04-04,4,High School,Technical,77,98,In Progress,Austin,Sales
APP-0160,Applicant 160,2026-04-03,11,Bachelors,Screening,90,74,Offer,New York,Engineering
APP-0161,Applicant 161,2026-04-02,3,Masters,Final,62,91,Rejected,San Francisco,Product
APP-0162,Applicant 162,2026-04-01,10,PhD,HR,75,67,In Progress,London,Marketing
APP-0163,Applicant 163,2026-03-31,2,High School,Technical,88,84,In Progress,Remote,Sales
APP-0164,Applicant 164,2026-03-30,9,Bachelors,Screening,60,60,In Progress,Austin,Engineering
APP-0165,Applicant 165,2026-03-29,1,Masters,Final,73,77,Offer,New York,Product
APP-0166,Applicant 166,2026-03-28,8,PhD,HR,86,94,Rejected,San Francisco,Marketing
APP-0167,Applicant 167,2026-03-27,15,High School,Technical,99,70,In Progress,London,Sales
APP-0168,Applicant 168,2026-03-26,7,Bachelors,Screening,71,87,In Progress,Remote,Engineering
APP-0169,Applicant 169,2026-03-25,14,Masters,Final,84,63,In Progress,Austin,Product
APP-0170,Applicant 170,2026-03-24,6,PhD,HR,97,80,Offer,New York,Marketing
APP-0171,Applicant 171,2026-03-23,13,High School,Technical,69,97,Rejected,San Francisco,Sales
APP-0172,Applicant 172,2026-03-22,5,Bachelors,Screening,82,73,In Progress,London,Engineering
APP-0173,Applicant 173,2026-03-21,12,Masters,Final,95,90,In Progress,Remote,Product
APP-0174,Applicant 174,2026-03-20,4,PhD,HR,67,66,In Progress,Austin,Marketing
APP-0175,Applicant 175,2026-03-19,11,High School,Technical,80,83,Offer,New York,Sales
APP-0176,Applicant 176,2026-03-18,3,Bachelors,Screening,93,100,Rejected,San Francisco,Engineering
APP-0177,Applicant 177,2026-03-17,10,Masters,Final,65,76,In Progress,London,Product
APP-0178,Applicant 178,2026-03-16,2,PhD,HR,78,93,In Progress,Remote,Marketing
APP-0179,Applicant 179,2026-03-15,9,High School,Technical,91,69,In Progress,Austin,Sales
APP-0180,Applicant 180,2026-03-14,1,Bachelors,Screening,63,86,Offer,New York,Engineering
APP-0181,Applicant 181,2026-03-13,8,Masters,Final,76,62,Rejected,San Francisco,Product
APP-0182,Applicant 182,2026-03-12,15,PhD,HR,89,79,In Progress,London,Marketing
APP-0183,Applicant 183,2026-03-11,7,High School,Technical,61,96,In Progress,Remote,Sales
APP-0184,Applicant 184,2026-03-10,14,Bachelors,Screening,74,72,In Progress,Austin,Engineering
APP-0185,Applicant 185,2026-03-09,6,Masters,Final,87,89,Offer,New York,Product
APP-0186,Applicant 186,2026-03-08,13,PhD,HR,100,65,Rejected,San Francisco,Marketing
APP-0187,Applicant 187,2026-03-07,5,High School,Technical,72,82,In Progress,London,Sales
APP-0188,Applicant 188,2026-03-06,12,Bachelors,Screening,85,99,In Progress,Remote,Engineering
APP-0189,Applicant 189,2026-03-05,4,Masters,Final,98,75,In Progress,Austin,Product
APP-0190,Applicant 190,2026-03-04,11,PhD,HR,70,92,Offer,New York,Marketing
APP-0191,Applicant 191,2026-03-03,3,High School,Technical,83,68,Rejected,San Francisco,Sales
APP-0192,Applicant 192,2026-03-02,10,Bachelors,Screening,96,85,In Progress,London,Engineering
APP-0193,Applicant 193,2026-03-01,2,Masters,Final,68,61,In Progress,Remote,Product
APP-0194,Applicant 194,2026-02-28,9,PhD,HR,81,78,In Progress,Austin,Marketing
APP-0195,Applicant 195,2026-02-27,1,High School,Technical,94,95,Offer,New York,Sales
APP-0196,Applicant 196,2026-02-26,8,Bachelors,Screening,66,71,Rejected,San Francisco,Engineering
APP-0197,Applicant 197,2026-02-25,15,Masters,Final,79,88,In Progress,London,Product
APP-0198,Applicant 198,2026-02-24,7,PhD,HR,92,64,In Progress,Remote,Marketing
APP-0199,Applicant 199,2026-02-23,14,High School,Technical,64,81,In Progress,Austin,Sales
APP-0200,Applicant 200,2026-02-22,6,Bachelors,Screening,77,98,Offer,New York,Engineering
APP-0201,Applicant 201,2026-02-21,13,Masters,Final,90,74,Rejected,San Francisco,Product
APP-0202,Applicant 202,2026-02-20,5,PhD,HR,62,91,In Progress,London,Marketing
APP-0203,Applicant 203,2026-02-19,12,High School,Technical,75,67,In Progress,Remote,Sales
APP-0204,Applicant 204,2026-02-18,4,Bachelors,Screening,88,84,In Progress,Austin,Engineering
APP-0205,Applicant 205,2026-02-17,11,Masters,Final,60,60,Offer,New York,Product
APP-0206,Applicant 206,2026-02-16,3,PhD,HR,73,77,Rejected,San Francisco,Marketing
APP-0207,Applicant 207,2026-02-15,10,High School,Technical,86,94,In Progress,London,Sales
APP-0208,Applicant 208,2026-02-14,2,Bachelors,Screening,99,70,In Progress,Remote,Engineering
APP-0209,Applicant 209,2026-02-13,9,Masters,Final,71,87,In Progress,Austin,Product
APP-0210,Applicant 210,2026-02-12,1,PhD,HR,84,63,Offer,New York,Marketing
APP-0211,Applicant 211,2026-02-11,8,High School,Technical,97,80,Rejected,San Francisco,Sales
APP-0212,Applicant 212,2026-02-10,15,Bachelors,Screening,69,97,In Progress,London,Engineering
APP-0213,Applicant 213,2026-02-09,7,Masters,Final,82,73,In Progress,Remote,Product
APP-0214,Applicant 214,2026-02-08,14,PhD,HR,95,90,In Progress,Austin,Marketing
APP-0215,Applicant 215,2026-02-07,6,High School,Technical,67,66,Offer,New York,Sales
APP-0216,Applicant 216,2026-02-06,13,Bachelors,Screening,80,83,Rejected,San Francisco,Engineering
APP-0217,Applicant 217,2026-02-05,5,Masters,Final,93,100,In Progress,London,Product
APP-0218,Applicant 218,2026-02-04,12,PhD,HR,65,76,In Progress,Remote,Marketing
APP-0219,Applicant 219,2026-02-03,4,High School,Technical,78,93,In Progress,Austin,Sales
APP-0220,Applicant 220,2026-02-02,11,Bachelors,Screening,91,69,Offer,New York,Engineering
APP-0221,Applicant 221,2026-02-01,3,Masters,Final,63,86,Rejected,San Francisco,Product
APP-0222,Applicant 222,2026-01-31,10,PhD,HR,76,62,In Progress,London,Marketing
APP-0223,Applicant 223,2026-01-30,2,High School,Technical,89,79,In Progress,Remote,Sales
APP-0224,Applicant 224,2026-01-29,9,Bachelors,Screening,61,96,In Progress,Austin,Engineering
APP-0225,Applicant 225,2026-01-28,1,Masters,Final,74,72,Offer,New York,Product
APP-0226,Applicant 226,2026-01-27,8,PhD,HR,87,89,Rejected,San Francisco,Marketing
APP-0227,Applicant 227,2026-01-26,15,High School,Technical,100,65,In Progress,London,Sales
APP-0228,Applicant 228,2026-01-25,7,Bachelors,Screening,72,82,In Progress,Remote,Engineering
APP-0229,Applicant 229,2026-01-24,14,Masters,Final,85,99,In Progress,Austin,Product
APP-0230,Applicant 230,2026-01-23,6,PhD,HR,98,75,Offer,New York,Marketing
APP-0231,Applicant 231,2026-01-22,13,High School,Technical,70,92,Rejected,San Francisco,Sales
APP-0232,Applicant 232,2026-01-21,5,Bachelors,Screening,83,68,In Progress,London,Engineering
APP-0233,Applicant 233,2026-01-20,12,Masters,Final,96,85,In Progress,Remote,Product
APP-0234,Applicant 234,2026-01-19,4,PhD,HR,68,61,In Progress,Austin,Marketing
APP-0235,Applicant 235,2026-01-18,11,High School,Technical,81,78,Offer,New York,Sales
APP-0236,Applicant 236,2026-01-17,3,Bachelors,Screening,94,95,Rejected,San Francisco,Engineering
APP-0237,Applicant 237,2026-01-16,10,Masters,Final,66,71,In Progress,London,Product
APP-0238,Applicant 238,2026-01-15,2,PhD,HR,79,88,In Progress,Remote,Marketing
APP-0239,Applicant 239,2026-01-14,9,High School,Technical,92,64,In Progress,Austin,Sales
APP-0240,Applicant 240,2026-01-13,1,Bachelors,Screening,64,81,Offer,New York,Engineering
APP-0241,Applicant 241,2026-01-12,8,Masters,Final,77,98,Rejected,San Francisco,Product
APP-0242,Applicant 242,2026-01-11,15,PhD,HR,90,74,In Progress,London,Marketing
APP-0243,Applicant 243,2026-01-10,7,High School,Technical,62,91,In Progress,Remote,Sales
APP-0244,Applicant 244,2026-01-09,14,Bachelors,Screening,75,67,In Progress,Austin,Engineering
APP-0245,Applicant 245,2026-01-08,6,Masters,Final,88,84,Offer,New York,Product
APP-0246,Applicant 246,2026-01-07,13,PhD,HR,60,60,Rejected,San Francisco,Marketing
APP-0247,Applicant 247,2026-01-06,5,High School,Technical,73,77,In Progress,London,Sales
APP-0248,Applicant 248,2026-01-05,12,Bachelors,Screening,86,94,In Progress,Remote,Engineering
APP-0249,Applicant 249,2026-01-04,4,Masters,Final,99,70,In Progress,Austin,Product
APP-0250,Applicant 250,2026-01-03,11,PhD,HR,71,87,Offer,New York,Marketing
APP-0251,Applicant 251,2026-01-02,3,High School,Technical,84,63,Rejected,San Francisco,Sales
APP-0252,Applicant 252,2026-01-01,10,Bachelors,Screening,97,80,In Progress,London,Engineering
APP-0253,Applicant 253,2025-12-31,2,Masters,Final,69,97,In Progress,Remote,Product
APP-0254,Applicant 254,2025-12-30,9,PhD,HR,82,73,In Progress,Austin,Marketing
APP-0255,Applicant 255,2025-12-29,1,High School,Technical,95,90,Offer,New York,Sales
APP-0256,Applicant 256,2025-12-28,8,Bachelors,Screening,67,66,Rejected,San Francisco,Engineering
APP-0257,Applicant 257,2025-12-27,15,Masters,Final,80,83,In Progress,London,Product
APP-0258,Applicant 258,2025-12-26,7,PhD,HR,93,100,In Progress,Remote,Marketing
APP-0259,Applicant 259,2025-12-25,14,High School,Technical,65,76,In Progress,Austin,Sales
APP-0260,Applicant 260,2025-12-24,6,Bachelors,Screening,78,93,Offer,New York,Engineering
APP-0261,Applicant 261,2025-12-23,13,Masters,Final,91,69,Rejected,San Francisco,Product
APP-0262,Applicant 262,2025-12-22,5,PhD,HR,63,86,In Progress,London,Marketing
APP-0263,Applicant 263,2025-12-21,12,High School,Technical,76,62,In Progress,Remote,Sales
APP-0264,Applicant 264,2025-12-20,4,Bachelors,Screening,89,79,In Progress,Austin,Engineering
APP-0265,Applicant 265,2025-12-19,11,Masters,Final,61,96,Offer,New York,Product
APP-0266,Applicant 266,2025-12-18,3,PhD,HR,74,72,Rejected,San Francisco,Marketing
APP-0267,Applicant 267,2025-12-17,10,High School,Technical,87,89,In Progress,London,Sales
APP-0268,Applicant 268,2025-12-16,2,Bachelors,Screening,100,65,In Progress,Remote,Engineering
APP-0269,Applicant 269,2025-12-15,9,Masters,Final,72,82,In Progress,Austin,Product
APP-0270,Applicant 270,2025-12-14,1,PhD,HR,85,99,Offer,New York,Marketing
APP-0271,Applicant 271,2025-12-13,8,High School,Technical,98,75,Rejected,San Francisco,Sales
APP-0272,Applicant 272,2025-12-12,15,Bachelors,Screening,70,92,In Progress,London,Engineering
APP-0273,Applicant 273,2025-12-11,7,Masters,Final,83,68,In Progress,Remote,Product
APP-0274,Applicant 274,2025-12-10,14,PhD,HR,96,85,In Progress,Austin,Marketing
APP-0275,Applicant 275,2025-12-09,6,High School,Technical,68,61,Offer,New York,Sales
APP-0276,Applicant 276,2025-12-08,13,Bachelors,Screening,81,78,Rejected,San Francisco,Engineering
APP-0277,Applicant 277,2025-12-07,5,Masters,Final,94,95,In Progress,London,Product
APP-0278,Applicant 278,2025-12-06,12,PhD,HR,66,71,In Progress,Remote,Marketing
APP-0279,Applicant 279,2025-12-05,4,High School,Technical,79,88,In Progress,Austin,Sales
APP-0280,Applicant 280,2025-12-04,11,Bachelors,Screening,92,64,Offer,New York,Engineering
APP-0281,Applicant 281,2025-12-03,3,Masters,Final,64,81,Rejected,San Francisco,Product
APP-0282,Applicant 282,2025-12-02,10,PhD,HR,77,98,In Progress,London,Marketing
APP-0283,Applicant 283,2025-12-01,2,High School,Technical,90,74,In Progress,Remote,Sales
APP-0284,Applicant 284,2025-11-30,9,Bachelors,Screening,62,91,In Progress,Austin,Engineering
APP-0285,Applicant 285,2025-11-29,1,Masters,Final,75,67,Offer,New York,Product
APP-0286,Applicant 286,2025-11-28,8,PhD,HR,88,84,Rejected,San Francisco,Marketing
APP-0287,Applicant 287,2025-11-27,15,High School,Technical,60,60,In Progress,London,Sales
APP-0288,Applicant 288,2025-11-26,7,Bachelors,Screening,73,77,In Progress,Remote,Engineering
APP-0289,Applicant 289,2025-11-25,14,Masters,Final,86,94,In Progress,Austin,Product
APP-0290,Applicant 290,2025-11-24,6,PhD,HR,99,70,Offer,New York,Marketing
APP-0291,Applicant 291,2025-11-23,13,High School,Technical,71,87,Rejected,San Francisco,Sales
APP-0292,Applicant 292,2025-11-22,5,Bachelors,Screening,84,63,In Progress,London,Engineering
APP-0293,Applicant 293,2025-11-21,12,Masters,Final,97,80,In Progress,Remote,Product
APP-0294,Applicant 294,2025-11-20,4,PhD,HR,69,97,In Progress,Austin,Marketing
APP-0295,Applicant 295,2025-11-19,11,High School,Technical,82,73,Offer,New York,Sales
APP-0296,Applicant 296,2025-11-18,3,Bachelors,Screening,95,90,Rejected,San Francisco,Engineering
APP-0297,Applicant 297,2025-11-17,10,Masters,Final,67,66,In Progress,London,Product
APP-0298,Applicant 298,2025-11-16,2,PhD,HR,80,83,In Progress,Remote,Marketing
APP-0299,Applicant 299,2025-11-15,9,High School,Technical,93,100,In Progress,Austin,Sales
APP-0300,Applicant 300,2025-11-14,1,Bachelors,Screening,65,76,Offer,New York,Engineering
APP-0301,Applicant 301,2025-11-13,8,Masters,Final,78,93,Rejected,San Francisco,Product
APP-0302,Applicant 302,2025-11-12,15,PhD,HR,91,69,In Progress,London,Marketing
APP-0303,Applicant 303,2025-11-11,7,High School,Technical,63,86,In Progress,Remote,Sales
APP-0304,Applicant 304,2025-11-10,14,Bachelors,Screening,76,62,In Progress,Austin,Engineering
APP-0305,Applicant 305,2025-11-09,6,Masters,Final,89,79,Offer,New York,Product
APP-0306,Applicant 306,2025-11-08,13,PhD,HR,61,96,Rejected,San Francisco,Marketing
APP-0307,Applicant 307,2025-11-07,5,High School,Technical,74,72,In Progress,London,Sales
APP-0308,Applicant 308,2025-11-06,12,Bachelors,Screening,87,89,In Progress,Remote,Engineering
APP-0309,Applicant 309,2025-11-05,4,Masters,Final,100,65,In Progress,Austin,Product
APP-0310,Applicant 310,2025-11-04,11,PhD,HR,72,82,Offer,New York,Marketing
APP-0311,Applicant 311,2025-11-03,3,High School,Technical,85,99,Rejected,San Francisco,Sales
APP-0312,Applicant 312,2025-11-02,10,Bachelors,Screening,98,75,In Progress,London,Engineering
APP-0313,Applicant 313,2025-11-01,2,Masters,Final,70,92,In Progress,Remote,Product
APP-0314,Applicant 314,2025-10-31,9,PhD,HR,83,68,In Progress,Austin,Marketing
APP-0315,Applicant 315,2025-10-30,1,High School,Technical,96,85,Offer,New York,Sales
APP-0316,Applicant 316,2025-10-29,8,Bachelors,Screening,68,61,Rejected,San Francisco,Engineering
APP-0317,Applicant 317,2025-10-28,15,Masters,Final,81,78,In Progress,London,Product
APP-0318,Applicant 318,2025-10-27,7,PhD,HR,94,95,In Progress,Remote,Marketing
APP-0319,Applicant 319,2025-10-26,14,High School,Technical,66,71,In Progress,Austin,Sales
APP-0320,Applicant 320,2025-10-25,6,Bachelors,Screening,79,88,Offer,New York,Engineering
APP-0321,Applicant 321,2025-10-24,13,Masters,Final,92,64,Rejected,San Francisco,Product
APP-0322,Applicant 322,2025-10-23,5,PhD,HR,64,81,In Progress,London,Marketing
APP-0323,Applicant 323,2025-10-22,12,High School,Technical,77,98,In Progress,Remote,Sales
APP-0324,Applicant 324,2025-10-21,4,Bachelors,Screening,90,74,In Progress,Austin,Engineering
APP-0325,Applicant 325,2025-10-20,11,Masters,Final,62,91,Offer,New York,Product
APP-0326,Applicant 326,2025-10-19,3,PhD,HR,75,67,Rejected,San Francisco,Marketing
APP-0327,Applicant 327,2025-10-18,10,High School,Technical,88,84,In Progress,London,Sales
APP-0328,Applicant 328,2025-10-17,2,Bachelors,Screening,60,60,In Progress,Remote,Engineering
APP-0329,Applicant 329,2025-10-16,9,Masters,Final,73,77,In Progress,Austin,Product
APP-0330,Applicant 330,2025-10-15,1,PhD,HR,86,94,Offer,New York,Marketing
APP-0331,Applicant 331,2025-10-14,8,High School,Technical,99,70,Rejected,San Francisco,Sales
APP-0332,Applicant 332,2025-10-13,15,Bachelors,Screening,71,87,In Progress,London,Engineering
APP-0333,Applicant 333,2025-10-12,7,Masters,Final,84,63,In Progress,Remote,Product
APP-0334,Applicant 334,2025-10-11,14,PhD,HR,97,80,In Progress,Austin,Marketing
APP-0335,Applicant 335,2025-10-10,6,High School,Technical,69,97,Offer,New York,Sales
APP-0336,Applicant 336,2025-10-09,13,Bachelors,Screening,82,73,Rejected,San Francisco,Engineering
APP-0337,Applicant 337,2025-10-08,5,Masters,Final,95,90,In Progress,London,Product
APP-0338,Applicant 338,2025-10-07,12,PhD,HR,67,66,In Progress,Remote,Marketing
APP-0339,Applicant 339,2025-10-06,4,High School,Technical,80,83,In Progress,Austin,Sales
APP-0340,Applicant 340,2025-10-05,11,Bachelors,Screening,93,100,Offer,New York,Engineering
APP-0341,Applicant 341,2025-10-04,3,Masters,Final,65,76,Rejected,San Francisco,Product
APP-0342,Applicant 342,2025-10-03,10,PhD,HR,78,93,In Progress,London,Marketing
APP-0343,Applicant 343,2025-10-02,2,High School,Technical,91,69,In Progress,Remote,Sales
APP-0344,Applicant 344,2025-10-01,9,Bachelors,Screening,63,86,In Progress,Austin,Engineering
APP-0345,Applicant 345,2025-09-30,1,Masters,Final,76,62,Offer,New York,Product
APP-0346,Applicant 346,2025-09-29,8,PhD,HR,89,79,Rejected,San Francisco,Marketing
APP-0347,Applicant 347,2025-09-28,15,High School,Technical,61,96,In Progress,London,Sales
APP-0348,Applicant 348,2025-09-27,7,Bachelors,Screening,74,72,In Progress,Remote,Engineering
APP-0349,Applicant 349,2025-09-26,14,Masters,Final,87,89,In Progress,Austin,Product
APP-0350,Applicant 350,2025-09-25,6,PhD,HR,100,65,Offer,New York,Marketing
APP-0351,Applicant 351,2025-09-24,13,High School,Technical,72,82,Rejected,San Francisco,Sales
APP-0352,Applicant 352,2025-09-23,5,Bachelors,Screening,85,99,In Progress,London,Engineering
APP-0353,Applicant 353,2025-09-22,12,Masters,Final,98,75,In Progress,Remote,Product
APP-0354,Applicant 354,2025-09-21,4,PhD,HR,70,92,In Progress,Austin,Marketing
APP-0355,Applicant 355,2025-09-20,11,High School,Technical,83,68,Offer,New York,Sales
APP-0356,Applicant 356,2025-09-19,3,Bachelors,Screening,96,85,Rejected,San Francisco,Engineering
APP-0357,Applicant 357,2025-09-18,10,Masters,Final,68,61,In Progress,London,Product
APP-0358,Applicant 358,2025-09-17,2,PhD,HR,81,78,In Progress,Remote,Marketing
APP-0359,Applicant 359,2025-09-16,9,High School,Technical,94,95,In Progress,Austin,Sales
APP-0360,Applicant 360,2025-09-15,1,Bachelors,Screening,66,71,Offer,New York,Engineering
APP-0361,Applicant 361,2025-09-14,8,Masters,Final,79,88,Rejected,San Francisco,Product
APP-0362,Applicant 362,2025-09-13,15,PhD,HR,92,64,In Progress,London,Marketing
APP-0363,Applicant 363,2025-09-12,7,High School,Technical,64,81,In Progress,Remote,Sales
APP-0364,Applicant 364,2025-09-11,14,Bachelors,Screening,77,98,In Progress,Austin,Engineering
APP-0365,Applicant 365,2026-09-10,6,Masters,Final,90,74,Offer,New York,Product
APP-0366,Applicant 366,2026-09-09,13,PhD,HR,62,91,Rejected,San Francisco,Marketing
APP-0367,Applicant 367,2026-09-08,5,High School,Technical,75,67,In Progress,London,Sales
APP-0368,Applicant 368,2026-09-07,12,Bachelors,Screening,88,84,In Progress,Remote,Engineering
APP-0369,Applicant 369,2026-09-06,4,Masters,Final,60,60,In Progress,Austin,Product
APP-0370,Applicant 370,2026-09-05,11,PhD,HR,73,77,Offer,New York,Marketing
APP-0371,Applicant 371,2026-09-04,3,High School,Technical,86,94,Rejected,San Francisco,Sales
APP-0372,Applicant 372,2026-09-03,10,Bachelors,Screening,99,70,In Progress,London,Engineering
APP-0373,Applicant 373,2026-09-02,2,Masters,Final,71,87,In Progress,Remote,Product
APP-0374,Applicant 374,2026-09-01,9,PhD,HR,84,63,In Progress,Austin,Marketing
APP-0375,Applicant 375,2026-08-31,1,High School,Technical,97,80,Offer,New York,Sales
APP-0376,Applicant 376,2026-08-30,8,Bachelors,Screening,69,97,Rejected,San Francisco,Engineering
APP-0377,Applicant 377,2026-08-29,15,Masters,Final,82,73,In Progress,London,Product
APP-0378,Applicant 378,2026-08-28,7,PhD,HR,95,90,In Progress,Remote,Marketing
APP-0379,Applicant 379,2026-08-27,14,High School,Technical,67,66,In Progress,Austin,Sales
APP-0380,Applicant 380,2026-08-26,6,Bachelors,Screening,80,83,Offer,New York,Engineering
APP-0381,Applicant 381,2026-08-25,13,Masters,Final,93,100,Rejected,San Francisco,Product
APP-0382,Applicant 382,2026-08-24,5,PhD,HR,65,76,In Progress,London,Marketing
APP-0383,Applicant 383,2026-08-23,12,High School,Technical,78,93,In Progress,Remote,Sales
APP-0384,Applicant 384,2026-08-22,4,Bachelors,Screening,91,69,In Progress,Austin,Engineering
APP-0385,Applicant 385,2026-08-21,11,Masters,Final,63,86,Offer,New York,Product
APP-0386,Applicant 386,2026-08-20,3,PhD,HR,76,62,Rejected,San Francisco,Marketing
APP-0387,Applicant 387,2026-08-19,10,High School,Technical,89,79,In Progress,London,Sales
APP-0388,Applicant 388,2026-08-18,2,Bachelors,Screening,61,96,In Progress,Remote,Engineering
APP-0389,Applicant 389,2026-08-17,9,Masters,Final,74,72,In Progress,Austin,Product
APP-0390,Applicant 390,2026-08-16,1,PhD,HR,87,89,Offer,New York,Marketing
APP-0391,Applicant 391,2026-08-15,8,High School,Technical,100,65,Rejected,San Francisco,Sales
APP-0392,Applicant 392,2026-08-14,15,Bachelors,Screening,72,82,In Progress,London,Engineering
APP-0393,Applicant 393,2026-08-13,7,Masters,Final,85,99,In Progress,Remote,Product
APP-0394,Applicant 394,2026-08-12,14,PhD,HR,98,75,In Progress,Austin,Marketing
APP-0395,Applicant 395,2026-08-11,6,High School,Technical,70,92,Offer,New York,Sales
APP-0396,Applicant 396,2026-08-10,13,Bachelors,Screening,83,68,Rejected,San Francisco,Engineering
APP-0397,Applicant 397,2026-08-09,5,Masters,Final,96,85,In Progress,London,Product
APP-0398,Applicant 398,2026-08-08,12,PhD,HR,68,61,In Progress,Remote,Marketing
APP-0399,Applicant 399,2026-08-07,4,High School,Technical,81,78,In Progress,Austin,Sales
APP-0400,Applicant 400,2026-08-06,11,Bachelors,Screening,94,95,Offer,New York,Engineering
APP-0401,Applicant 401,2026-08-05,3,Masters,Final,66,71,Rejected,San Francisco,Product
APP-0402,Applicant 402,2026-08-04,10,PhD,HR,79,88,In Progress,London,Marketing
APP-0403,Applicant 403,2026-08-03,2,High School,Technical,92,64,In Progress,Remote,Sales
APP-0404,Applicant 404,2026-08-02,9,Bachelors,Screening,64,81,In Progress,Austin,Engineering
APP-0405,Applicant 405,2026-08-01,1,Masters,Final,77,98,Offer,New York,Product
APP-0406,Applicant 406,2026-07-31,8,PhD,HR,90,74,Rejected,San Francisco,Marketing
APP-0407,Applicant 407,2026-07-30,15,High School,Technical,62,91,In Progress,London,Sales
APP-0408,Applicant 408,2026-07-29,7,Bachelors,Screening,75,67,In Progress,Remote,Engineering
APP-0409,Applicant 409,2026-07-28,14,Masters,Final,88,84,In Progress,Austin,Product
APP-0410,Applicant 410,2026-07-27,6,PhD,HR,60,60,Offer,New York,Marketing
APP-0411,Applicant 411,2026-07-26,13,High School,Technical,73,77,Rejected,San Francisco,Sales
APP-0412,Applicant 412,2026-07-25,5,Bachelors,Screening,86,94,In Progress,London,Engineering
APP-0413,Applicant 413,2026-07-24,12,Masters,Final,99,70,In Progress,Remote,Product
APP-0414,Applicant 414,2026-07-23,4,PhD,HR,71,87,In Progress,Austin,Marketing
APP-0415,Applicant 415,2026-07-22,11,High School,Technical,84,63,Offer,New York,Sales
APP-0416,Applicant 416,2026-07-21,3,Bachelors,Screening,97,80,Rejected,San Francisco,Engineering
APP-0417,Applicant 417,2026-07-20,10,Masters,Final,69,97,In Progress,London,Product
APP-0418,Applicant 418,2026-07-19,2,PhD,HR,82,73,In Progress,Remote,Marketing
APP-0419,Applicant 419,2026-07-18,9,High School,Technical,95,90,In Progress,Austin,Sales
APP-0420,Applicant 420,2026-07-17,1,Bachelors,Screening,67,66,Offer,New York,Engineering
APP-0421,Applicant 421,2026-07-16,8,Masters,Final,80,83,Rejected,San Francisco,Product
APP-0422,Applicant 422,2026-07-15,15,PhD,HR,93,100,In Progress,London,Marketing
APP-0423,Applicant 423,2026-07-14,7,High School,Technical,65,76,In Progress,Remote,Sales
APP-0424,Applicant 424,2026-07-13,14,Bachelors,Screening,78,93,In Progress,Austin,Engineering
APP-0425,Applicant 425,2026-07-12,6,Masters,Final,91,69,Offer,New York,Product
APP-0426,Applicant 426,2026-07-11,13,PhD,HR,63,86,Rejected,San Francisco,Marketing
APP-0427,Applicant 427,2026-07-10,5,High School,Technical,76,62,In Progress,London,Sales
APP-0428,Applicant 428,2026-07-09,12,Bachelors,Screening,89,79,In Progress,Remote,Engineering
APP-0429,Applicant 429,2026-07-08,4,Masters,Final,61,96,In Progress,Austin,Product
APP-0430,Applicant 430,2026-07-07,11,PhD,HR,74,72,Offer,New York,Marketing
APP-0431,Applicant 431,2026-07-06,3,High School,Technical,87,89,Rejected,San Francisco,Sales
APP-0432,Applicant 432,2026-07-05,10,Bachelors,Screening,100,65,In Progress,London,Engineering
APP-0433,Applicant 433,2026-07-04,2,Masters,Final,72,82,In Progress,Remote,Product
APP-0434,Applicant 434,2026-07-03,9,PhD,HR,85,99,In Progress,Austin,Marketing
APP-0435,Applicant 435,2026-07-02,1,High School,Technical,98,75,Offer,New York,Sales
APP-0436,Applicant 436,2026-07-01,8,Bachelors,Screening,70,92,Rejected,San Francisco,Engineering
APP-0437,Applicant 437,2026-06-30,15,Masters,Final,83,68,In Progress,London,Product
APP-0438,Applicant 438,2026-06-29,7,PhD,HR,96,85,In Progress,Remote,Marketing
APP-0439,Applicant 439,2026-06-28,14,High School,Technical,68,61,In Progress,Austin,Sales
APP-0440,Applicant 440,2026-06-27,6,Bachelors,Screening,81,78,Offer,New York,Engineering
APP-0441,Applicant 441,2026-06-26,13,Masters,Final,94,95,Rejected,San Francisco,Product
APP-0442,Applicant 442,2026-06-25,5,PhD,HR,66,71,In Progress,London,Marketing
APP-0443,Applicant 443,2026-06-24,12,High School,Technical,79,88,In Progress,Remote,Sales
APP-0444,Applicant 444,2026-06-23,4,Bachelors,Screening,92,64,In Progress,Austin,Engineering
APP-0445,Applicant 445,2026-06-22,11,Masters,Final,64,81,Offer,New York,Product
APP-0446,Applicant 446,2026-06-21,3,PhD,HR,77,98,Rejected,San Francisco,Marketing
APP-0447,Applicant 447,2026-06-20,10,High School,Technical,90,74,In Progress,London,Sales
APP-0448,Applicant 448,2026-06-19,2,Bachelors,Screening,62,91,In Progress,Remote,Engineering
APP-0449,Applicant 449,2026-06-18,9,Masters,Final,75,67,In Progress,Austin,Product
APP-0450,Applicant 450,2026-06-17,1,PhD,HR,88,84,Offer,New York,Marketing
APP-0451,Applicant 451,2026-06-16,8,High School,Technical,60,60,Rejected,San Francisco,Sales
APP-0452,Applicant 452,2026-06-15,15,Bachelors,Screening,73,77,In Progress,London,Engineering
APP-0453,Applicant 453,2026-06-14,7,Masters,Final,86,94,In Progress,Remote,Product
APP-0454,Applicant 454,2026-06-13,14,PhD,HR,99,70,In Progress,Austin,Marketing
APP-0455,Applicant 455,2026-06-12,6,High School,Technical,71,87,Offer,New York,Sales
APP-0456,Applicant 456,2026-06-11,13,Bachelors,Screening,84,63,Rejected,San Francisco,Engineering
APP-0457,Applicant 457,2026-06-10,5,Masters,Final,97,80,In Progress,London,Product
APP-0458,Applicant 458,2026-06-09,12,PhD,HR,69,97,In Progress,Remote,Marketing
APP-0459,Applicant 459,2026-06-08,4,High School,Technical,82,73,In Progress,Austin,Sales
APP-0460,Applicant 460,2026-06-07,11,Bachelors,Screening,95,90,Offer,New York,Engineering
APP-0461,Applicant 461,2026-06-06,3,Masters,Final,67,66,Rejected,San Francisco,Product
APP-0462,Applicant 462,2026-06-05,10,PhD,HR,80,83,In Progress,London,Marketing
APP-0463,Applicant 463,2026-06-04,2,High School,Technical,93,100,In Progress,Remote,Sales
APP-0464,Applicant 464,2026-06-03,9,Bachelors,Screening,65,76,In Progress,Austin,Engineering
APP-0465,Applicant 465,2026-06-02,1,Masters,Final,78,93,Offer,New York,Product
APP-0466,Applicant 466,2026-06-01,8,PhD,HR,91,69,Rejected,San Francisco,Marketing
APP-0467,Applicant 467,2026-05-31,15,High School,Technical,63,86,In Progress,London,Sales
APP-0468,Applicant 468,2026-05-30,7,Bachelors,Screening,76,62,In Progress,Remote,Engineering
APP-0469,Applicant 469,2026-05-29,14,Masters,Final,89,79,In Progress,Austin,Product
APP-0470,Applicant 470,2026-05-28,6,PhD,HR,61,96,Offer,New York,Marketing
APP-0471,Applicant 471,2026-05-27,13,High School,Technical,74,72,Rejected,San Francisco,Sales
APP-0472,Applicant 472,2026-05-26,5,Bachelors,Screening,87,89,In Progress,London,Engineering
APP-0473,Applicant 473,2026-05-25,12,Masters,Final,100,65,In Progress,Remote,Product
APP-0474,Applicant 474,2026-05-24,4,PhD,HR,72,82,In Progress,Austin,Marketing
APP-0475,Applicant 475,2026-05-23,11,High School,Technical,85,99,Offer,New York,Sales
APP-0476,Applicant 476,2026-05-22,3,Bachelors,Screening,98,75,Rejected,San Francisco,Engineering
APP-0477,Applicant 477,2026-05-21,10,Masters,Final,70,92,In Progress,London,Product
APP-0478,Applicant 478,2026-05-20,2,PhD,HR,83,68,In Progress,Remote,Marketing
APP-0479,Applicant 479,2026-05-19,9,High School,Technical,96,85,In Progress,Austin,Sales
APP-0480,Applicant 480,2026-05-18,1,Bachelors,Screening,68,61,Offer,New York,Engineering
APP-0481,Applicant 481,2026-05-17,8,Masters,Final,81,78,Rejected,San Francisco,Product
APP-0482,Applicant 482,2026-05-16,15,PhD,HR,94,95,In Progress,London,Marketing
APP-0483,Applicant 483,2026-05-15,7,High School,Technical,66,71,In Progress,Remote,Sales
APP-0484,Applicant 484,2026-05-14,14,Bachelors,Screening,79,88,In Progress,Austin,Engineering
APP-0485,Applicant 485,2026-05-13,6,Masters,Final,92,64,Offer,New York,Product
APP-0486,Applicant 486,2026-05-12,13,PhD,HR,64,81,Rejected,San Francisco,Marketing
APP-0487,Applicant 487,2026-05-11,5,High School,Technical,77,98,In Progress,London,Sales
APP-0488,Applicant 488,2026-05-10,12,Bachelors,Screening,90,74,In Progress,Remote,Engineering
APP-0489,Applicant 489,2026-05-09,4,Masters,Final,62,91,In Progress,Austin,Product
APP-0490,Applicant 490,2026-05-08,11,PhD,HR,75,67,Offer,New York,Marketing
APP-0491,Applicant 491,2026-05-07,3,High School,Technical,88,84,Rejected,San Francisco,Sales
APP-0492,Applicant 492,2026-05-06,10,Bachelors,Screening,60,60,In Progress,London,Engineering
APP-0493,Applicant 493,2026-05-05,2,Masters,Final,73,77,In Progress,Remote,Product
APP-0494,Applicant 494,2026-05-04,9,PhD,HR,86,94,In Progress,Austin,Marketing
APP-0495,Applicant 495,2026-05-03,1,High School,Technical,99,70,Offer,New York,Sales
APP-0496,Applicant 496,2026-05-02,8,Bachelors,Screening,71,87,Rejected,San Francisco,Engineering
APP-0497,Applicant 497,2026-05-01,15,Masters,Final,84,63,In Progress,London,Product
APP-0498,Applicant 498,2026-04-30,7,PhD,HR,97,80,In Progress,Remote,Marketing
APP-0499,Applicant 499,2026-04-29,14,High School,Technical,69,97,In Progress,Austin,Sales
APP-0500,Applicant 500,2026-04-28,6,Bachelors,Screening,82,73,Offer,New York,Engineering
APP-0501,Applicant 501,2026-04-27,13,Masters,Final,95,90,Rejected,San Francisco,Product
APP-0502,Applicant 502,2026-04-26,5,PhD,HR,67,66,In Progress,London,Marketing
APP-0503,Applicant 503,2026-04-25,12,High School,Technical,80,83,In Progress,Remote,Sales
APP-0504,Applicant 504,2026-04-24,4,Bachelors,Screening,93,100,In Progress,Austin,Engineering
APP-0505,Applicant 505,2026-04-23,11,Masters,Final,65,76,Offer,New York,Product
APP-0506,Applicant 506,2026-04-22,3,PhD,HR,78,93,Rejected,San Francisco,Marketing
APP-0507,Applicant 507,2026-04-21,10,High School,Technical,91,69,In Progress,London,Sales
APP-0508,Applicant 508,2026-04-20,2,Bachelors,Screening,63,86,In Progress,Remote,Engineering
APP-0509,Applicant 509,2026-04-19,9,Masters,Final,76,62,In Progress,Austin,Product
APP-0510,Applicant 510,2026-04-18,1,PhD,HR,89,79,Offer,New York,Marketing
APP-0511,Applicant 511,2026-04-17,8,High School,Technical,61,96,Rejected,San Francisco,Sales
APP-0512,Applicant 512,2026-04-16,15,Bachelors,Screening,74,72,In Progress,London,Engineering
APP-0513,Applicant 513,2026-04-15,7,Masters,Final,87,89,In Progress,Remote,Product
APP-0514,Applicant 514,2026-04-14,14,PhD,HR,100,65,In Progress,Austin,Marketing
APP-0515,Applicant 515,2026-04-13,6,High School,Technical,72,82,Offer,New York,Sales
APP-0516,Applicant 516,2026-04-12,13,Bachelors,Screening,85,99,Rejected,San Francisco,Engineering
APP-0517,Applicant 517,2026-04-11,5,Masters,Final,98,75,In Progress,London,Product
APP-0518,Applicant 518,2026-04-10,12,PhD,HR,70,92,In Progress,Remote,Marketing
APP-0519,Applicant 519,2026-04-09,4,High School,Technical,83,68,In Progress,Austin,Sales
APP-0520,Applicant 520,2026-04-08,11,Bachelors,Screening,96,85,Offer,New York,Engineering
APP-0521,Applicant 521,2026-04-07,3,Masters,Final,68,61,Rejected,San Francisco,Product
APP-0522,Applicant 522,2026-04-06,10,PhD,HR,81,78,In Progress,London,Marketing
APP-0523,Applicant 523,2026-04-05,2,High School,Technical,94,95,In Progress,Remote,Sales
APP-0524,Applicant 524,2026-04-04,9,Bachelors,Screening,66,71,In Progress,Austin,Engineering
APP-0525,Applicant 525,2026-04-03,1,Masters,Final,79,88,Offer,New York,Product
APP-0526,Applicant 526,2026-04-02,8,PhD,HR,92,64,Rejected,San Francisco,Marketing
APP-0527,Applicant 527,2026-04-01,15,High School,Technical,64,81,In Progress,London,Sales
APP-0528,Applicant 528,2026-03-31,7,Bachelors,Screening,77,98,In Progress,Remote,Engineering
APP-0529,Applicant 529,2026-03-30,14,Masters,Final,90,74,In Progress,Austin,Product
APP-0530,Applicant 530,2026-03-29,6,PhD,HR,62,91,Offer,New York,Marketing
APP-0531,Applicant 531,2026-03-28,13,High School,Technical,75,67,Rejected,San Francisco,Sales
APP-0532,Applicant 532,2026-03-27,5,Bachelors,Screening,88,84,In Progress,London,Engineering
APP-0533,Applicant 533,2026-03-26,12,Masters,Final,60,60,In Progress,Remote,Product
APP-0534,Applicant 534,2026-03-25,4,PhD,HR,73,77,In Progress,Austin,Marketing
APP-0535,Applicant 535,2026-03-24,11,High School,Technical,86,94,Offer,New York,Sales
APP-0536,Applicant 536,2026-03-23,3,Bachelors,Screening,99,70,Rejected,San Francisco,Engineering
APP-0537,Applicant 537,2026-03-22,10,Masters,Final,71,87,In Progress,London,Product
APP-0538,Applicant 538,2026-03-21,2,PhD,HR,84,63,In Progress,Remote,Marketing
APP-0539,Applicant 539,2026-03-20,9,High School,Technical,97,80,In Progress,Austin,Sales
APP-0540,Applicant 540,2026-03-19,1,Bachelors,Screening,69,97,Offer,New York,Engineering
APP-0541,Applicant 541,2026-03-18,8,Masters,Final,82,73,Rejected,San Francisco,Product
APP-0542,Applicant 542,2026-03-17,15,PhD,HR,95,90,In Progress,London,Marketing
APP-0543,Applicant 543,2026-03-16,7,High School,Technical,67,66,In Progress,Remote,Sales
APP-0544,Applicant 544,2026-03-15,14,Bachelors,Screening,80,83,In Progress,Austin,Engineering
APP-0545,Applicant 545,2026-03-14,6,Masters,Final,93,100,Offer,New York,Product
APP-0546,Applicant 546,2026-03-13,13,PhD,HR,65,76,Rejected,San Francisco,Marketing
APP-0547,Applicant 547,2026-03-12,5,High School,Technical,78,93,In Progress,London,Sales
APP-0548,Applicant 548,2026-03-11,12,Bachelors,Screening,91,69,In Progress,Remote,Engineering
APP-0549,Applicant 549,2026-03-10,4,Masters,Final,63,86,In Progress,Austin,Product
APP-0550,Applicant 550,2026-03-09,11,PhD,HR,76,62,Offer,New York,Marketing
APP-0551,Applicant 551,2026-03-08,3,High School,Technical,89,79,Rejected,San Francisco,Sales
APP-0552,Applicant 552,2026-03-07,10,Bachelors,Screening,61,96,In Progress,London,Engineering
APP-0553,Applicant 553,2026-03-06,2,Masters,Final,74,72,In Progress,Remote,Product
APP-0554,Applicant 554,2026-03-05,9,PhD,HR,87,89,In Progress,Austin,Marketing
APP-0555,Applicant 555,2026-03-04,1,High School,Technical,100,65,Offer,New York,Sales
APP-0556,Applicant 556,2026-03-03,8,Bachelors,Screening,72,82,Rejected,San Francisco,Engineering
APP-0557,Applicant 557,2026-03-02,15,Masters,Final,85,99,In Progress,London,Product
APP-0558,Applicant 558,2026-03-01,7,PhD,HR,98,75,In Progress,Remote,Marketing
APP-0559,Applicant 559,2026-02-28,14,High School,Technical,70,92,In Progress,Austin,Sales
APP-0560,Applicant 560,2026-02-27,6,Bachelors,Screening,83,68,Offer,New York,Engineering
APP-0561,Applicant 561,2026-02-26,13,Masters,Final,96,85,Rejected,San Francisco,Product
APP-0562,Applicant 562,2026-02-25,5,PhD,HR,68,61,In Progress,London,Marketing
APP-0563,Applicant 563,2026-02-24,12,High School,Technical,81,78,In Progress,Remote,Sales
APP-0564,Applicant 564,2026-02-23,4,Bachelors,Screening,94,95,In Progress,Austin,Engineering
APP-0565,Applicant 565,2026-02-22,11,Masters,Final,66,71,Offer,New York,Product
APP-0566,Applicant 566,2026-02-21,3,PhD,HR,79,88,Rejected,San Francisco,Marketing
APP-0567,Applicant 567,2026-02-20,10,High School,Technical,92,64,In Progress,London,Sales
APP-0568,Applicant 568,2026-02-19,2,Bachelors,Screening,64,81,In Progress,Remote,Engineering
APP-0569,Applicant 569,2026-02-18,9,Masters,Final,77,98,In Progress,Austin,Product
APP-0570,Applicant 570,2026-02-17,1,PhD,HR,90,74,Offer,New York,Marketing
APP-0571,Applicant 571,2026-02-16,8,High School,Technical,62,91,Rejected,San Francisco,Sales
APP-0572,Applicant 572,2026-02-15,15,Bachelors,Screening,75,67,In Progress,London,Engineering
APP-0573,Applicant 573,2026-02-14,7,Masters,Final,88,84,In Progress,Remote,Product
APP-0574,Applicant 574,2026-02-13,14,PhD,HR,60,60,In Progress,Austin,Marketing
APP-0575,Applicant 575,2026-02-12,6,High School,Technical,73,77,Offer,New York,Sales
APP-0576,Applicant 576,2026-02-11,13,Bachelors,Screening,86,94,Rejected,San Francisco,Engineering
APP-0577,Applicant 577,2026-02-10,5,Masters,Final,99,70,In Progress,London,Product
APP-0578,Applicant 578,2026-02-09,12,PhD,HR,71,87,In Progress,Remote,Marketing
APP-0579,Applicant 579,2026-02-08,4,High School,Technical,84,63,In Progress,Austin,Sales
APP-0580,Applicant 580,2026-02-07,11,Bachelors,Screening,97,80,Offer,New York,Engineering
APP-0581,Applicant 581,2026-02-06,3,Masters,Final,69,97,Rejected,San Francisco,Product
APP-0582,Applicant 582,2026-02-05,10,PhD,HR,82,73,In Progress,London,Marketing
APP-0583,Applicant 583,2026-02-04,2,High School,Technical,95,90,In Progress,Remote,Sales
APP-0584,Applicant 584,2026-02-03,9,Bachelors,Screening,67,66,In Progress,Austin,Engineering
APP-0585,Applicant 585,2026-02-02,1,Masters,Final,80,83,Offer,New York,Product
APP-0586,Applicant 586,2026-02-01,8,PhD,HR,93,100,Rejected,San Francisco,Marketing
APP-0587,Applicant 587,2026-01-31,15,High School,Technical,65,76,In Progress,London,Sales
APP-0588,Applicant 588,2026-01-30,7,Bachelors,Screening,78,93,In Progress,Remote,Engineering
APP-0589,Applicant 589,2026-01-29,14,Masters,Final,91,69,In Progress,Austin,Product
APP-0590,Applicant 590,2026-01-28,6,PhD,HR,63,86,Offer,New York,Marketing
APP-0591,Applicant 591,2026-01-27,13,High School,Technical,76,62,Rejected,San Francisco,Sales
APP-0592,Applicant 592,2026-01-26,5,Bachelors,Screening,89,79,In Progress,London,Engineering
APP-0593,Applicant 593,2026-01-25,12,Masters,Final,61,96,In Progress,Remote,Product
APP-0594,Applicant 594,2026-01-24,4,PhD,HR,74,72,In Progress,Austin,Marketing
APP-0595,Applicant 595,2026-01-23,11,High School,Technical,87,89,Offer,New York,Sales
APP-0596,Applicant 596,2026-01-22,3,Bachelors,Screening,100,65,Rejected,San Francisco,Engineering
APP-0597,Applicant 597,2026-01-21,10,Masters,Final,72,82,In Progress,London,Product
APP-0598,Applicant 598,2026-01-20,2,PhD,HR,85,99,In Progress,Remote,Marketing
APP-0599,Applicant 599,2026-01-19,9,High School,Technical,98,75,In Progress,Austin,Sales
APP-0600,Applicant 600,2026-01-18,1,Bachelors,Screening,70,92,Offer,New York,Engineering
APP-0601,Applicant 601,2026-01-17,8,Masters,Final,83,68,Rejected,San Francisco,Product
APP-0602,Applicant 602,2026-01-16,15,PhD,HR,96,85,In Progress,London,Marketing
APP-0603,Applicant 603,2026-01-15,7,High School,Technical,68,61,In Progress,Remote,Sales
APP-0604,Applicant 604,2026-01-14,14,Bachelors,Screening,81,78,In Progress,Austin,Engineering
APP-0605,Applicant 605,2026-01-13,6,Masters,Final,94,95,Offer,New York,Product
APP-0606,Applicant 606,2026-01-12,13,PhD,HR,66,71,Rejected,San Francisco,Marketing
APP-0607,Applicant 607,2026-01-11,5,High School,Technical,79,88,In Progress,London,Sales
APP-0608,Applicant 608,2026-01-10,12,Bachelors,Screening,92,64,In Progress,Remote,Engineering
APP-0609,Applicant 609,2026-01-09,4,Masters,Final,64,81,In Progress,Austin,Product
APP-0610,Applicant 610,2026-01-08,11,PhD,HR,77,98,Offer,New York,Marketing
APP-0611,Applicant 611,2026-01-07,3,High School,Technical,90,74,Rejected,San Francisco,Sales
APP-0612,Applicant 612,2026-01-06,10,Bachelors,Screening,62,91,In Progress,London,Engineering
APP-0613,Applicant 613,2026-01-05,2,Masters,Final,75,67,In Progress,Remote,Product
APP-0614,Applicant 614,2026-01-04,9,PhD,HR,88,84,In Progress,Austin,Marketing
APP-0615,Applicant 615,2026-01-03,1,High School,Technical,60,60,Offer,New York,Sales
APP-0616,Applicant 616,2026-01-02,8,Bachelors,Screening,73,77,Rejected,San Francisco,Engineering
APP-0617,Applicant 617,2026-01-01,15,Masters,Final,86,94,In Progress,London,Product
APP-0618,Applicant 618,2025-12-31,7,PhD,HR,99,70,In Progress,Remote,Marketing
APP-0619,Applicant 619,2025-12-30,14,High School,Technical,71,87,In Progress,Austin,Sales
APP-0620,Applicant 620,2025-12-29,6,Bachelors,Screening,84,63,Offer,New York,Engineering
APP-0621,Applicant 621,2025-12-28,13,Masters,Final,97,80,Rejected,San Francisco,Product
APP-0622,Applicant 622,2025-12-27,5,PhD,HR,69,97,In Progress,London,Marketing
APP-0623,Applicant 623,2025-12-26,12,High School,Technical,82,73,In Progress,Remote,Sales
APP-0624,Applicant 624,2025-12-25,4,Bachelors,Screening,95,90,In Progress,Austin,Engineering
APP-0625,Applicant 625,2025-12-24,11,Masters,Final,67,66,Offer,New York,Product
APP-0626,Applicant 626,2025-12-23,3,PhD,HR,80,83,Rejected,San Francisco,Marketing
APP-0627,Applicant 627,2025-12-22,10,High School,Technical,93,100,In Progress,London,Sales
APP-0628,Applicant 628,2025-12-21,2,Bachelors,Screening,65,76,In Progress,Remote,Engineering
APP-0629,Applicant 629,2025-12-20,9,Masters,Final,78,93,In Progress,Austin,Product
APP-0630,Applicant 630,2025-12-19,1,PhD,HR,91,69,Offer,New York,Marketing
APP-0631,Applicant 631,2025-12-18,8,High School,Technical,63,86,Rejected,San Francisco,Sales
APP-0632,Applicant 632,2025-12-17,15,Bachelors,Screening,76,62,In Progress,London,Engineering
APP-0633,Applicant 633,2025-12-16,7,Masters,Final,89,79,In Progress,Remote,Product
APP-0634,Applicant 634,2025-12-15,14,PhD,HR,61,96,In Progress,Austin,Marketing
APP-0635,Applicant 635,2025-12-14,6,High School,Technical,74,72,Offer,New York,Sales
APP-0636,Applicant 636,2025-12-13,13,Bachelors,Screening,87,89,Rejected,San Francisco,Engineering
APP-0637,Applicant 637,2025-12-12,5,Masters,Final,100,65,In Progress,London,Product
APP-0638,Applicant 638,2025-12-11,12,PhD,HR,72,82,In Progress,Remote,Marketing
APP-0639,Applicant 639,2025-12-10,4,High School,Technical,85,99,In Progress,Austin,Sales
APP-0640,Applicant 640,2025-12-09,11,Bachelors,Screening,98,75,Offer,New York,Engineering
APP-0641,Applicant 641,2025-12-08,3,Masters,Final,70,92,Rejected,San Francisco,Product
APP-0642,Applicant 642,2025-12-07,10,PhD,HR,83,68,In Progress,London,Marketing
APP-0643,Applicant 643,2025-12-06,2,High School,Technical,96,85,In Progress,Remote,Sales
APP-0644,Applicant 644,2025-12-05,9,Bachelors,Screening,68,61,In Progress,Austin,Engineering
APP-0645,Applicant 645,2025-12-04,1,Masters,Final,81,78,Offer,New York,Product
APP-0646,Applicant 646,2025-12-03,8,PhD,HR,94,95,Rejected,San Francisco,Marketing
APP-0647,Applicant 647,2025-12-02,15,High School,Technical,66,71,In Progress,London,Sales
APP-0648,Applicant 648,2025-12-01,7,Bachelors,Screening,79,88,In Progress,Remote,Engineering
APP-0649,Applicant 649,2025-11-30,14,Masters,Final,92,64,In Progress,Austin,Product
APP-0650,Applicant 650,2025-11-29,6,PhD,HR,64,81,Offer,New York,Marketing
APP-0651,Applicant 651,2025-11-28,13,High School,Technical,77,98,Rejected,San Francisco,Sales
APP-0652,Applicant 652,2025-11-27,5,Bachelors,Screening,90,74,In Progress,London,Engineering
APP-0653,Applicant 653,2025-11-26,12,Masters,Final,62,91,In Progress,Remote,Product
APP-0654,Applicant 654,2025-11-25,4,PhD,HR,75,67,In Progress,Austin,Marketing
APP-0655,Applicant 655,2025-11-24,11,High School,Technical,88,84,Offer,New York,Sales
APP-0656,Applicant 656,2025-11-23,3,Bachelors,Screening,60,60,Rejected,San Francisco,Engineering
APP-0657,Applicant 657,2025-11-22,10,Masters,Final,73,77,In Progress,London,Product
APP-0658,Applicant 658,2025-11-21,2,PhD,HR,86,94,In Progress,Remote,Marketing
APP-0659,Applicant 659,2025-11-20,9,High School,Technical,99,70,In Progress,Austin,Sales
APP-0660,Applicant 660,2025-11-19,1,Bachelors,Screening,71,87,Offer,New York,Engineering
APP-0661,Applicant 661,2025-11-18,8,Masters,Final,84,63,Rejected,San Francisco,Product
APP-0662,Applicant 662,2025-11-17,15,PhD,HR,97,80,In Progress,London,Marketing
APP-0663,Applicant 663,2025-11-16,7,High School,Technical,69,97,In Progress,Remote,Sales
APP-0664,Applicant 664,2025-11-15,14,Bachelors,Screening,82,73,In Progress,Austin,Engineering
APP-0665,Applicant 665,2025-11-14,6,Masters,Final,95,90,Offer,New York,Product
APP-0666,Applicant 666,2025-11-13,13,PhD,HR,67,66,Rejected,San Francisco,Marketing
APP-0667,Applicant 667,2025-11-12,5,High School,Technical,80,83,In Progress,London,Sales
APP-0668,Applicant 668,2025-11-11,12,Bachelors,Screening,93,100,In Progress,Remote,Engineering
APP-0669,Applicant 669,2025-11-10,4,Masters,Final,65,76,In Progress,Austin,Product
APP-0670,Applicant 670,2025-11-09,11,PhD,HR,78,93,Offer,New York,Marketing
APP-0671,Applicant 671,2025-11-08,3,High School,Technical,91,69,Rejected,San Francisco,Sales
APP-0672,Applicant 672,2025-11-07,10,Bachelors,Screening,63,86,In Progress,London,Engineering
APP-0673,Applicant 673,2025-11-06,2,Masters,Final,76,62,In Progress,Remote,Product
APP-0674,Applicant 674,2025-11-05,9,PhD,HR,89,79,In Progress,Austin,Marketing
APP-0675,Applicant 675,2025-11-04,1,High School,Technical,61,96,Offer,New York,Sales
APP-0676,Applicant 676,2025-11-03,8,Bachelors,Screening,74,72,Rejected,San Francisco,Engineering
APP-0677,Applicant 677,2025-11-02,15,Masters,Final,87,89,In Progress,London,Product
APP-0678,Applicant 678,2025-11-01,7,PhD,HR,100,65,In Progress,Remote,Marketing
APP-0679,Applicant 679,2025-10-31,14,High School,Technical,72,82,In Progress,Austin,Sales
APP-0680,Applicant 680,2025-10-30,6,Bachelors,Screening,85,99,Offer,New York,Engineering
APP-0681,Applicant 681,2025-10-29,13,Masters,Final,98,75,Rejected,San Francisco,Product
APP-0682,Applicant 682,2025-10-28,5,PhD,HR,70,92,In Progress,London,Marketing
APP-0683,Applicant 683,2025-10-27,12,High School,Technical,83,68,In Progress,Remote,Sales
APP-0684,Applicant 684,2025-10-26,4,Bachelors,Screening,96,85,In Progress,Austin,Engineering
APP-0685,Applicant 685,2025-10-25,11,Masters,Final,68,61,Offer,New York,Product
APP-0686,Applicant 686,2025-10-24,3,PhD,HR,81,78,Rejected,San Francisco,Marketing
APP-0687,Applicant 687,2025-10-23,10,High School,Technical,94,95,In Progress,London,Sales
APP-0688,Applicant 688,2025-10-22,2,Bachelors,Screening,66,71,In Progress,Remote,Engineering
APP-0689,Applicant 689,2025-10-21,9,Masters,Final,79,88,In Progress,Austin,Product
APP-0690,Applicant 690,2025-10-20,1,PhD,HR,92,64,Offer,New York,Marketing
APP-0691,Applicant 691,2025-10-19,8,High School,Technical,64,81,Rejected,San Francisco,Sales
APP-0692,Applicant 692,2025-10-18,15,Bachelors,Screening,77,98,In Progress,London,Engineering
APP-0693,Applicant 693,2025-10-17,7,Masters,Final,90,74,In Progress,Remote,Product
APP-0694,Applicant 694,2025-10-16,14,PhD,HR,62,91,In Progress,Austin,Marketing
APP-0695,Applicant 695,2025-10-15,6,High School,Technical,75,67,Offer,New York,Sales
APP-0696,Applicant 696,2025-10-14,13,Bachelors,Screening,88,84,Rejected,San Francisco,Engineering
APP-0697,Applicant 697,2025-10-13,5,Masters,Final,60,60,In Progress,London,Product
APP-0698,Applicant 698,2025-10-12,12,PhD,HR,73,77,In Progress,Remote,Marketing
APP-0699,Applicant 699,2025-10-11,4,High School,Technical,86,94,In Progress,Austin,Sales
APP-0700,Applicant 700,2025-10-10,11,Bachelors,Screening,99,70,Offer,New York,Engineering
APP-0701,Applicant 701,2025-10-09,3,Masters,Final,71,87,Rejected,San Francisco,Product
APP-0702,Applicant 702,2025-10-08,10,PhD,HR,84,63,In Progress,London,Marketing
APP-0703,Applicant 703,2025-10-07,2,High School,Technical,97,80,In Progress,Remote,Sales
APP-0704,Applicant 704,2025-10-06,9,Bachelors,Screening,69,97,In Progress,Austin,Engineering
APP-0705,Applicant 705,2025-10-05,1,Masters,Final,82,73,Offer,New York,Product
APP-0706,Applicant 706,2025-10-04,8,PhD,HR,95,90,Rejected,San Francisco,Marketing
APP-0707,Applicant 707,2025-10-03,15,High School,Technical,67,66,In Progress,London,Sales
APP-0708,Applicant 708,2025-10-02,7,Bachelors,Screening,80,83,In Progress,Remote,Engineering
APP-0709,Applicant 709,2025-10-01,14,Masters,Final,93,100,In Progress,Austin,Product
APP-0710,Applicant 710,2025-09-30,6,PhD,HR,65,76,Offer,New York,Marketing
APP-0711,Applicant 711,2025-09-29,13,High School,Technical,78,93,Rejected,San Francisco,Sales
APP-0712,Applicant 712,2025-09-28,5,Bachelors,Screening,91,69,In Progress,London,Engineering
APP-0713,Applicant 713,2025-09-27,12,Masters,Final,63,86,In Progress,Remote,Product
APP-0714,Applicant 714,2025-09-26,4,PhD,HR,76,62,In Progress,Austin,Marketing
APP-0715,Applicant 715,2025-09-25,11,High School,Technical,89,79,Offer,New York,Sales
APP-0716,Applicant 716,2025-09-24,3,Bachelors,Screening,61,96,Rejected,San Francisco,Engineering
APP-0717,Applicant 717,2025-09-23,10,Masters,Final,74,72,In Progress,London,Product
APP-0718,Applicant 718,2025-09-22,2,PhD,HR,87,89,In Progress,Remote,Marketing
APP-0719,Applicant 719,2025-09-21,9,High School,Technical,100,65,In Progress,Austin,Sales
APP-0720,Applicant 720,2025-09-20,1,Bachelors,Screening,72,82,Offer,New York,Engineering
APP-0721,Applicant 721,2025-09-19,8,Masters,Final,85,99,Rejected,San Francisco,Product
APP-0722,Applicant 722,2025-09-18,15,PhD,HR,98,75,In Progress,London,Marketing
APP-0723,Applicant 723,2025-09-17,7,High School,Technical,70,92,In Progress,Remote,Sales
APP-0724,Applicant 724,2025-09-16,14,Bachelors,Screening,83,68,In Progress,Austin,Engineering
APP-0725,Applicant 725,2025-09-15,6,Masters,Final,96,85,Offer,New York,Product
APP-0726,Applicant 726,2025-09-14,13,PhD,HR,68,61,Rejected,San Francisco,Marketing
APP-0727,Applicant 727,2025-09-13,5,High School,Technical,81,78,In Progress,London,Sales
APP-0728,Applicant 728,2025-09-12,12,Bachelors,Screening,94,95,In Progress,Remote,Engineering
APP-0729,Applicant 729,2025-09-11,4,Masters,Final,66,71,In Progress,Austin,Product
APP-0730,Applicant 730,2026-09-10,11,PhD,HR,79,88,Offer,New York,Marketing
APP-0731,Applicant 731,2026-09-09,3,High School,Technical,92,64,Rejected,San Francisco,Sales
APP-0732,Applicant 732,2026-09-08,10,Bachelors,Screening,64,81,In Progress,London,Engineering
APP-0733,Applicant 733,2026-09-07,2,Masters,Final,77,98,In Progress,Remote,Product
APP-0734,Applicant 734,2026-09-06,9,PhD,HR,90,74,In Progress,Austin,Marketing
APP-0735,Applicant 735,2026-09-05,1,High School,Technical,62,91,Offer,New York,Sales
APP-0736,Applicant 736,2026-09-04,8,Bachelors,Screening,75,67,Rejected,San Francisco,Engineering
APP-0737,Applicant 737,2026-09-03,15,Masters,Final,88,84,In Progress,London,Product
APP-0738,Applicant 738,2026-09-02,7,PhD,HR,60,60,In Progress,Remote,Marketing
APP-0739,Applicant 739,2026-09-01,14,High School,Technical,73,77,In Progress,Austin,Sales
APP-0740,Applicant 740,2026-08-31,6,Bachelors,Screening,86,94,Offer,New York,Engineering
APP-0741,Applicant 741,2026-08-30,13,Masters,Final,99,70,Rejected,San Francisco,Product
APP-0742,Applicant 742,2026-08-29,5,PhD,HR,71,87,In Progress,London,Marketing
APP-0743,Applicant 743,2026-08-28,12,High School,Technical,84,63,In Progress,Remote,Sales
APP-0744,Applicant 744,2026-08-27,4,Bachelors,Screening,97,80,In Progress,Austin,Engineering
APP-0745,Applicant 745,2026-08-26,11,Masters,Final,69,97,Offer,New York,Product
APP-0746,Applicant 746,2026-08-25,3,PhD,HR,82,73,Rejected,San Francisco,Marketing
APP-0747,Applicant 747,2026-08-24,10,High School,Technical,95,90,In Progress,London,Sales
APP-0748,Applicant 748,2026-08-23,2,Bachelors,Screening,67,66,In Progress,Remote,Engineering
APP-0749,Applicant 749,2026-08-22,9,Masters,Final,80,83,In Progress,Austin,Product
APP-0750,Applicant 750,2026-08-21,1,PhD,HR,93,100,Offer,New York,Marketing
APP-0751,Applicant 751,2026-08-20,8,High School,Technical,65,76,Rejected,San Francisco,Sales
APP-0752,Applicant 752,2026-08-19,15,Bachelors,Screening,78,93,In Progress,London,Engineering
APP-0753,Applicant 753,2026-08-18,7,Masters,Final,91,69,In Progress,Remote,Product
APP-0754,Applicant 754,2026-08-17,14,PhD,HR,63,86,In Progress,Austin,Marketing
APP-0755,Applicant 755,2026-08-16,6,High School,Technical,76,62,Offer,New York,Sales
APP-0756,Applicant 756,2026-08-15,13,Bachelors,Screening,89,79,Rejected,San Francisco,Engineering
APP-0757,Applicant 757,2026-08-14,5,Masters,Final,61,96,In Progress,London,Product
APP-0758,Applicant 758,2026-08-13,12,PhD,HR,74,72,In Progress,Remote,Marketing
APP-0759,Applicant 759,2026-08-12,4,High School,Technical,87,89,In Progress,Austin,Sales
APP-0760,Applicant 760,2026-08-11,11,Bachelors,Screening,100,65,Offer,New York,Engineering
APP-0761,Applicant 761,2026-08-10,3,Masters,Final,72,82,Rejected,San Francisco,Product
APP-0762,Applicant 762,2026-08-09,10,PhD,HR,85,99,In Progress,London,Marketing
APP-0763,Applicant 763,2026-08-08,2,High School,Technical,98,75,In Progress,Remote,Sales
APP-0764,Applicant 764,2026-08-07,9,Bachelors,Screening,70,92,In Progress,Austin,Engineering
APP-0765,Applicant 765,2026-08-06,1,Masters,Final,83,68,Offer,New York,Product
APP-0766,Applicant 766,2026-08-05,8,PhD,HR,96,85,Rejected,San Francisco,Marketing
APP-0767,Applicant 767,2026-08-04,15,High School,Technical,68,61,In Progress,London,Sales
APP-0768,Applicant 768,2026-08-03,7,Bachelors,Screening,81,78,In Progress,Remote,Engineering
APP-0769,Applicant 769,2026-08-02,14,Masters,Final,94,95,In Progress,Austin,Product
APP-0770,Applicant 770,2026-08-01,6,PhD,HR,66,71,Offer,New York,Marketing
APP-0771,Applicant 771,2026-07-31,13,High School,Technical,79,88,Rejected,San Francisco,Sales
APP-0772,Applicant 772,2026-07-30,5,Bachelors,Screening,92,64,In Progress,London,Engineering
APP-0773,Applicant 773,2026-07-29,12,Masters,Final,64,81,In Progress,Remote,Product
APP-0774,Applicant 774,2026-07-28,4,PhD,HR,77,98,In Progress,Austin,Marketing
APP-0775,Applicant 775,2026-07-27,11,High School,Technical,90,74,Offer,New York,Sales
APP-0776,Applicant 776,2026-07-26,3,Bachelors,Screening,62,91,Rejected,San Francisco,Engineering
APP-0777,Applicant 777,2026-07-25,10,Masters,Final,75,67,In Progress,London,Product
APP-0778,Applicant 778,2026-07-24,2,PhD,HR,88,84,In Progress,Remote,Marketing
APP-0779,Applicant 779,2026-07-23,9,High School,Technical,60,60,In Progress,Austin,Sales
APP-0780,Applicant 780,2026-07-22,1,Bachelors,Screening,73,77,Offer,New York,Engineering
APP-0781,Applicant 781,2026-07-21,8,Masters,Final,86,94,Rejected,San Francisco,Product
APP-0782,Applicant 782,2026-07-20,15,PhD,HR,99,70,In Progress,London,Marketing
APP-0783,Applicant 783,2026-07-19,7,High School,Technical,71,87,In Progress,Remote,Sales
APP-0784,Applicant 784,2026-07-18,14,Bachelors,Screening,84,63,In Progress,Austin,Engineering
APP-0785,Applicant 785,2026-07-17,6,Masters,Final,97,80,Offer,New York,Product
APP-0786,Applicant 786,2026-07-16,13,PhD,HR,69,97,Rejected,San Francisco,Marketing
APP-0787,Applicant 787,2026-07-15,5,High School,Technical,82,73,In Progress,London,Sales
APP-0788,Applicant 788,2026-07-14,12,Bachelors,Screening,95,90,In Progress,Remote,Engineering
APP-0789,Applicant 789,2026-07-13,4,Masters,Final,67,66,In Progress,Austin,Product
APP-0790,Applicant 790,2026-07-12,11,PhD,HR,80,83,Offer,New York,Marketing
APP-0791,Applicant 791,2026-07-11,3,High School,Technical,93,100,Rejected,San Francisco,Sales
APP-0792,Applicant 792,2026-07-10,10,Bachelors,Screening,65,76,In Progress,London,Engineering
APP-0793,Applicant 793,2026-07-09,2,Masters,Final,78,93,In Progress,Remote,Product
APP-0794,Applicant 794,2026-07-08,9,PhD,HR,91,69,In Progress,Austin,Marketing
APP-0795,Applicant 795,2026-07-07,1,High School,Technical,63,86,Offer,New York,Sales
APP-0796,Applicant 796,2026-07-06,8,Bachelors,Screening,76,62,Rejected,San Francisco,Engineering
APP-0797,Applicant 797,2026-07-05,15,Masters,Final,89,79,In Progress,London,Product
APP-0798,Applicant 798,2026-07-04,7,PhD,HR,61,96,In Progress,Remote,Marketing
APP-0799,Applicant 799,2026-07-03,14,High School,Technical,74,72,In Progress,Austin,Sales
APP-0800,Applicant 800,2026-07-02,6,Bachelors,Screening,87,89,Offer,New York,Engineering
APP-0801,Applicant 801,2026-07-01,13,Masters,Final,100,65,Rejected,San Francisco,Product
APP-0802,Applicant 802,2026-06-30,5,PhD,HR,72,82,In Progress,London,Marketing
APP-0803,Applicant 803,2026-06-29,12,High School,Technical,85,99,In Progress,Remote,Sales
APP-0804,Applicant 804,2026-06-28,4,Bachelors,Screening,98,75,In Progress,Austin,Engineering
APP-0805,Applicant 805,2026-06-27,11,Masters,Final,70,92,Offer,New York,Product
APP-0806,Applicant 806,2026-06-26,3,PhD,HR,83,68,Rejected,San Francisco,Marketing
APP-0807,Applicant 807,2026-06-25,10,High School,Technical,96,85,In Progress,London,Sales
APP-0808,Applicant 808,2026-06-24,2,Bachelors,Screening,68,61,In Progress,Remote,Engineering
APP-0809,Applicant 809,2026-06-23,9,Masters,Final,81,78,In Progress,Austin,Product
APP-0810,Applicant 810,2026-06-22,1,PhD,HR,94,95,Offer,New York,Marketing
APP-0811,Applicant 811,2026-06-21,8,High School,Technical,66,71,Rejected,San Francisco,Sales
APP-0812,Applicant 812,2026-06-20,15,Bachelors,Screening,79,88,In Progress,London,Engineering
APP-0813,Applicant 813,2026-06-19,7,Masters,Final,92,64,In Progress,Remote,Product
APP-0814,Applicant 814,2026-06-18,14,PhD,HR,64,81,In Progress,Austin,Marketing
APP-0815,Applicant 815,2026-06-17,6,High School,Technical,77,98,Offer,New York,Sales
APP-0816,Applicant 816,2026-06-16,13,Bachelors,Screening,90,74,Rejected,San Francisco,Engineering
APP-0817,Applicant 817,2026-06-15,5,Masters,Final,62,91,In Progress,London,Product
APP-0818,Applicant 818,2026-06-14,12,PhD,HR,75,67,In Progress,Remote,Marketing
APP-0819,Applicant 819,2026-06-13,4,High School,Technical,88,84,In Progress,Austin,Sales
APP-0820,Applicant 820,2026-06-12,11,Bachelors,Screening,60,60,Offer,New York,Engineering
APP-0821,Applicant 821,2026-06-11,3,Masters,Final,73,77,Rejected,San Francisco,Product
APP-0822,Applicant 822,2026-06-10,10,PhD,HR,86,94,In Progress,London,Marketing
APP-0823,Applicant 823,2026-06-09,2,High School,Technical,99,70,In Progress,Remote,Sales
APP-0824,Applicant 824,2026-06-08,9,Bachelors,Screening,71,87,In Progress,Austin,Engineering
APP-0825,Applicant 825,2026-06-07,1,Masters,Final,84,63,Offer,New York,Product
APP-0826,Applicant 826,2026-06-06,8,PhD,HR,97,80,Rejected,San Francisco,Marketing
APP-0827,Applicant 827,2026-06-05,15,High School,Technical,69,97,In Progress,London,Sales
APP-0828,Applicant 828,2026-06-04,7,Bachelors,Screening,82,73,In Progress,Remote,Engineering
APP-0829,Applicant 829,2026-06-03,14,Masters,Final,95,90,In Progress,Austin,Product
APP-0830,Applicant 830,2026-06-02,6,PhD,HR,67,66,Offer,New York,Marketing
APP-0831,Applicant 831,2026-06-01,13,High School,Technical,80,83,Rejected,San Francisco,Sales
APP-0832,Applicant 832,2026-05-31,5,Bachelors,Screening,93,100,In Progress,London,Engineering
APP-0833,Applicant 833,2026-05-30,12,Masters,Final,65,76,In Progress,Remote,Product
APP-0834,Applicant 834,2026-05-29,4,PhD,HR,78,93,In Progress,Austin,Marketing
APP-0835,Applicant 835,2026-05-28,11,High School,Technical,91,69,Offer,New York,Sales
APP-0836,Applicant 836,2026-05-27,3,Bachelors,Screening,63,86,Rejected,San Francisco,Engineering
APP-0837,Applicant 837,2026-05-26,10,Masters,Final,76,62,In Progress,London,Product
APP-0838,Applicant 838,2026-05-25,2,PhD,HR,89,79,In Progress,Remote,Marketing
APP-0839,Applicant 839,2026-05-24,9,High School,Technical,61,96,In Progress,Austin,Sales
APP-0840,Applicant 840,2026-05-23,1,Bachelors,Screening,74,72,Offer,New York,Engineering
APP-0841,Applicant 841,2026-05-22,8,Masters,Final,87,89,Rejected,San Francisco,Product
APP-0842,Applicant 842,2026-05-21,15,PhD,HR,100,65,In Progress,London,Marketing
APP-0843,Applicant 843,2026-05-20,7,High School,Technical,72,82,In Progress,Remote,Sales
APP-0844,Applicant 844,2026-05-19,14,Bachelors,Screening,85,99,In Progress,Austin,Engineering
APP-0845,Applicant 845,2026-05-18,6,Masters,Final,98,75,Offer,New York,Product
APP-0846,Applicant 846,2026-05-17,13,PhD,HR,70,92,Rejected,San Francisco,Marketing
APP-0847,Applicant 847,2026-05-16,5,High School,Technical,83,68,In Progress,London,Sales
APP-0848,Applicant 848,2026-05-15,12,Bachelors,Screening,96,85,In Progress,Remote,Engineering
APP-0849,Applicant 849,2026-05-14,4,Masters,Final,68,61,In Progress,Austin,Product
APP-0850,Applicant 850,2026-05-13,11,PhD,HR,81,78,Offer,New York,Marketing
APP-0851,Applicant 851,2026-05-12,3,High School,Technical,94,95,Rejected,San Francisco,Sales
APP-0852,Applicant 852,2026-05-11,10,Bachelors,Screening,66,71,In Progress,London,Engineering
APP-0853,Applicant 853,2026-05-10,2,Masters,Final,79,88,In Progress,Remote,Product
APP-0854,Applicant 854,2026-05-09,9,PhD,HR,92,64,In Progress,Austin,Marketing
APP-0855,Applicant 855,2026-05-08,1,High School,Technical,64,81,Offer,New York,Sales
APP-0856,Applicant 856,2026-05-07,8,Bachelors,Screening,77,98,Rejected,San Francisco,Engineering
APP-0857,Applicant 857,2026-05-06,15,Masters,Final,90,74,In Progress,London,Product
APP-0858,Applicant 858,2026-05-05,7,PhD,HR,62,91,In Progress,Remote,Marketing
APP-0859,Applicant 859,2026-05-04,14,High School,Technical,75,67,In Progress,Austin,Sales
APP-0860,Applicant 860,2026-05-03,6,Bachelors,Screening,88,84,Offer,New York,Engineering
APP-0861,Applicant 861,2026-05-02,13,Masters,Final,60,60,Rejected,San Francisco,Product
APP-0862,Applicant 862,2026-05-01,5,PhD,HR,73,77,In Progress,London,Marketing
APP-0863,Applicant 863,2026-04-30,12,High School,Technical,86,94,In Progress,Remote,Sales
APP-0864,Applicant 864,2026-04-29,4,Bachelors,Screening,99,70,In Progress,Austin,Engineering
APP-0865,Applicant 865,2026-04-28,11,Masters,Final,71,87,Offer,New York,Product
APP-0866,Applicant 866,2026-04-27,3,PhD,HR,84,63,Rejected,San Francisco,Marketing
APP-0867,Applicant 867,2026-04-26,10,High School,Technical,97,80,In Progress,London,Sales
APP-0868,Applicant 868,2026-04-25,2,Bachelors,Screening,69,97,In Progress,Remote,Engineering
APP-0869,Applicant 869,2026-04-24,9,Masters,Final,82,73,In Progress,Austin,Product
APP-0870,Applicant 870,2026-04-23,1,PhD,HR,95,90,Offer,New York,Marketing
APP-0871,Applicant 871,2026-04-22,8,High School,Technical,67,66,Rejected,San Francisco,Sales
APP-0872,Applicant 872,2026-04-21,15,Bachelors,Screening,80,83,In Progress,London,Engineering
APP-0873,Applicant 873,2026-04-20,7,Masters,Final,93,100,In Progress,Remote,Product
APP-0874,Applicant 874,2026-04-19,14,PhD,HR,65,76,In Progress,Austin,Marketing
APP-0875,Applicant 875,2026-04-18,6,High School,Technical,78,93,Offer,New York,Sales
APP-0876,Applicant 876,2026-04-17,13,Bachelors,Screening,91,69,Rejected,San Francisco,Engineering
APP-0877,Applicant 877,2026-04-16,5,Masters,Final,63,86,In Progress,London,Product
APP-0878,Applicant 878,2026-04-15,12,PhD,HR,76,62,In Progress,Remote,Marketing
APP-0879,Applicant 879,2026-04-14,4,High School,Technical,89,79,In Progress,Austin,Sales
APP-0880,Applicant 880,2026-04-13,11,Bachelors,Screening,61,96,Offer,New York,Engineering
APP-0881,Applicant 881,2026-04-12,3,Masters,Final,74,72,Rejected,San Francisco,Product
APP-0882,Applicant 882,2026-04-11,10,PhD,HR,87,89,In Progress,London,Marketing
APP-0883,Applicant 883,2026-04-10,2,High School,Technical,100,65,In Progress,Remote,Sales
APP-0884,Applicant 884,2026-04-09,9,Bachelors,Screening,72,82,In Progress,Austin,Engineering
APP-0885,Applicant 885,2026-04-08,1,Masters,Final,85,99,Offer,New York,Product
APP-0886,Applicant 886,2026-04-07,8,PhD,HR,98,75,Rejected,San Francisco,Marketing
APP-0887,Applicant 887,2026-04-06,15,High School,Technical,70,92,In Progress,London,Sales
APP-0888,Applicant 888,2026-04-05,7,Bachelors,Screening,83,68,In Progress,Remote,Engineering
APP-0889,Applicant 889,2026-04-04,14,Masters,Final,96,85,In Progress,Austin,Product
APP-0890,Applicant 890,2026-04-03,6,PhD,HR,68,61,Offer,New York,Marketing
APP-0891,Applicant 891,2026-04-02,13,High School,Technical,81,78,Rejected,San Francisco,Sales
APP-0892,Applicant 892,2026-04-01,5,Bachelors,Screening,94,95,In Progress,London,Engineering
APP-0893,Applicant 893,2026-03-31,12,Masters,Final,66,71,In Progress,Remote,Product
APP-0894,Applicant 894,2026-03-30,4,PhD,HR,79,88,In Progress,Austin,Marketing
APP-0895,Applicant 895,2026-03-29,11,High School,Technical,92,64,Offer,New York,Sales
APP-0896,Applicant 896,2026-03-28,3,Bachelors,Screening,64,81,Rejected,San Francisco,Engineering
APP-0897,Applicant 897,2026-03-27,10,Masters,Final,77,98,In Progress,London,Product
APP-0898,Applicant 898,2026-03-26,2,PhD,HR,90,74,In Progress,Remote,Marketing
APP-0899,Applicant 899,2026-03-25,9,High School,Technical,62,91,In Progress,Austin,Sales
APP-0900,Applicant 900,2026-03-24,1,Bachelors,Screening,75,67,Offer,New York,Engineering
APP-0901,Applicant 901,2026-03-23,8,Masters,Final,88,84,Rejected,San Francisco,Product
APP-0902,Applicant 902,2026-03-22,15,PhD,HR,60,60,In Progress,London,Marketing
APP-0903,Applicant 903,2026-03-21,7,High School,Technical,73,77,In Progress,Remote,Sales
APP-0904,Applicant 904,2026-03-20,14,Bachelors,Screening,86,94,In Progress,Austin,Engineering
APP-0905,Applicant 905,2026-03-19,6,Masters,Final,99,70,Offer,New York,Product
APP-0906,Applicant 906,2026-03-18,13,PhD,HR,71,87,Rejected,San Francisco,Marketing
APP-0907,Applicant 907,2026-03-17,5,High School,Technical,84,63,In Progress,London,Sales
APP-0908,Applicant 908,2026-03-16,12,Bachelors,Screening,97,80,In Progress,Remote,Engineering
APP-0909,Applicant 909,2026-03-15,4,Masters,Final,69,97,In Progress,Austin,Product
APP-0910,Applicant 910,2026-03-14,11,PhD,HR,82,73,Offer,New York,Marketing
APP-0911,Applicant 911,2026-03-13,3,High School,Technical,95,90,Rejected,San Francisco,Sales
APP-0912,Applicant 912,2026-03-12,10,Bachelors,Screening,67,66,In Progress,London,Engineering
APP-0913,Applicant 913,2026-03-11,2,Masters,Final,80,83,In Progress,Remote,Product
APP-0914,Applicant 914,2026-03-10,9,PhD,HR,93,100,In Progress,Austin,Marketing
APP-0915,Applicant 915,2026-03-09,1,High School,Technical,65,76,Offer,New York,Sales
APP-0916,Applicant 916,2026-03-08,8,Bachelors,Screening,78,93,Rejected,San Francisco,Engineering
APP-0917,Applicant 917,2026-03-07,15,Masters,Final,91,69,In Progress,London,Product
APP-0918,Applicant 918,2026-03-06,7,PhD,HR,63,86,In Progress,Remote,Marketing
APP-0919,Applicant 919,2026-03-05,14,High School,Technical,76,62,In Progress,Austin,Sales
APP-0920,Applicant 920,2026-03-04,6,Bachelors,Screening,89,79,Offer,New York,Engineering
APP-0921,Applicant 921,2026-03-03,13,Masters,Final,61,96,Rejected,San Francisco,Product
APP-0922,Applicant 922,2026-03-02,5,PhD,HR,74,72,In Progress,London,Marketing
APP-0923,Applicant 923,2026-03-01,12,High School,Technical,87,89,In Progress,Remote,Sales
APP-0924,Applicant 924,2026-02-28,4,Bachelors,Screening,100,65,In Progress,Austin,Engineering
APP-0925,Applicant 925,2026-02-27,11,Masters,Final,72,82,Offer,New York,Product
APP-0926,Applicant 926,2026-02-26,3,PhD,HR,85,99,Rejected,San Francisco,Marketing
APP-0927,Applicant 927,2026-02-25,10,High School,Technical,98,75,In Progress,London,Sales
APP-0928,Applicant 928,2026-02-24,2,Bachelors,Screening,70,92,In Progress,Remote,Engineering
APP-0929,Applicant 929,2026-02-23,9,Masters,Final,83,68,In Progress,Austin,Product
APP-0930,Applicant 930,2026-02-22,1,PhD,HR,96,85,Offer,New York,Marketing
APP-0931,Applicant 931,2026-02-21,8,High School,Technical,68,61,Rejected,San Francisco,Sales
APP-0932,Applicant 932,2026-02-20,15,Bachelors,Screening,81,78,In Progress,London,Engineering
APP-0933,Applicant 933,2026-02-19,7,Masters,Final,94,95,In Progress,Remote,Product
APP-0934,Applicant 934,2026-02-18,14,PhD,HR,66,71,In Progress,Austin,Marketing
APP-0935,Applicant 935,2026-02-17,6,High School,Technical,79,88,Offer,New York,Sales
APP-0936,Applicant 936,2026-02-16,13,Bachelors,Screening,92,64,Rejected,San Francisco,Engineering
APP-0937,Applicant 937,2026-02-15,5,Masters,Final,64,81,In Progress,London,Product
APP-0938,Applicant 938,2026-02-14,12,PhD,HR,77,98,In Progress,Remote,Marketing
APP-0939,Applicant 939,2026-02-13,4,High School,Technical,90,74,In Progress,Austin,Sales
APP-0940,Applicant 940,2026-02-12,11,Bachelors,Screening,62,91,Offer,New York,Engineering
APP-0941,Applicant 941,2026-02-11,3,Masters,Final,75,67,Rejected,San Francisco,Product
APP-0942,Applicant 942,2026-02-10,10,PhD,HR,88,84,In Progress,London,Marketing
APP-0943,Applicant 943,2026-02-09,2,High School,Technical,60,60,In Progress,Remote,Sales
APP-0944,Applicant 944,2026-02-08,9,Bachelors,Screening,73,77,In Progress,Austin,Engineering
APP-0945,Applicant 945,2026-02-07,1,Masters,Final,86,94,Offer,New York,Product
APP-0946,Applicant 946,2026-02-06,8,PhD,HR,99,70,Rejected,San Francisco,Marketing
APP-0947,Applicant 947,2026-02-05,15,High School,Technical,71,87,In Progress,London,Sales
APP-0948,Applicant 948,2026-02-04,7,Bachelors,Screening,84,63,In Progress,Remote,Engineering
APP-0949,Applicant 949,2026-02-03,14,Masters,Final,97,80,In Progress,Austin,Product
APP-0950,Applicant 950,2026-02-02,6,PhD,HR,69,97,Offer,New York,Marketing
APP-0951,Applicant 951,2026-02-01,13,High School,Technical,82,73,Rejected,San Francisco,Sales
APP-0952,Applicant 952,2026-01-31,5,Bachelors,Screening,95,90,In Progress,London,Engineering
APP-0953,Applicant 953,2026-01-30,12,Masters,Final,67,66,In Progress,Remote,Product
APP-0954,Applicant 954,2026-01-29,4,PhD,HR,80,83,In Progress,Austin,Marketing
APP-0955,Applicant 955,2026-01-28,11,High School,Technical,93,100,Offer,New York,Sales
APP-0956,Applicant 956,2026-01-27,3,Bachelors,Screening,65,76,Rejected,San Francisco,Engineering
APP-0957,Applicant 957,2026-01-26,10,Masters,Final,78,93,In Progress,London,Product
APP-0958,Applicant 958,2026-01-25,2,PhD,HR,91,69,In Progress,Remote,Marketing
APP-0959,Applicant 959,2026-01-24,9,High School,Technical,63,86,In Progress,Austin,Sales
APP-0960,Applicant 960,2026-01-23,1,Bachelors,Screening,76,62,Offer,New York,Engineering
APP-0961,Applicant 961,2026-01-22,8,Masters,Final,89,79,Rejected,San Francisco,Product
APP-0962,Applicant 962,2026-01-21,15,PhD,HR,61,96,In Progress,London,Marketing
APP-0963,Applicant 963,2026-01-20,7,High School,Technical,74,72,In Progress,Remote,Sales
APP-0964,Applicant 964,2026-01-19,14,Bachelors,Screening,87,89,In Progress,Austin,Engineering
APP-0965,Applicant 965,2026-01-18,6,Masters,Final,100,65,Offer,New York,Product
APP-0966,Applicant 966,2026-01-17,13,PhD,HR,72,82,Rejected,San Francisco,Marketing
APP-0967,Applicant 967,2026-01-16,5,High School,Technical,85,99,In Progress,London,Sales
APP-0968,Applicant 968,2026-01-15,12,Bachelors,Screening,98,75,In Progress,Remote,Engineering
APP-0969,Applicant 969,2026-01-14,4,Masters,Final,70,92,In Progress,Austin,Product
APP-0970,Applicant 970,2026-01-13,11,PhD,HR,83,68,Offer,New York,Marketing
APP-0971,Applicant 971,2026-01-12,3,High School,Technical,96,85,Rejected,San Francisco,Sales
APP-0972,Applicant 972,2026-01-11,10,Bachelors,Screening,68,61,In Progress,London,Engineering
APP-0973,Applicant 973,2026-01-10,2,Masters,Final,81,78,In Progress,Remote,Product
APP-0974,Applicant 974,2026-01-09,9,PhD,HR,94,95,In Progress,Austin,Marketing
APP-0975,Applicant 975,2026-01-08,1,High School,Technical,66,71,Offer,New York,Sales
APP-0976,Applicant 976,2026-01-07,8,Bachelors,Screening,79,88,Rejected,San Francisco,Engineering
APP-0977,Applicant 977,2026-01-06,15,Masters,Final,92,64,In Progress,London,Product
APP-0978,Applicant 978,2026-01-05,7,PhD,HR,64,81,In Progress,Remote,Marketing
APP-0979,Applicant 979,2026-01-04,14,High School,Technical,77,98,In Progress,Austin,Sales
APP-0980,Applicant 980,2026-01-03,6,Bachelors,Screening,90,74,Offer,New York,Engineering
APP-0981,Applicant 981,2026-01-02,13,Masters,Final,62,91,Rejected,San Francisco,Product
APP-0982,Applicant 982,2026-01-01,5,PhD,HR,75,67,In Progress,London,Marketing
APP-0983,Applicant 983,2025-12-31,12,High School,Technical,88,84,In Progress,Remote,Sales
APP-0984,Applicant 984,2025-12-30,4,Bachelors,Screening,60,60,In Progress,Austin,Engineering
APP-0985,Applicant 985,2025-12-29,11,Masters,Final,73,77,Offer,New York,Product
APP-0986,Applicant 986,2025-12-28,3,PhD,HR,86,94,Rejected,San Francisco,Marketing
APP-0987,Applicant 987,2025-12-27,10,High School,Technical,99,70,In Progress,London,Sales
APP-0988,Applicant 988,2025-12-26,2,Bachelors,Screening,71,87,In Progress,Remote,Engineering
APP-0989,Applicant 989,2025-12-25,9,Masters,Final,84,63,In Progress,Austin,Product
APP-0990,Applicant 990,2025-12-24,1,PhD,HR,97,80,Offer,New York,Marketing
APP-0991,Applicant 991,2025-12-23,8,High School,Technical,69,97,Rejected,San Francisco,Sales
APP-0992,Applicant 992,2025-12-22,15,Bachelors,Screening,82,73,In Progress,London,Engineering
APP-0993,Applicant 993,2025-12-21,7,Masters,Final,95,90,In Progress,Remote,Product
APP-0994,Applicant 994,2025-12-20,14,PhD,HR,67,66,In Progress,Austin,Marketing
APP-0995,Applicant 995,2025-12-19,6,High School,Technical,80,83,Offer,New York,Sales
APP-0996,Applicant 996,2025-12-18,13,Bachelors,Screening,93,100,Rejected,San Francisco,Engineering
APP-0997,Applicant 997,2025-12-17,5,Masters,Final,65,76,In Progress,London,Product
APP-0998,Applicant 998,2025-12-16,12,PhD,HR,78,93,In Progress,Remote,Marketing
APP-0999,Applicant 999,2025-12-15,4,High School,Technical,91,69,In Progress,Austin,Sales
APP-1000,Applicant 1000,2025-12-14,11,Bachelors,Screening,63,86,Offer,New York,Engineering
APP-1001,Applicant 1001,2025-12-13,3,Masters,Final,76,62,Rejected,San Francisco,Product
APP-1002,Applicant 1002,2025-12-12,10,PhD,HR,89,79,In Progress,London,Marketing
APP-1003,Applicant 1003,2025-12-11,2,High School,Technical,61,96,In Progress,Remote,Sales
APP-1004,Applicant 1004,2025-12-10,9,Bachelors,Screening,74,72,In Progress,Austin,Engineering
APP-1005,Applicant 1005,2025-12-09,1,Masters,Final,87,89,Offer,New York,Product
APP-1006,Applicant 1006,2025-12-08,8,PhD,HR,100,65,Rejected,San Francisco,Marketing
APP-1007,Applicant 1007,2025-12-07,15,High School,Technical,72,82,In Progress,London,Sales
APP-1008,Applicant 1008,2025-12-06,7,Bachelors,Screening,85,99,In Progress,Remote,Engineering
APP-1009,Applicant 1009,2025-12-05,14,Masters,Final,98,75,In Progress,Austin,Product
APP-1010,Applicant 1010,2025-12-04,6,PhD,HR,70,92,Offer,New York,Marketing
APP-1011,Applicant 1011,2025-12-03,13,High School,Technical,83,68,Rejected,San Francisco,Sales
APP-1012,Applicant 1012,2025-12-02,5,Bachelors,Screening,96,85,In Progress,London,Engineering
APP-1013,Applicant 1013,2025-12-01,12,Masters,Final,68,61,In Progress,Remote,Product
APP-1014,Applicant 1014,2025-11-30,4,PhD,HR,81,78,In Progress,Austin,Marketing
APP-1015,Applicant 1015,2025-11-29,11,High School,Technical,94,95,Offer,New York,Sales
APP-1016,Applicant 1016,2025-11-28,3,Bachelors,Screening,66,71,Rejected,San Francisco,Engineering
APP-1017,Applicant 1017,2025-11-27,10,Masters,Final,79,88,In Progress,London,Product
APP-1018,Applicant 1018,2025-11-26,2,PhD,HR,92,64,In Progress,Remote,Marketing
APP-1019,Applicant 1019,2025-11-25,9,High School,Technical,64,81,In Progress,Austin,Sales
APP-1020,Applicant 1020,2025-11-24,1,Bachelors,Screening,77,98,Offer,New York,Engineering
APP-1021,Applicant 1021,2025-11-23,8,Masters,Final,90,74,Rejected,San Francisco,Product
APP-1022,Applicant 1022,2025-11-22,15,PhD,HR,62,91,In Progress,London,Marketing
APP-1023,Applicant 1023,2025-11-21,7,High School,Technical,75,67,In Progress,Remote,Sales
APP-1024,Applicant 1024,2025-11-20,14,Bachelors,Screening,88,84,In Progress,Austin,Engineering
APP-1025,Applicant 1025,2025-11-19,6,Masters,Final,60,60,Offer,New York,Product
APP-1026,Applicant 1026,2025-11-18,13,PhD,HR,73,77,Rejected,San Francisco,Marketing
APP-1027,Applicant 1027,2025-11-17,5,High School,Technical,86,94,In Progress,London,Sales
APP-1028,Applicant 1028,2025-11-16,12,Bachelors,Screening,99,70,In Progress,Remote,Engineering
APP-1029,Applicant 1029,2025-11-15,4,Masters,Final,71,87,In Progress,Austin,Product
APP-1030,Applicant 1030,2025-11-14,11,PhD,HR,84,63,Offer,New York,Marketing
APP-1031,Applicant 1031,2025-11-13,3,High School,Technical,97,80,Rejected,San Francisco,Sales
APP-1032,Applicant 1032,2025-11-12,10,Bachelors,Screening,69,97,In Progress,London,Engineering
APP-1033,Applicant 1033,2025-11-11,2,Masters,Final,82,73,In Progress,Remote,Product
APP-1034,Applicant 1034,2025-11-10,9,PhD,HR,95,90,In Progress,Austin,Marketing
APP-1035,Applicant 1035,2025-11-09,1,High School,Technical,67,66,Offer,New York,Sales
APP-1036,Applicant 1036,2025-11-08,8,Bachelors,Screening,80,83,Rejected,San Francisco,Engineering
APP-1037,Applicant 1037,2025-11-07,15,Masters,Final,93,100,In Progress,London,Product
APP-1038,Applicant 1038,2025-11-06,7,PhD,HR,65,76,In Progress,Remote,Marketing
APP-1039,Applicant 1039,2025-11-05,14,High School,Technical,78,93,In Progress,Austin,Sales
APP-1040,Applicant 1040,2025-11-04,6,Bachelors,Screening,91,69,Offer,New York,Engineering
APP-1041,Applicant 1041,2025-11-03,13,Masters,Final,63,86,Rejected,San Francisco,Product
APP-1042,Applicant 1042,2025-11-02,5,PhD,HR,76,62,In Progress,London,Marketing
APP-1043,Applicant 1043,2025-11-01,12,High School,Technical,89,79,In Progress,Remote,Sales
APP-1044,Applicant 1044,2025-10-31,4,Bachelors,Screening,61,96,In Progress,Austin,Engineering
APP-1045,Applicant 1045,2025-10-30,11,Masters,Final,74,72,Offer,New York,Product
APP-1046,Applicant 1046,2025-10-29,3,PhD,HR,87,89,Rejected,San Francisco,Marketing
APP-1047,Applicant 1047,2025-10-28,10,High School,Technical,100,65,In Progress,London,Sales
APP-1048,Applicant 1048,2025-10-27,2,Bachelors,Screening,72,82,In Progress,Remote,Engineering
APP-1049,Applicant 1049,2025-10-26,9,Masters,Final,85,99,In Progress,Austin,Product
APP-1050,Applicant 1050,2025-10-25,1,PhD,HR,98,75,Offer,New York,Marketing
APP-1051,Applicant 1051,2025-10-24,8,High School,Technical,70,92,Rejected,San Francisco,Sales
APP-1052,Applicant 1052,2025-10-23,15,Bachelors,Screening,83,68,In Progress,London,Engineering
APP-1053,Applicant 1053,2025-10-22,7,Masters,Final,96,85,In Progress,Remote,Product
APP-1054,Applicant 1054,2025-10-21,14,PhD,HR,68,61,In Progress,Austin,Marketing
APP-1055,Applicant 1055,2025-10-20,6,High School,Technical,81,78,Offer,New York,Sales
APP-1056,Applicant 1056,2025-10-19,13,Bachelors,Screening,94,95,Rejected,San Francisco,Engineering
APP-1057,Applicant 1057,2025-10-18,5,Masters,Final,66,71,In Progress,London,Product
APP-1058,Applicant 1058,2025-10-17,12,PhD,HR,79,88,In Progress,Remote,Marketing
APP-1059,Applicant 1059,2025-10-16,4,High School,Technical,92,64,In Progress,Austin,Sales
APP-1060,Applicant 1060,2025-10-15,11,Bachelors,Screening,64,81,Offer,New York,Engineering
APP-1061,Applicant 1061,2025-10-14,3,Masters,Final,77,98,Rejected,San Francisco,Product
APP-1062,Applicant 1062,2025-10-13,10,PhD,HR,90,74,In Progress,London,Marketing
APP-1063,Applicant 1063,2025-10-12,2,High School,Technical,62,91,In Progress,Remote,Sales
APP-1064,Applicant 1064,2025-10-11,9,Bachelors,Screening,75,67,In Progress,Austin,Engineering
APP-1065,Applicant 1065,2025-10-10,1,Masters,Final,88,84,Offer,New York,Product
APP-1066,Applicant 1066,2025-10-09,8,PhD,HR,60,60,Rejected,San Francisco,Marketing
APP-1067,Applicant 1067,2025-10-08,15,High School,Technical,73,77,In Progress,London,Sales
APP-1068,Applicant 1068,2025-10-07,7,Bachelors,Screening,86,94,In Progress,Remote,Engineering
APP-1069,Applicant 1069,2025-10-06,14,Masters,Final,99,70,In Progress,Austin,Product
APP-1070,Applicant 1070,2025-10-05,6,PhD,HR,71,87,Offer,New York,Marketing
APP-1071,Applicant 1071,2025-10-04,13,High School,Technical,84,63,Rejected,San Francisco,Sales
APP-1072,Applicant 1072,2025-10-03,5,Bachelors,Screening,97,80,In Progress,London,Engineering
APP-1073,Applicant 1073,2025-10-02,12,Masters,Final,69,97,In Progress,Remote,Product
APP-1074,Applicant 1074,2025-10-01,4,PhD,HR,82,73,In Progress,Austin,Marketing
APP-1075,Applicant 1075,2025-09-30,11,High School,Technical,95,90,Offer,New York,Sales
APP-1076,Applicant 1076,2025-09-29,3,Bachelors,Screening,67,66,Rejected,San Francisco,Engineering
APP-1077,Applicant 1077,2025-09-28,10,Masters,Final,80,83,In Progress,London,Product
APP-1078,Applicant 1078,2025-09-27,2,PhD,HR,93,100,In Progress,Remote,Marketing
APP-1079,Applicant 1079,2025-09-26,9,High School,Technical,65,76,In Progress,Austin,Sales
APP-1080,Applicant 1080,2025-09-25,1,Bachelors,Screening,78,93,Offer,New York,Engineering
APP-1081,Applicant 1081,2025-09-24,8,Masters,Final,91,69,Rejected,San Francisco,Product
APP-1082,Applicant 1082,2025-09-23,15,PhD,HR,63,86,In Progress,London,Marketing
APP-1083,Applicant 1083,2025-09-22,7,High School,Technical,76,62,In Progress,Remote,Sales
APP-1084,Applicant 1084,2025-09-21,14,Bachelors,Screening,89,79,In Progress,Austin,Engineering
APP-1085,Applicant 1085,2025-09-20,6,Masters,Final,61,96,Offer,New York,Product
APP-1086,Applicant 1086,2025-09-19,13,PhD,HR,74,72,Rejected,San Francisco,Marketing
APP-1087,Applicant 1087,2025-09-18,5,High School,Technical,87,89,In Progress,London,Sales
APP-1088,Applicant 1088,2025-09-17,12,Bachelors,Screening,100,65,In Progress,Remote,Engineering
APP-1089,Applicant 1089,2025-09-16,4,Masters,Final,72,82,In Progress,Austin,Product
APP-1090,Applicant 1090,2025-09-15,11,PhD,HR,85,99,Offer,New York,Marketing
APP-1091,Applicant 1091,2025-09-14,3,High School,Technical,98,75,Rejected,San Francisco,Sales
APP-1092,Applicant 1092,2025-09-13,10,Bachelors,Screening,70,92,In Progress,London,Engineering
APP-1093,Applicant 1093,2025-09-12,2,Masters,Final,83,68,In Progress,Remote,Product
APP-1094,Applicant 1094,2025-09-11,9,PhD,HR,96,85,In Progress,Austin,Marketing
APP-1095,Applicant 1095,2026-09-10,1,High School,Technical,68,61,Offer,New York,Sales
APP-1096,Applicant 1096,2026-09-09,8,Bachelors,Screening,81,78,Rejected,San Francisco,Engineering
APP-1097,Applicant 1097,2026-09-08,15,Masters,Final,94,95,In Progress,London,Product
APP-1098,Applicant 1098,2026-09-07,7,PhD,HR,66,71,In Progress,Remote,Marketing
APP-1099,Applicant 1099,2026-09-06,14,High School,Technical,79,88,In Progress,Austin,Sales
APP-1100,Applicant 1100,2026-09-05,6,Bachelors,Screening,92,64,Offer,New York,Engineering
APP-1101,Applicant 1101,2026-09-04,13,Masters,Final,64,81,Rejected,San Francisco,Product
APP-1102,Applicant 1102,2026-09-03,5,PhD,HR,77,98,In Progress,London,Marketing
APP-1103,Applicant 1103,2026-09-02,12,High School,Technical,90,74,In Progress,Remote,Sales
APP-1104,Applicant 1104,2026-09-01,4,Bachelors,Screening,62,91,In Progress,Austin,Engineering
APP-1105,Applicant 1105,2026-08-31,11,Masters,Final,75,67,Offer,New York,Product
APP-1106,Applicant 1106,2026-08-30,3,PhD,HR,88,84,Rejected,San Francisco,Marketing
APP-1107,Applicant 1107,2026-08-29,10,High School,Technical,60,60,In Progress,London,Sales
APP-1108,Applicant 1108,2026-08-28,2,Bachelors,Screening,73,77,In Progress,Remote,Engineering
APP-1109,Applicant 1109,2026-08-27,9,Masters,Final,86,94,In Progress,Austin,Product
APP-1110,Applicant 1110,2026-08-26,1,PhD,HR,99,70,Offer,New York,Marketing
APP-1111,Applicant 1111,2026-08-25,8,High School,Technical,71,87,Rejected,San Francisco,Sales
APP-1112,Applicant 1112,2026-08-24,15,Bachelors,Screening,84,63,In Progress,London,Engineering
APP-1113,Applicant 1113,2026-08-23,7,Masters,Final,97,80,In Progress,Remote,Product
APP-1114,Applicant 1114,2026-08-22,14,PhD,HR,69,97,In Progress,Austin,Marketing
APP-1115,Applicant 1115,2026-08-21,6,High School,Technical,82,73,Offer,New York,Sales
APP-1116,Applicant 1116,2026-08-20,13,Bachelors,Screening,95,90,Rejected,San Francisco,Engineering
APP-1117,Applicant 1117,2026-08-19,5,Masters,Final,67,66,In Progress,London,Product
APP-1118,Applicant 1118,2026-08-18,12,PhD,HR,80,83,In Progress,Remote,Marketing
APP-1119,Applicant 1119,2026-08-17,4,High School,Technical,93,100,In Progress,Austin,Sales
APP-1120,Applicant 1120,2026-08-16,11,Bachelors,Screening,65,76,Offer,New York,Engineering
APP-1121,Applicant 1121,2026-08-15,3,Masters,Final,78,93,Rejected,San Francisco,Product
APP-1122,Applicant 1122,2026-08-14,10,PhD,HR,91,69,In Progress,London,Marketing
APP-1123,Applicant 1123,2026-08-13,2,High School,Technical,63,86,In Progress,Remote,Sales
APP-1124,Applicant 1124,2026-08-12,9,Bachelors,Screening,76,62,In Progress,Austin,Engineering
APP-1125,Applicant 1125,2026-08-11,1,Masters,Final,89,79,Offer,New York,Product
APP-1126,Applicant 1126,2026-08-10,8,PhD,HR,61,96,Rejected,San Francisco,Marketing
APP-1127,Applicant 1127,2026-08-09,15,High School,Technical,74,72,In Progress,London,Sales
APP-1128,Applicant 1128,2026-08-08,7,Bachelors,Screening,87,89,In Progress,Remote,Engineering
APP-1129,Applicant 1129,2026-08-07,14,Masters,Final,100,65,In Progress,Austin,Product
APP-1130,Applicant 1130,2026-08-06,6,PhD,HR,72,82,Offer,New York,Marketing
APP-1131,Applicant 1131,2026-08-05,13,High School,Technical,85,99,Rejected,San Francisco,Sales
APP-1132,Applicant 1132,2026-08-04,5,Bachelors,Screening,98,75,In Progress,London,Engineering
APP-1133,Applicant 1133,2026-08-03,12,Masters,Final,70,92,In Progress,Remote,Product
APP-1134,Applicant 1134,2026-08-02,4,PhD,HR,83,68,In Progress,Austin,Marketing
APP-1135,Applicant 1135,2026-08-01,11,High School,Technical,96,85,Offer,New York,Sales
APP-1136,Applicant 1136,2026-07-31,3,Bachelors,Screening,68,61,Rejected,San Francisco,Engineering
APP-1137,Applicant 1137,2026-07-30,10,Masters,Final,81,78,In Progress,London,Product
APP-1138,Applicant 1138,2026-07-29,2,PhD,HR,94,95,In Progress,Remote,Marketing
APP-1139,Applicant 1139,2026-07-28,9,High School,Technical,66,71,In Progress,Austin,Sales
APP-1140,Applicant 1140,2026-07-27,1,Bachelors,Screening,79,88,Offer,New York,Engineering
APP-1141,Applicant 1141,2026-07-26,8,Masters,Final,92,64,Rejected,San Francisco,Product
APP-1142,Applicant 1142,2026-07-25,15,PhD,HR,64,81,In Progress,London,Marketing
APP-1143,Applicant 1143,2026-07-24,7,High School,Technical,77,98,In Progress,Remote,Sales
APP-1144,Applicant 1144,2026-07-23,14,Bachelors,Screening,90,74,In Progress,Austin,Engineering
APP-1145,Applicant 1145,2026-07-22,6,Masters,Final,62,91,Offer,New York,Product
APP-1146,Applicant 1146,2026-07-21,13,PhD,HR,75,67,Rejected,San Francisco,Marketing
APP-1147,Applicant 1147,2026-07-20,5,High School,Technical,88,84,In Progress,London,Sales
APP-1148,Applicant 1148,2026-07-19,12,Bachelors,Screening,60,60,In Progress,Remote,Engineering
APP-1149,Applicant 1149,2026-07-18,4,Masters,Final,73,77,In Progress,Austin,Product
APP-1150,Applicant 1150,2026-07-17,11,PhD,HR,86,94,Offer,New York,Marketing
APP-1151,Applicant 1151,2026-07-16,3,High School,Technical,99,70,Rejected,San Francisco,Sales
APP-1152,Applicant 1152,2026-07-15,10,Bachelors,Screening,71,87,In Progress,London,Engineering
APP-1153,Applicant 1153,2026-07-14,2,Masters,Final,84,63,In Progress,Remote,Product
APP-1154,Applicant 1154,2026-07-13,9,PhD,HR,97,80,In Progress,Austin,Marketing
APP-1155,Applicant 1155,2026-07-12,1,High School,Technical,69,97,Offer,New York,Sales
APP-1156,Applicant 1156,2026-07-11,8,Bachelors,Screening,82,73,Rejected,San Francisco,Engineering
APP-1157,Applicant 1157,2026-07-10,15,Masters,Final,95,90,In Progress,London,Product
APP-1158,Applicant 1158,2026-07-09,7,PhD,HR,67,66,In Progress,Remote,Marketing
APP-1159,Applicant 1159,2026-07-08,14,High School,Technical,80,83,In Progress,Austin,Sales
APP-1160,Applicant 1160,2026-07-07,6,Bachelors,Screening,93,100,Offer,New York,Engineering
APP-1161,Applicant 1161,2026-07-06,13,Masters,Final,65,76,Rejected,San Francisco,Product
APP-1162,Applicant 1162,2026-07-05,5,PhD,HR,78,93,In Progress,London,Marketing
APP-1163,Applicant 1163,2026-07-04,12,High School,Technical,91,69,In Progress,Remote,Sales
APP-1164,Applicant 1164,2026-07-03,4,Bachelors,Screening,63,86,In Progress,Austin,Engineering
APP-1165,Applicant 1165,2026-07-02,11,Masters,Final,76,62,Offer,New York,Product
APP-1166,Applicant 1166,2026-07-01,3,PhD,HR,89,79,Rejected,San Francisco,Marketing
APP-1167,Applicant 1167,2026-06-30,10,High School,Technical,61,96,In Progress,London,Sales
APP-1168,Applicant 1168,2026-06-29,2,Bachelors,Screening,74,72,In Progress,Remote,Engineering
APP-1169,Applicant 1169,2026-06-28,9,Masters,Final,87,89,In Progress,Austin,Product
APP-1170,Applicant 1170,2026-06-27,1,PhD,HR,100,65,Offer,New York,Marketing
APP-1171,Applicant 1171,2026-06-26,8,High School,Technical,72,82,Rejected,San Francisco,Sales
APP-1172,Applicant 1172,2026-06-25,15,Bachelors,Screening,85,99,In Progress,London,Engineering
APP-1173,Applicant 1173,2026-06-24,7,Masters,Final,98,75,In Progress,Remote,Product
APP-1174,Applicant 1174,2026-06-23,14,PhD,HR,70,92,In Progress,Austin,Marketing
APP-1175,Applicant 1175,2026-06-22,6,High School,Technical,83,68,Offer,New York,Sales
APP-1176,Applicant 1176,2026-06-21,13,Bachelors,Screening,96,85,Rejected,San Francisco,Engineering
APP-1177,Applicant 1177,2026-06-20,5,Masters,Final,68,61,In Progress,London,Product
APP-1178,Applicant 1178,2026-06-19,12,PhD,HR,81,78,In Progress,Remote,Marketing
APP-1179,Applicant 1179,2026-06-18,4,High School,Technical,94,95,In Progress,Austin,Sales
APP-1180,Applicant 1180,2026-06-17,11,Bachelors,Screening,66,71,Offer,New York,Engineering
APP-1181,Applicant 1181,2026-06-16,3,Masters,Final,79,88,Rejected,San Francisco,Product
APP-1182,Applicant 1182,2026-06-15,10,PhD,HR,92,64,In Progress,London,Marketing
APP-1183,Applicant 1183,2026-06-14,2,High School,Technical,64,81,In Progress,Remote,Sales
APP-1184,Applicant 1184,2026-06-13,9,Bachelors,Screening,77,98,In Progress,Austin,Engineering
APP-1185,Applicant 1185,2026-06-12,1,Masters,Final,90,74,Offer,New York,Product
APP-1186,Applicant 1186,2026-06-11,8,PhD,HR,62,91,Rejected,San Francisco,Marketing
APP-1187,Applicant 1187,2026-06-10,15,High School,Technical,75,67,In Progress,London,Sales
APP-1188,Applicant 1188,2026-06-09,7,Bachelors,Screening,88,84,In Progress,Remote,Engineering
APP-1189,Applicant 1189,2026-06-08,14,Masters,Final,60,60,In Progress,Austin,Product
APP-1190,Applicant 1190,2026-06-07,6,PhD,HR,73,77,Offer,New York,Marketing
APP-1191,Applicant 1191,2026-06-06,13,High School,Technical,86,94,Rejected,San Francisco,Sales
APP-1192,Applicant 1192,2026-06-05,5,Bachelors,Screening,99,70,In Progress,London,Engineering
APP-1193,Applicant 1193,2026-06-04,12,Masters,Final,71,87,In Progress,Remote,Product
APP-1194,Applicant 1194,2026-06-03,4,PhD,HR,84,63,In Progress,Austin,Marketing
APP-1195,Applicant 1195,2026-06-02,11,High School,Technical,97,80,Offer,New York,Sales
APP-1196,Applicant 1196,2026-06-01,3,Bachelors,Screening,69,97,Rejected,San Francisco,Engineering
APP-1197,Applicant 1197,2026-05-31,10,Masters,Final,82,73,In Progress,London,Product
APP-1198,Applicant 1198,2026-05-30,2,PhD,HR,95,90,In Progress,Remote,Marketing
APP-1199,Applicant 1199,2026-05-29,9,High School,Technical,67,66,In Progress,Austin,Sales
APP-1200,Applicant 1200,2026-05-28,1,Bachelors,Screening,80,83,Offer,New York,Engineering
APP-1201,Applicant 1201,2026-05-27,8,Masters,Final,93,100,Rejected,San Francisco,Product
APP-1202,Applicant 1202,2026-05-26,15,PhD,HR,65,76,In Progress,London,Marketing
APP-1203,Applicant 1203,2026-05-25,7,High School,Technical,78,93,In Progress,Remote,Sales
APP-1204,Applicant 1204,2026-05-24,14,Bachelors,Screening,91,69,In Progress,Austin,Engineering
APP-1205,Applicant 1205,2026-05-23,6,Masters,Final,63,86,Offer,New York,Product
APP-1206,Applicant 1206,2026-05-22,13,PhD,HR,76,62,Rejected,San Francisco,Marketing
APP-1207,Applicant 1207,2026-05-21,5,High School,Technical,89,79,In Progress,London,Sales
APP-1208,Applicant 1208,2026-05-20,12,Bachelors,Screening,61,96,In Progress,Remote,Engineering
APP-1209,Applicant 1209,2026-05-19,4,Masters,Final,74,72,In Progress,Austin,Product
APP-1210,Applicant 1210,2026-05-18,11,PhD,HR,87,89,Offer,New York,Marketing
APP-1211,Applicant 1211,2026-05-17,3,High School,Technical,100,65,Rejected,San Francisco,Sales
APP-1212,Applicant 1212,2026-05-16,10,Bachelors,Screening,72,82,In Progress,London,Engineering
APP-1213,Applicant 1213,2026-05-15,2,Masters,Final,85,99,In Progress,Remote,Product
APP-1214,Applicant 1214,2026-05-14,9,PhD,HR,98,75,In Progress,Austin,Marketing
APP-1215,Applicant 1215,2026-05-13,1,High School,Technical,70,92,Offer,New York,Sales
APP-1216,Applicant 1216,2026-05-12,8,Bachelors,Screening,83,68,Rejected,San Francisco,Engineering
APP-1217,Applicant 1217,2026-05-11,15,Masters,Final,96,85,In Progress,London,Product
APP-1218,Applicant 1218,2026-05-10,7,PhD,HR,68,61,In Progress,Remote,Marketing
APP-1219,Applicant 1219,2026-05-09,14,High School,Technical,81,78,In Progress,Austin,Sales
APP-1220,Applicant 1220,2026-05-08,6,Bachelors,Screening,94,95,Offer,New York,Engineering
APP-1221,Applicant 1221,2026-05-07,13,Masters,Final,66,71,Rejected,San Francisco,Product
APP-1222,Applicant 1222,2026-05-06,5,PhD,HR,79,88,In Progress,London,Marketing
APP-1223,Applicant 1223,2026-05-05,12,High School,Technical,92,64,In Progress,Remote,Sales
APP-1224,Applicant 1224,2026-05-04,4,Bachelors,Screening,64,81,In Progress,Austin,Engineering
APP-1225,Applicant 1225,2026-05-03,11,Masters,Final,77,98,Offer,New York,Product
APP-1226,Applicant 1226,2026-05-02,3,PhD,HR,90,74,Rejected,San Francisco,Marketing
APP-1227,Applicant 1227,2026-05-01,10,High School,Technical,62,91,In Progress,London,Sales
APP-1228,Applicant 1228,2026-04-30,2,Bachelors,Screening,75,67,In Progress,Remote,Engineering
APP-1229,Applicant 1229,2026-04-29,9,Masters,Final,88,84,In Progress,Austin,Product
APP-1230,Applicant 1230,2026-04-28,1,PhD,HR,60,60,Offer,New York,Marketing
APP-1231,Applicant 1231,2026-04-27,8,High School,Technical,73,77,Rejected,San Francisco,Sales
APP-1232,Applicant 1232,2026-04-26,15,Bachelors,Screening,86,94,In Progress,London,Engineering
APP-1233,Applicant 1233,2026-04-25,7,Masters,Final,99,70,In Progress,Remote,Product
APP-1234,Applicant 1234,2026-04-24,14,PhD,HR,71,87,In Progress,Austin,Marketing
APP-1235,Applicant 1235,2026-04-23,6,High School,Technical,84,63,Offer,New York,Sales
APP-1236,Applicant 1236,2026-04-22,13,Bachelors,Screening,97,80,Rejected,San Francisco,Engineering
APP-1237,Applicant 1237,2026-04-21,5,Masters,Final,69,97,In Progress,London,Product
APP-1238,Applicant 1238,2026-04-20,12,PhD,HR,82,73,In Progress,Remote,Marketing
APP-1239,Applicant 1239,2026-04-19,4,High School,Technical,95,90,In Progress,Austin,Sales
APP-1240,Applicant 1240,2026-04-18,11,Bachelors,Screening,67,66,Offer,New York,Engineering
APP-1241,Applicant 1241,2026-04-17,3,Masters,Final,80,83,Rejected,San Francisco,Product
APP-1242,Applicant 1242,2026-04-16,10,PhD,HR,93,100,In Progress,London,Marketing
APP-1243,Applicant 1243,2026-04-15,2,High School,Technical,65,76,In Progress,Remote,Sales
APP-1244,Applicant 1244,2026-04-14,9,Bachelors,Screening,78,93,In Progress,Austin,Engineering
APP-1245,Applicant 1245,2026-04-13,1,Masters,Final,91,69,Offer,New York,Product
APP-1246,Applicant 1246,2026-04-12,8,PhD,HR,63,86,Rejected,San Francisco,Marketing
APP-1247,Applicant 1247,2026-04-11,15,High School,Technical,76,62,In Progress,London,Sales
APP-1248,Applicant 1248,2026-04-10,7,Bachelors,Screening,89,79,In Progress,Remote,Engineering
APP-1249,Applicant 1249,2026-04-09,14,Masters,Final,61,96,In Progress,Austin,Product
APP-1250,Applicant 1250,2026-04-08,6,PhD,HR,74,72,Offer,New York,Marketing
APP-1251,Applicant 1251,2026-04-07,13,High School,Technical,87,89,Rejected,San Francisco,Sales
APP-1252,Applicant 1252,2026-04-06,5,Bachelors,Screening,100,65,In Progress,London,Engineering
APP-1253,Applicant 1253,2026-04-05,12,Masters,Final,72,82,In Progress,Remote,Product
APP-1254,Applicant 1254,2026-04-04,4,PhD,HR,85,99,In Progress,Austin,Marketing
APP-1255,Applicant 1255,2026-04-03,11,High School,Technical,98,75,Offer,New York,Sales
APP-1256,Applicant 1256,2026-04-02,3,Bachelors,Screening,70,92,Rejected,San Francisco,Engineering
APP-1257,Applicant 1257,2026-04-01,10,Masters,Final,83,68,In Progress,London,Product
APP-1258,Applicant 1258,2026-03-31,2,PhD,HR,96,85,In Progress,Remote,Marketing
APP-1259,Applicant 1259,2026-03-30,9,High School,Technical,68,61,In Progress,Austin,Sales
APP-1260,Applicant 1260,2026-03-29,1,Bachelors,Screening,81,78,Offer,New York,Engineering
APP-1261,Applicant 1261,2026-03-28,8,Masters,Final,94,95,Rejected,San Francisco,Product
APP-1262,Applicant 1262,2026-03-27,15,PhD,HR,66,71,In Progress,London,Marketing
APP-1263,Applicant 1263,2026-03-26,7,High School,Technical,79,88,In Progress,Remote,Sales
APP-1264,Applicant 1264,2026-03-25,14,Bachelors,Screening,92,64,In Progress,Austin,Engineering
APP-1265,Applicant 1265,2026-03-24,6,Masters,Final,64,81,Offer,New York,Product
APP-1266,Applicant 1266,2026-03-23,13,PhD,HR,77,98,Rejected,San Francisco,Marketing
APP-1267,Applicant 1267,2026-03-22,5,High School,Technical,90,74,In Progress,London,Sales
APP-1268,Applicant 1268,2026-03-21,12,Bachelors,Screening,62,91,In Progress,Remote,Engineering
APP-1269,Applicant 1269,2026-03-20,4,Masters,Final,75,67,In Progress,Austin,Product
APP-1270,Applicant 1270,2026-03-19,11,PhD,HR,88,84,Offer,New York,Marketing
APP-1271,Applicant 1271,2026-03-18,3,High School,Technical,60,60,Rejected,San Francisco,Sales
APP-1272,Applicant 1272,2026-03-17,10,Bachelors,Screening,73,77,In Progress,London,Engineering
APP-1273,Applicant 1273,2026-03-16,2,Masters,Final,86,94,In Progress,Remote,Product
APP-1274,Applicant 1274,2026-03-15,9,PhD,HR,99,70,In Progress,Austin,Marketing
APP-1275,Applicant 1275,2026-03-14,1,High School,Technical,71,87,Offer,New York,Sales
APP-1276,Applicant 1276,2026-03-13,8,Bachelors,Screening,84,63,Rejected,San Francisco,Engineering
APP-1277,Applicant 1277,2026-03-12,15,Masters,Final,97,80,In Progress,London,Product
APP-1278,Applicant 1278,2026-03-11,7,PhD,HR,69,97,In Progress,Remote,Marketing
APP-1279,Applicant 1279,2026-03-10,14,High School,Technical,82,73,In Progress,Austin,Sales
APP-1280,Applicant 1280,2026-03-09,6,Bachelors,Screening,95,90,Offer,New York,Engineering
APP-1281,Applicant 1281,2026-03-08,13,Masters,Final,67,66,Rejected,San Francisco,Product
APP-1282,Applicant 1282,2026-03-07,5,PhD,HR,80,83,In Progress,London,Marketing
APP-1283,Applicant 1283,2026-03-06,12,High School,Technical,93,100,In Progress,Remote,Sales
APP-1284,Applicant 1284,2026-03-05,4,Bachelors,Screening,65,76,In Progress,Austin,Engineering
APP-1285,Applicant 1285,2026-03-04,11,Masters,Final,78,93,Offer,New York,Product
APP-1286,Applicant 1286,2026-03-03,3,PhD,HR,91,69,Rejected,San Francisco,Marketing
APP-1287,Applicant 1287,2026-03-02,10,High School,Technical,63,86,In Progress,London,Sales
APP-1288,Applicant 1288,2026-03-01,2,Bachelors,Screening,76,62,In Progress,Remote,Engineering
APP-1289,Applicant 1289,2026-02-28,9,Masters,Final,89,79,In Progress,Austin,Product
APP-1290,Applicant 1290,2026-02-27,1,PhD,HR,61,96,Offer,New York,Marketing
APP-1291,Applicant 1291,2026-02-26,8,High School,Technical,74,72,Rejected,San Francisco,Sales
APP-1292,Applicant 1292,2026-02-25,15,Bachelors,Screening,87,89,In Progress,London,Engineering
APP-1293,Applicant 1293,2026-02-24,7,Masters,Final,100,65,In Progress,Remote,Product
APP-1294,Applicant 1294,2026-02-23,14,PhD,HR,72,82,In Progress,Austin,Marketing
APP-1295,Applicant 1295,2026-02-22,6,High School,Technical,85,99,Offer,New York,Sales
APP-1296,Applicant 1296,2026-02-21,13,Bachelors,Screening,98,75,Rejected,San Francisco,Engineering
APP-1297,Applicant 1297,2026-02-20,5,Masters,Final,70,92,In Progress,London,Product
APP-1298,Applicant 1298,2026-02-19,12,PhD,HR,83,68,In Progress,Remote,Marketing
APP-1299,Applicant 1299,2026-02-18,4,High School,Technical,96,85,In Progress,Austin,Sales
APP-1300,Applicant 1300,2026-02-17,11,Bachelors,Screening,68,61,Offer,New York,Engineering
APP-1301,Applicant 1301,2026-02-16,3,Masters,Final,81,78,Rejected,San Francisco,Product
APP-1302,Applicant 1302,2026-02-15,10,PhD,HR,94,95,In Progress,London,Marketing
APP-1303,Applicant 1303,2026-02-14,2,High School,Technical,66,71,In Progress,Remote,Sales
APP-1304,Applicant 1304,2026-02-13,9,Bachelors,Screening,79,88,In Progress,Austin,Engineering
APP-1305,Applicant 1305,2026-02-12,1,Masters,Final,92,64,Offer,New York,Product
APP-1306,Applicant 1306,2026-02-11,8,PhD,HR,64,81,Rejected,San Francisco,Marketing
APP-1307,Applicant 1307,2026-02-10,15,High School,Technical,77,98,In Progress,London,Sales
APP-1308,Applicant 1308,2026-02-09,7,Bachelors,Screening,90,74,In Progress,Remote,Engineering
APP-1309,Applicant 1309,2026-02-08,14,Masters,Final,62,91,In Progress,Austin,Product
APP-1310,Applicant 1310,2026-02-07,6,PhD,HR,75,67,Offer,New York,Marketing
APP-1311,Applicant 1311,2026-02-06,13,High School,Technical,88,84,Rejected,San Francisco,Sales
APP-1312,Applicant 1312,2026-02-05,5,Bachelors,Screening,60,60,In Progress,London,Engineering
APP-1313,Applicant 1313,2026-02-04,12,Masters,Final,73,77,In Progress,Remote,Product
APP-1314,Applicant 1314,2026-02-03,4,PhD,HR,86,94,In Progress,Austin,Marketing
APP-1315,Applicant 1315,2026-02-02,11,High School,Technical,99,70,Offer,New York,Sales
APP-1316,Applicant 1316,2026-02-01,3,Bachelors,Screening,71,87,Rejected,San Francisco,Engineering
APP-1317,Applicant 1317,2026-01-31,10,Masters,Final,84,63,In Progress,London,Product
APP-1318,Applicant 1318,2026-01-30,2,PhD,HR,97,80,In Progress,Remote,Marketing
APP-1319,Applicant 1319,2026-01-29,9,High School,Technical,69,97,In Progress,Austin,Sales
APP-1320,Applicant 1320,2026-01-28,1,Bachelors,Screening,82,73,Offer,New York,Engineering
APP-1321,Applicant 1321,2026-01-27,8,Masters,Final,95,90,Rejected,San Francisco,Product
APP-1322,Applicant 1322,2026-01-26,15,PhD,HR,67,66,In Progress,London,Marketing
APP-1323,Applicant 1323,2026-01-25,7,High School,Technical,80,83,In Progress,Remote,Sales
APP-1324,Applicant 1324,2026-01-24,14,Bachelors,Screening,93,100,In Progress,Austin,Engineering
APP-1325,Applicant 1325,2026-01-23,6,Masters,Final,65,76,Offer,New York,Product
APP-1326,Applicant 1326,2026-01-22,13,PhD,HR,78,93,Rejected,San Francisco,Marketing
APP-1327,Applicant 1327,2026-01-21,5,High School,Technical,91,69,In Progress,London,Sales
APP-1328,Applicant 1328,2026-01-20,12,Bachelors,Screening,63,86,In Progress,Remote,Engineering
APP-1329,Applicant 1329,2026-01-19,4,Masters,Final,76,62,In Progress,Austin,Product
APP-1330,Applicant 1330,2026-01-18,11,PhD,HR,89,79,Offer,New York,Marketing
APP-1331,Applicant 1331,2026-01-17,3,High School,Technical,61,96,Rejected,San Francisco,Sales
APP-1332,Applicant 1332,2026-01-16,10,Bachelors,Screening,74,72,In Progress,London,Engineering
APP-1333,Applicant 1333,2026-01-15,2,Masters,Final,87,89,In Progress,Remote,Product
APP-1334,Applicant 1334,2026-01-14,9,PhD,HR,100,65,In Progress,Austin,Marketing
APP-1335,Applicant 1335,2026-01-13,1,High School,Technical,72,82,Offer,New York,Sales
APP-1336,Applicant 1336,2026-01-12,8,Bachelors,Screening,85,99,Rejected,San Francisco,Engineering
APP-1337,Applicant 1337,2026-01-11,15,Masters,Final,98,75,In Progress,London,Product
APP-1338,Applicant 1338,2026-01-10,7,PhD,HR,70,92,In Progress,Remote,Marketing
APP-1339,Applicant 1339,2026-01-09,14,High School,Technical,83,68,In Progress,Austin,Sales
APP-1340,Applicant 1340,2026-01-08,6,Bachelors,Screening,96,85,Offer,New York,Engineering
APP-1341,Applicant 1341,2026-01-07,13,Masters,Final,68,61,Rejected,San Francisco,Product
APP-1342,Applicant 1342,2026-01-06,5,PhD,HR,81,78,In Progress,London,Marketing
APP-1343,Applicant 1343,2026-01-05,12,High School,Technical,94,95,In Progress,Remote,Sales
APP-1344,Applicant 1344,2026-01-04,4,Bachelors,Screening,66,71,In Progress,Austin,Engineering
APP-1345,Applicant 1345,2026-01-03,11,Masters,Final,79,88,Offer,New York,Product
APP-1346,Applicant 1346,2026-01-02,3,PhD,HR,92,64,Rejected,San Francisco,Marketing
APP-1347,Applicant 1347,2026-01-01,10,High School,Technical,64,81,In Progress,London,Sales
APP-1348,Applicant 1348,2025-12-31,2,Bachelors,Screening,77,98,In Progress,Remote,Engineering
APP-1349,Applicant 1349,2025-12-30,9,Masters,Final,90,74,In Progress,Austin,Product
APP-1350,Applicant 1350,2025-12-29,1,PhD,HR,62,91,Offer,New York,Marketing
APP-1351,Applicant 1351,2025-12-28,8,High School,Technical,75,67,Rejected,San Francisco,Sales
APP-1352,Applicant 1352,2025-12-27,15,Bachelors,Screening,88,84,In Progress,London,Engineering
APP-1353,Applicant 1353,2025-12-26,7,Masters,Final,60,60,In Progress,Remote,Product
APP-1354,Applicant 1354,2025-12-25,14,PhD,HR,73,77,In Progress,Austin,Marketing
APP-1355,Applicant 1355,2025-12-24,6,High School,Technical,86,94,Offer,New York,Sales
APP-1356,Applicant 1356,2025-12-23,13,Bachelors,Screening,99,70,Rejected,San Francisco,Engineering
APP-1357,Applicant 1357,2025-12-22,5,Masters,Final,71,87,In Progress,London,Product
APP-1358,Applicant 1358,2025-12-21,12,PhD,HR,84,63,In Progress,Remote,Marketing
APP-1359,Applicant 1359,2025-12-20,4,High School,Technical,97,80,In Progress,Austin,Sales
APP-1360,Applicant 1360,2025-12-19,11,Bachelors,Screening,69,97,Offer,New York,Engineering
APP-1361,Applicant 1361,2025-12-18,3,Masters,Final,82,73,Rejected,San Francisco,Product
APP-1362,Applicant 1362,2025-12-17,10,PhD,HR,95,90,In Progress,London,Marketing
APP-1363,Applicant 1363,2025-12-16,2,High School,Technical,67,66,In Progress,Remote,Sales
APP-1364,Applicant 1364,2025-12-15,9,Bachelors,Screening,80,83,In Progress,Austin,Engineering
APP-1365,Applicant 1365,2025-12-14,1,Masters,Final,93,100,Offer,New York,Product
APP-1366,Applicant 1366,2025-12-13,8,PhD,HR,65,76,Rejected,San Francisco,Marketing
APP-1367,Applicant 1367,2025-12-12,15,High School,Technical,78,93,In Progress,London,Sales
APP-1368,Applicant 1368,2025-12-11,7,Bachelors,Screening,91,69,In Progress,Remote,Engineering
APP-1369,Applicant 1369,2025-12-10,14,Masters,Final,63,86,In Progress,Austin,Product
APP-1370,Applicant 1370,2025-12-09,6,PhD,HR,76,62,Offer,New York,Marketing
APP-1371,Applicant 1371,2025-12-08,13,High School,Technical,89,79,Rejected,San Francisco,Sales
APP-1372,Applicant 1372,2025-12-07,5,Bachelors,Screening,61,96,In Progress,London,Engineering
APP-1373,Applicant 1373,2025-12-06,12,Masters,Final,74,72,In Progress,Remote,Product
APP-1374,Applicant 1374,2025-12-05,4,PhD,HR,87,89,In Progress,Austin,Marketing
APP-1375,Applicant 1375,2025-12-04,11,High School,Technical,100,65,Offer,New York,Sales
APP-1376,Applicant 1376,2025-12-03,3,Bachelors,Screening,72,82,Rejected,San Francisco,Engineering
APP-1377,Applicant 1377,2025-12-02,10,Masters,Final,85,99,In Progress,London,Product
APP-1378,Applicant 1378,2025-12-01,2,PhD,HR,98,75,In Progress,Remote,Marketing
APP-1379,Applicant 1379,2025-11-30,9,High School,Technical,70,92,In Progress,Austin,Sales
APP-1380,Applicant 1380,2025-11-29,1,Bachelors,Screening,83,68,Offer,New York,Engineering
APP-1381,Applicant 1381,2025-11-28,8,Masters,Final,96,85,Rejected,San Francisco,Product
APP-1382,Applicant 1382,2025-11-27,15,PhD,HR,68,61,In Progress,London,Marketing
APP-1383,Applicant 1383,2025-11-26,7,High School,Technical,81,78,In Progress,Remote,Sales
APP-1384,Applicant 1384,2025-11-25,14,Bachelors,Screening,94,95,In Progress,Austin,Engineering
APP-1385,Applicant 1385,2025-11-24,6,Masters,Final,66,71,Offer,New York,Product
APP-1386,Applicant 1386,2025-11-23,13,PhD,HR,79,88,Rejected,San Francisco,Marketing
APP-1387,Applicant 1387,2025-11-22,5,High School,Technical,92,64,In Progress,London,Sales
APP-1388,Applicant 1388,2025-11-21,12,Bachelors,Screening,64,81,In Progress,Remote,Engineering
APP-1389,Applicant 1389,2025-11-20,4,Masters,Final,77,98,In Progress,Austin,Product
APP-1390,Applicant 1390,2025-11-19,11,PhD,HR,90,74,Offer,New York,Marketing
APP-1391,Applicant 1391,2025-11-18,3,High School,Technical,62,91,Rejected,San Francisco,Sales
APP-1392,Applicant 1392,2025-11-17,10,Bachelors,Screening,75,67,In Progress,London,Engineering
APP-1393,Applicant 1393,2025-11-16,2,Masters,Final,88,84,In Progress,Remote,Product
APP-1394,Applicant 1394,2025-11-15,9,PhD,HR,60,60,In Progress,Austin,Marketing
APP-1395,Applicant 1395,2025-11-14,1,High School,Technical,73,77,Offer,New York,Sales
APP-1396,Applicant 1396,2025-11-13,8,Bachelors,Screening,86,94,Rejected,San Francisco,Engineering
APP-1397,Applicant 1397,2025-11-12,15,Masters,Final,99,70,In Progress,London,Product
APP-1398,Applicant 1398,2025-11-11,7,PhD,HR,71,87,In Progress,Remote,Marketing
APP-1399,Applicant 1399,2025-11-10,14,High School,Technical,84,63,In Progress,Austin,Sales
APP-1400,Applicant 1400,2025-11-09,6,Bachelors,Screening,97,80,Offer,New York,Engineering
APP-1401,Applicant 1401,2025-11-08,13,Masters,Final,69,97,Rejected,San Francisco,Product
APP-1402,Applicant 1402,2025-11-07,5,PhD,HR,82,73,In Progress,London,Marketing
APP-1403,Applicant 1403,2025-11-06,12,High School,Technical,95,90,In Progress,Remote,Sales
APP-1404,Applicant 1404,2025-11-05,4,Bachelors,Screening,67,66,In Progress,Austin,Engineering
APP-1405,Applicant 1405,2025-11-04,11,Masters,Final,80,83,Offer,New York,Product
APP-1406,Applicant 1406,2025-11-03,3,PhD,HR,93,100,Rejected,San Francisco,Marketing
APP-1407,Applicant 1407,2025-11-02,10,High School,Technical,65,76,In Progress,London,Sales
APP-1408,Applicant 1408,2025-11-01,2,Bachelors,Screening,78,93,In Progress,Remote,Engineering
APP-1409,Applicant 1409,2025-10-31,9,Masters,Final,91,69,In Progress,Austin,Product
APP-1410,Applicant 1410,2025-10-30,1,PhD,HR,63,86,Offer,New York,Marketing
APP-1411,Applicant 1411,2025-10-29,8,High School,Technical,76,62,Rejected,San Francisco,Sales
APP-1412,Applicant 1412,2025-10-28,15,Bachelors,Screening,89,79,In Progress,London,Engineering
APP-1413,Applicant 1413,2025-10-27,7,Masters,Final,61,96,In Progress,Remote,Product
APP-1414,Applicant 1414,2025-10-26,14,PhD,HR,74,72,In Progress,Austin,Marketing
APP-1415,Applicant 1415,2025-10-25,6,High School,Technical,87,89,Offer,New York,Sales
APP-1416,Applicant 1416,2025-10-24,13,Bachelors,Screening,100,65,Rejected,San Francisco,Engineering
APP-1417,Applicant 1417,2025-10-23,5,Masters,Final,72,82,In Progress,London,Product
APP-1418,Applicant 1418,2025-10-22,12,PhD,HR,85,99,In Progress,Remote,Marketing
APP-1419,Applicant 1419,2025-10-21,4,High School,Technical,98,75,In Progress,Austin,Sales
APP-1420,Applicant 1420,2025-10-20,11,Bachelors,Screening,70,92,Offer,New York,Engineering
APP-1421,Applicant 1421,2025-10-19,3,Masters,Final,83,68,Rejected,San Francisco,Product
APP-1422,Applicant 1422,2025-10-18,10,PhD,HR,96,85,In Progress,London,Marketing
APP-1423,Applicant 1423,2025-10-17,2,High School,Technical,68,61,In Progress,Remote,Sales
APP-1424,Applicant 1424,2025-10-16,9,Bachelors,Screening,81,78,In Progress,Austin,Engineering
APP-1425,Applicant 1425,2025-10-15,1,Masters,Final,94,95,Offer,New York,Product
APP-1426,Applicant 1426,2025-10-14,8,PhD,HR,66,71,Rejected,San Francisco,Marketing
APP-1427,Applicant 1427,2025-10-13,15,High School,Technical,79,88,In Progress,London,Sales
APP-1428,Applicant 1428,2025-10-12,7,Bachelors,Screening,92,64,In Progress,Remote,Engineering
APP-1429,Applicant 1429,2025-10-11,14,Masters,Final,64,81,In Progress,Austin,Product
APP-1430,Applicant 1430,2025-10-10,6,PhD,HR,77,98,Offer,New York,Marketing
APP-1431,Applicant 1431,2025-10-09,13,High School,Technical,90,74,Rejected,San Francisco,Sales
APP-1432,Applicant 1432,2025-10-08,5,Bachelors,Screening,62,91,In Progress,London,Engineering
APP-1433,Applicant 1433,2025-10-07,12,Masters,Final,75,67,In Progress,Remote,Product
APP-1434,Applicant 1434,2025-10-06,4,PhD,HR,88,84,In Progress,Austin,Marketing
APP-1435,Applicant 1435,2025-10-05,11,High School,Technical,60,60,Offer,New York,Sales
APP-1436,Applicant 1436,2025-10-04,3,Bachelors,Screening,73,77,Rejected,San Francisco,Engineering
APP-1437,Applicant 1437,2025-10-03,10,Masters,Final,86,94,In Progress,London,Product
APP-1438,Applicant 1438,2025-10-02,2,PhD,HR,99,70,In Progress,Remote,Marketing
APP-1439,Applicant 1439,2025-10-01,9,High School,Technical,71,87,In Progress,Austin,Sales
APP-1440,Applicant 1440,2025-09-30,1,Bachelors,Screening,84,63,Offer,New York,Engineering
APP-1441,Applicant 1441,2025-09-29,8,Masters,Final,97,80,Rejected,San Francisco,Product
APP-1442,Applicant 1442,2025-09-28,15,PhD,HR,69,97,In Progress,London,Marketing
APP-1443,Applicant 1443,2025-09-27,7,High School,Technical,82,73,In Progress,Remote,Sales
APP-1444,Applicant 1444,2025-09-26,14,Bachelors,Screening,95,90,In Progress,Austin,Engineering
APP-1445,Applicant 1445,2025-09-25,6,Masters,Final,67,66,Offer,New York,Product
APP-1446,Applicant 1446,2025-09-24,13,PhD,HR,80,83,Rejected,San Francisco,Marketing
APP-1447,Applicant 1447,2025-09-23,5,High School,Technical,93,100,In Progress,London,Sales
APP-1448,Applicant 1448,2025-09-22,12,Bachelors,Screening,65,76,In Progress,Remote,Engineering
APP-1449,Applicant 1449,2025-09-21,4,Masters,Final,78,93,In Progress,Austin,Product
APP-1450,Applicant 1450,2025-09-20,11,PhD,HR,91,69,Offer,New York,Marketing
APP-1451,Applicant 1451,2025-09-19,3,High School,Technical,63,86,Rejected,San Francisco,Sales
APP-1452,Applicant 1452,2025-09-18,10,Bachelors,Screening,76,62,In Progress,London,Engineering
APP-1453,Applicant 1453,2025-09-17,2,Masters,Final,89,79,In Progress,Remote,Product
APP-1454,Applicant 1454,2025-09-16,9,PhD,HR,61,96,In Progress,Austin,Marketing
APP-1455,Applicant 1455,2025-09-15,1,High School,Technical,74,72,Offer,New York,Sales
APP-1456,Applicant 1456,2025-09-14,8,Bachelors,Screening,87,89,Rejected,San Francisco,Engineering
APP-1457,Applicant 1457,2025-09-13,15,Masters,Final,100,65,In Progress,London,Product
APP-1458,Applicant 1458,2025-09-12,7,PhD,HR,72,82,In Progress,Remote,Marketing
APP-1459,Applicant 1459,2025-09-11,14,High School,Technical,85,99,In Progress,Austin,Sales
APP-1460,Applicant 1460,2026-09-10,6,Bachelors,Screening,98,75,Offer,New York,Engineering
APP-1461,Applicant 1461,2026-09-09,13,Masters,Final,70,92,Rejected,San Francisco,Product
APP-1462,Applicant 1462,2026-09-08,5,PhD,HR,83,68,In Progress,London,Marketing
APP-1463,Applicant 1463,2026-09-07,12,High School,Technical,96,85,In Progress,Remote,Sales
APP-1464,Applicant 1464,2026-09-06,4,Bachelors,Screening,68,61,In Progress,Austin,Engineering
APP-1465,Applicant 1465,2026-09-05,11,Masters,Final,81,78,Offer,New York,Product
APP-1466,Applicant 1466,2026-09-04,3,PhD,HR,94,95,Rejected,San Francisco,Marketing
APP-1467,Applicant 1467,2026-09-03,10,High School,Technical,66,71,In Progress,London,Sales
APP-1468,Applicant 1468,2026-09-02,2,Bachelors,Screening,79,88,In Progress,Remote,Engineering
APP-1469,Applicant 1469,2026-09-01,9,Masters,Final,92,64,In Progress,Austin,Product
APP-1470,Applicant 1470,2026-08-31,1,PhD,HR,64,81,Offer,New York,Marketing
APP-1471,Applicant 1471,2026-08-30,8,High School,Technical,77,98,Rejected,San Francisco,Sales
APP-1472,Applicant 1472,2026-08-29,15,Bachelors,Screening,90,74,In Progress,London,Engineering
APP-1473,Applicant 1473,2026-08-28,7,Masters,Final,62,91,In Progress,Remote,Product
APP-1474,Applicant 1474,2026-08-27,14,PhD,HR,75,67,In Progress,Austin,Marketing
APP-1475,Applicant 1475,2026-08-26,6,High School,Technical,88,84,Offer,New York,Sales
APP-1476,Applicant 1476,2026-08-25,13,Bachelors,Screening,60,60,Rejected,San Francisco,Engineering
APP-1477,Applicant 1477,2026-08-24,5,Masters,Final,73,77,In Progress,London,Product
APP-1478,Applicant 1478,2026-08-23,12,PhD,HR,86,94,In Progress,Remote,Marketing
APP-1479,Applicant 1479,2026-08-22,4,High School,Technical,99,70,In Progress,Austin,Sales
APP-1480,Applicant 1480,2026-08-21,11,Bachelors,Screening,71,87,Offer,New York,Engineering
APP-1481,Applicant 1481,2026-08-20,3,Masters,Final,84,63,Rejected,San Francisco,Product
APP-1482,Applicant 1482,2026-08-19,10,PhD,HR,97,80,In Progress,London,Marketing
APP-1483,Applicant 1483,2026-08-18,2,High School,Technical,69,97,In Progress,Remote,Sales
APP-1484,Applicant 1484,2026-08-17,9,Bachelors,Screening,82,73,In Progress,Austin,Engineering
APP-1485,Applicant 1485,2026-08-16,1,Masters,Final,95,90,Offer,New York,Product
APP-1486,Applicant 1486,2026-08-15,8,PhD,HR,67,66,Rejected,San Francisco,Marketing
APP-1487,Applicant 1487,2026-08-14,15,High School,Technical,80,83,In Progress,London,Sales
APP-1488,Applicant 1488,2026-08-13,7,Bachelors,Screening,93,100,In Progress,Remote,Engineering
APP-1489,Applicant 1489,2026-08-12,14,Masters,Final,65,76,In Progress,Austin,Product
APP-1490,Applicant 1490,2026-08-11,6,PhD,HR,78,93,Offer,New York,Marketing
APP-1491,Applicant 1491,2026-08-10,13,High School,Technical,91,69,Rejected,San Francisco,Sales
APP-1492,Applicant 1492,2026-08-09,5,Bachelors,Screening,63,86,In Progress,London,Engineering
APP-1493,Applicant 1493,2026-08-08,12,Masters,Final,76,62,In Progress,Remote,Product
APP-1494,Applicant 1494,2026-08-07,4,PhD,HR,89,79,In Progress,Austin,Marketing
APP-1495,Applicant 1495,2026-08-06,11,High School,Technical,61,96,Offer,New York,Sales
APP-1496,Applicant 1496,2026-08-05,3,Bachelors,Screening,74,72,Rejected,San Francisco,Engineering
APP-1497,Applicant 1497,2026-08-04,10,Masters,Final,87,89,In Progress,London,Product
APP-1498,Applicant 1498,2026-08-03,2,PhD,HR,100,65,In Progress,Remote,Marketing
APP-1499,Applicant 1499,2026-08-02,9,High School,Technical,72,82,In Progress,Austin,Sales
APP-1500,Applicant 1500,2026-08-01,1,Bachelors,Screening,85,99,Offer,New York,Engineering
APP-1501,Applicant 1501,2026-07-31,8,Masters,Final,98,75,Rejected,San Francisco,Product
APP-1502,Applicant 1502,2026-07-30,15,PhD,HR,70,92,In Progress,London,Marketing
APP-1503,Applicant 1503,2026-07-29,7,High School,Technical,83,68,In Progress,Remote,Sales
APP-1504,Applicant 1504,2026-07-28,14,Bachelors,Screening,96,85,In Progress,Austin,Engineering
APP-1505,Applicant 1505,2026-07-27,6,Masters,Final,68,61,Offer,New York,Product
APP-1506,Applicant 1506,2026-07-26,13,PhD,HR,81,78,Rejected,San Francisco,Marketing
APP-1507,Applicant 1507,2026-07-25,5,High School,Technical,94,95,In Progress,London,Sales
APP-1508,Applicant 1508,2026-07-24,12,Bachelors,Screening,66,71,In Progress,Remote,Engineering
APP-1509,Applicant 1509,2026-07-23,4,Masters,Final,79,88,In Progress,Austin,Product
APP-1510,Applicant 1510,2026-07-22,11,PhD,HR,92,64,Offer,New York,Marketing
APP-1511,Applicant 1511,2026-07-21,3,High School,Technical,64,81,Rejected,San Francisco,Sales
APP-1512,Applicant 1512,2026-07-20,10,Bachelors,Screening,77,98,In Progress,London,Engineering
APP-1513,Applicant 1513,2026-07-19,2,Masters,Final,90,74,In Progress,Remote,Product
APP-1514,Applicant 1514,2026-07-18,9,PhD,HR,62,91,In Progress,Austin,Marketing
APP-1515,Applicant 1515,2026-07-17,1,High School,Technical,75,67,Offer,New York,Sales
APP-1516,Applicant 1516,2026-07-16,8,Bachelors,Screening,88,84,Rejected,San Francisco,Engineering
APP-1517,Applicant 1517,2026-07-15,15,Masters,Final,60,60,In Progress,London,Product
APP-1518,Applicant 1518,2026-07-14,7,PhD,HR,73,77,In Progress,Remote,Marketing
APP-1519,Applicant 1519,2026-07-13,14,High School,Technical,86,94,In Progress,Austin,Sales
APP-1520,Applicant 1520,2026-07-12,6,Bachelors,Screening,99,70,Offer,New York,Engineering
APP-1521,Applicant 1521,2026-07-11,13,Masters,Final,71,87,Rejected,San Francisco,Product
APP-1522,Applicant 1522,2026-07-10,5,PhD,HR,84,63,In Progress,London,Marketing
APP-1523,Applicant 1523,2026-07-09,12,High School,Technical,97,80,In Progress,Remote,Sales
APP-1524,Applicant 1524,2026-07-08,4,Bachelors,Screening,69,97,In Progress,Austin,Engineering
APP-1525,Applicant 1525,2026-07-07,11,Masters,Final,82,73,Offer,New York,Product
APP-1526,Applicant 1526,2026-07-06,3,PhD,HR,95,90,Rejected,San Francisco,Marketing
APP-1527,Applicant 1527,2026-07-05,10,High School,Technical,67,66,In Progress,London,Sales
APP-1528,Applicant 1528,2026-07-04,2,Bachelors,Screening,80,83,In Progress,Remote,Engineering
APP-1529,Applicant 1529,2026-07-03,9,Masters,Final,93,100,In Progress,Austin,Product
APP-1530,Applicant 1530,2026-07-02,1,PhD,HR,65,76,Offer,New York,Marketing
APP-1531,Applicant 1531,2026-07-01,8,High School,Technical,78,93,Rejected,San Francisco,Sales
APP-1532,Applicant 1532,2026-06-30,15,Bachelors,Screening,91,69,In Progress,London,Engineering
APP-1533,Applicant 1533,2026-06-29,7,Masters,Final,63,86,In Progress,Remote,Product
APP-1534,Applicant 1534,2026-06-28,14,PhD,HR,76,62,In Progress,Austin,Marketing
APP-1535,Applicant 1535,2026-06-27,6,High School,Technical,89,79,Offer,New York,Sales
APP-1536,Applicant 1536,2026-06-26,13,Bachelors,Screening,61,96,Rejected,San Francisco,Engineering
APP-1537,Applicant 1537,2026-06-25,5,Masters,Final,74,72,In Progress,London,Product
APP-1538,Applicant 1538,2026-06-24,12,PhD,HR,87,89,In Progress,Remote,Marketing
APP-1539,Applicant 1539,2026-06-23,4,High School,Technical,100,65,In Progress,Austin,Sales
APP-1540,Applicant 1540,2026-06-22,11,Bachelors,Screening,72,82,Offer,New York,Engineering
APP-1541,Applicant 1541,2026-06-21,3,Masters,Final,85,99,Rejected,San Francisco,Product
APP-1542,Applicant 1542,2026-06-20,10,PhD,HR,98,75,In Progress,London,Marketing
APP-1543,Applicant 1543,2026-06-19,2,High School,Technical,70,92,In Progress,Remote,Sales
APP-1544,Applicant 1544,2026-06-18,9,Bachelors,Screening,83,68,In Progress,Austin,Engineering
APP-1545,Applicant 1545,2026-06-17,1,Masters,Final,96,85,Offer,New York,Product
APP-1546,Applicant 1546,2026-06-16,8,PhD,HR,68,61,Rejected,San Francisco,Marketing
APP-1547,Applicant 1547,2026-06-15,15,High School,Technical,81,78,In Progress,London,Sales
APP-1548,Applicant 1548,2026-06-14,7,Bachelors,Screening,94,95,In Progress,Remote,Engineering
APP-1549,Applicant 1549,2026-06-13,14,Masters,Final,66,71,In Progress,Austin,Product
APP-1550,Applicant 1550,2026-06-12,6,PhD,HR,79,88,Offer,New York,Marketing
APP-1551,Applicant 1551,2026-06-11,13,High School,Technical,92,64,Rejected,San Francisco,Sales
APP-1552,Applicant 1552,2026-06-10,5,Bachelors,Screening,64,81,In Progress,London,Engineering
APP-1553,Applicant 1553,2026-06-09,12,Masters,Final,77,98,In Progress,Remote,Product
APP-1554,Applicant 1554,2026-06-08,4,PhD,HR,90,74,In Progress,Austin,Marketing
APP-1555,Applicant 1555,2026-06-07,11,High School,Technical,62,91,Offer,New York,Sales
APP-1556,Applicant 1556,2026-06-06,3,Bachelors,Screening,75,67,Rejected,San Francisco,Engineering
APP-1557,Applicant 1557,2026-06-05,10,Masters,Final,88,84,In Progress,London,Product
APP-1558,Applicant 1558,2026-06-04,2,PhD,HR,60,60,In Progress,Remote,Marketing
APP-1559,Applicant 1559,2026-06-03,9,High School,Technical,73,77,In Progress,Austin,Sales
APP-1560,Applicant 1560,2026-06-02,1,Bachelors,Screening,86,94,Offer,New York,Engineering
APP-1561,Applicant 1561,2026-06-01,8,Masters,Final,99,70,Rejected,San Francisco,Product
APP-1562,Applicant 1562,2026-05-31,15,PhD,HR,71,87,In Progress,London,Marketing
APP-1563,Applicant 1563,2026-05-30,7,High School,Technical,84,63,In Progress,Remote,Sales
APP-1564,Applicant 1564,2026-05-29,14,Bachelors,Screening,97,80,In Progress,Austin,Engineering
APP-1565,Applicant 1565,2026-05-28,6,Masters,Final,69,97,Offer,New York,Product
APP-1566,Applicant 1566,2026-05-27,13,PhD,HR,82,73,Rejected,San Francisco,Marketing
APP-1567,Applicant 1567,2026-05-26,5,High School,Technical,95,90,In Progress,London,Sales
APP-1568,Applicant 1568,2026-05-25,12,Bachelors,Screening,67,66,In Progress,Remote,Engineering
APP-1569,Applicant 1569,2026-05-24,4,Masters,Final,80,83,In Progress,Austin,Product
APP-1570,Applicant 1570,2026-05-23,11,PhD,HR,93,100,Offer,New York,Marketing
APP-1571,Applicant 1571,2026-05-22,3,High School,Technical,65,76,Rejected,San Francisco,Sales
APP-1572,Applicant 1572,2026-05-21,10,Bachelors,Screening,78,93,In Progress,London,Engineering
APP-1573,Applicant 1573,2026-05-20,2,Masters,Final,91,69,In Progress,Remote,Product
APP-1574,Applicant 1574,2026-05-19,9,PhD,HR,63,86,In Progress,Austin,Marketing
APP-1575,Applicant 1575,2026-05-18,1,High School,Technical,76,62,Offer,New York,Sales
APP-1576,Applicant 1576,2026-05-17,8,Bachelors,Screening,89,79,Rejected,San Francisco,Engineering
APP-1577,Applicant 1577,2026-05-16,15,Masters,Final,61,96,In Progress,London,Product
APP-1578,Applicant 1578,2026-05-15,7,PhD,HR,74,72,In Progress,Remote,Marketing
APP-1579,Applicant 1579,2026-05-14,14,High School,Technical,87,89,In Progress,Austin,Sales
APP-1580,Applicant 1580,2026-05-13,6,Bachelors,Screening,100,65,Offer,New York,Engineering
APP-1581,Applicant 1581,2026-05-12,13,Masters,Final,72,82,Rejected,San Francisco,Product
APP-1582,Applicant 1582,2026-05-11,5,PhD,HR,85,99,In Progress,London,Marketing
APP-1583,Applicant 1583,2026-05-10,12,High School,Technical,98,75,In Progress,Remote,Sales
APP-1584,Applicant 1584,2026-05-09,4,Bachelors,Screening,70,92,In Progress,Austin,Engineering
APP-1585,Applicant 1585,2026-05-08,11,Masters,Final,83,68,Offer,New York,Product
APP-1586,Applicant 1586,2026-05-07,3,PhD,HR,96,85,Rejected,San Francisco,Marketing
APP-1587,Applicant 1587,2026-05-06,10,High School,Technical,68,61,In Progress,London,Sales
APP-1588,Applicant 1588,2026-05-05,2,Bachelors,Screening,81,78,In Progress,Remote,Engineering
APP-1589,Applicant 1589,2026-05-04,9,Masters,Final,94,95,In Progress,Austin,Product
APP-1590,Applicant 1590,2026-05-03,1,PhD,HR,66,71,Offer,New York,Marketing
APP-1591,Applicant 1591,2026-05-02,8,High School,Technical,79,88,Rejected,San Francisco,Sales
APP-1592,Applicant 1592,2026-05-01,15,Bachelors,Screening,92,64,In Progress,London,Engineering
APP-1593,Applicant 1593,2026-04-30,7,Masters,Final,64,81,In Progress,Remote,Product
APP-1594,Applicant 1594,2026-04-29,14,PhD,HR,77,98,In Progress,Austin,Marketing
APP-1595,Applicant 1595,2026-04-28,6,High School,Technical,90,74,Offer,New York,Sales
APP-1596,Applicant 1596,2026-04-27,13,Bachelors,Screening,62,91,Rejected,San Francisco,Engineering
APP-1597,Applicant 1597,2026-04-26,5,Masters,Final,75,67,In Progress,London,Product
APP-1598,Applicant 1598,2026-04-25,12,PhD,HR,88,84,In Progress,Remote,Marketing
APP-1599,Applicant 1599,2026-04-24,4,High School,Technical,60,60,In Progress,Austin,Sales
APP-1600,Applicant 1600,2026-04-23,11,Bachelors,Screening,73,77,Offer,New York,Engineering
APP-1601,Applicant 1601,2026-04-22,3,Masters,Final,86,94,Rejected,San Francisco,Product
APP-1602,Applicant 1602,2026-04-21,10,PhD,HR,99,70,In Progress,London,Marketing
APP-1603,Applicant 1603,2026-04-20,2,High School,Technical,71,87,In Progress,Remote,Sales
APP-1604,Applicant 1604,2026-04-19,9,Bachelors,Screening,84,63,In Progress,Austin,Engineering
APP-1605,Applicant 1605,2026-04-18,1,Masters,Final,97,80,Offer,New York,Product
APP-1606,Applicant 1606,2026-04-17,8,PhD,HR,69,97,Rejected,San Francisco,Marketing
APP-1607,Applicant 1607,2026-04-16,15,High School,Technical,82,73,In Progress,London,Sales
APP-1608,Applicant 1608,2026-04-15,7,Bachelors,Screening,95,90,In Progress,Remote,Engineering
APP-1609,Applicant 1609,2026-04-14,14,Masters,Final,67,66,In Progress,Austin,Product
APP-1610,Applicant 1610,2026-04-13,6,PhD,HR,80,83,Offer,New York,Marketing
APP-1611,Applicant 1611,2026-04-12,13,High School,Technical,93,100,Rejected,San Francisco,Sales
APP-1612,Applicant 1612,2026-04-11,5,Bachelors,Screening,65,76,In Progress,London,Engineering
APP-1613,Applicant 1613,2026-04-10,12,Masters,Final,78,93,In Progress,Remote,Product
APP-1614,Applicant 1614,2026-04-09,4,PhD,HR,91,69,In Progress,Austin,Marketing
APP-1615,Applicant 1615,2026-04-08,11,High School,Technical,63,86,Offer,New York,Sales
APP-1616,Applicant 1616,2026-04-07,3,Bachelors,Screening,76,62,Rejected,San Francisco,Engineering
APP-1617,Applicant 1617,2026-04-06,10,Masters,Final,89,79,In Progress,London,Product
APP-1618,Applicant 1618,2026-04-05,2,PhD,HR,61,96,In Progress,Remote,Marketing
APP-1619,Applicant 1619,2026-04-04,9,High School,Technical,74,72,In Progress,Austin,Sales
APP-1620,Applicant 1620,2026-04-03,1,Bachelors,Screening,87,89,Offer,New York,Engineering
APP-1621,Applicant 1621,2026-04-02,8,Masters,Final,100,65,Rejected,San Francisco,Product
APP-1622,Applicant 1622,2026-04-01,15,PhD,HR,72,82,In Progress,London,Marketing
APP-1623,Applicant 1623,2026-03-31,7,High School,Technical,85,99,In Progress,Remote,Sales
APP-1624,Applicant 1624,2026-03-30,14,Bachelors,Screening,98,75,In Progress,Austin,Engineering
APP-1625,Applicant 1625,2026-03-29,6,Masters,Final,70,92,Offer,New York,Product
APP-1626,Applicant 1626,2026-03-28,13,PhD,HR,83,68,Rejected,San Francisco,Marketing
APP-1627,Applicant 1627,2026-03-27,5,High School,Technical,96,85,In Progress,London,Sales
APP-1628,Applicant 1628,2026-03-26,12,Bachelors,Screening,68,61,In Progress,Remote,Engineering
APP-1629,Applicant 1629,2026-03-25,4,Masters,Final,81,78,In Progress,Austin,Product
APP-1630,Applicant 1630,2026-03-24,11,PhD,HR,94,95,Offer,New York,Marketing
APP-1631,Applicant 1631,2026-03-23,3,High School,Technical,66,71,Rejected,San Francisco,Sales
APP-1632,Applicant 1632,2026-03-22,10,Bachelors,Screening,79,88,In Progress,London,Engineering
APP-1633,Applicant 1633,2026-03-21,2,Masters,Final,92,64,In Progress,Remote,Product
APP-1634,Applicant 1634,2026-03-20,9,PhD,HR,64,81,In Progress,Austin,Marketing
APP-1635,Applicant 1635,2026-03-19,1,High School,Technical,77,98,Offer,New York,Sales
APP-1636,Applicant 1636,2026-03-18,8,Bachelors,Screening,90,74,Rejected,San Francisco,Engineering
APP-1637,Applicant 1637,2026-03-17,15,Masters,Final,62,91,In Progress,London,Product
APP-1638,Applicant 1638,2026-03-16,7,PhD,HR,75,67,In Progress,Remote,Marketing
APP-1639,Applicant 1639,2026-03-15,14,High School,Technical,88,84,In Progress,Austin,Sales
APP-1640,Applicant 1640,2026-03-14,6,Bachelors,Screening,60,60,Offer,New York,Engineering
APP-1641,Applicant 1641,2026-03-13,13,Masters,Final,73,77,Rejected,San Francisco,Product
APP-1642,Applicant 1642,2026-03-12,5,PhD,HR,86,94,In Progress,London,Marketing
APP-1643,Applicant 1643,2026-03-11,12,High School,Technical,99,70,In Progress,Remote,Sales
APP-1644,Applicant 1644,2026-03-10,4,Bachelors,Screening,71,87,In Progress,Austin,Engineering
APP-1645,Applicant 1645,2026-03-09,11,Masters,Final,84,63,Offer,New York,Product
APP-1646,Applicant 1646,2026-03-08,3,PhD,HR,97,80,Rejected,San Francisco,Marketing
APP-1647,Applicant 1647,2026-03-07,10,High School,Technical,69,97,In Progress,London,Sales
APP-1648,Applicant 1648,2026-03-06,2,Bachelors,Screening,82,73,In Progress,Remote,Engineering
APP-1649,Applicant 1649,2026-03-05,9,Masters,Final,95,90,In Progress,Austin,Product
APP-1650,Applicant 1650,2026-03-04,1,PhD,HR,67,66,Offer,New York,Marketing
APP-1651,Applicant 1651,2026-03-03,8,High School,Technical,80,83,Rejected,San Francisco,Sales
APP-1652,Applicant 1652,2026-03-02,15,Bachelors,Screening,93,100,In Progress,London,Engineering
APP-1653,Applicant 1653,2026-03-01,7,Masters,Final,65,76,In Progress,Remote,Product
APP-1654,Applicant 1654,2026-02-28,14,PhD,HR,78,93,In Progress,Austin,Marketing
APP-1655,Applicant 1655,2026-02-27,6,High School,Technical,91,69,Offer,New York,Sales
APP-1656,Applicant 1656,2026-02-26,13,Bachelors,Screening,63,86,Rejected,San Francisco,Engineering
APP-1657,Applicant 1657,2026-02-25,5,Masters,Final,76,62,In Progress,London,Product
APP-1658,Applicant 1658,2026-02-24,12,PhD,HR,89,79,In Progress,Remote,Marketing
APP-1659,Applicant 1659,2026-02-23,4,High School,Technical,61,96,In Progress,Austin,Sales
APP-1660,Applicant 1660,2026-02-22,11,Bachelors,Screening,74,72,Offer,New York,Engineering
APP-1661,Applicant 1661,2026-02-21,3,Masters,Final,87,89,Rejected,San Francisco,Product
APP-1662,Applicant 1662,2026-02-20,10,PhD,HR,100,65,In Progress,London,Marketing
APP-1663,Applicant 1663,2026-02-19,2,High School,Technical,72,82,In Progress,Remote,Sales
APP-1664,Applicant 1664,2026-02-18,9,Bachelors,Screening,85,99,In Progress,Austin,Engineering
APP-1665,Applicant 1665,2026-02-17,1,Masters,Final,98,75,Offer,New York,Product
APP-1666,Applicant 1666,2026-02-16,8,PhD,HR,70,92,Rejected,San Francisco,Marketing
APP-1667,Applicant 1667,2026-02-15,15,High School,Technical,83,68,In Progress,London,Sales
APP-1668,Applicant 1668,2026-02-14,7,Bachelors,Screening,96,85,In Progress,Remote,Engineering
APP-1669,Applicant 1669,2026-02-13,14,Masters,Final,68,61,In Progress,Austin,Product
APP-1670,Applicant 1670,2026-02-12,6,PhD,HR,81,78,Offer,New York,Marketing
APP-1671,Applicant 1671,2026-02-11,13,High School,Technical,94,95,Rejected,San Francisco,Sales
APP-1672,Applicant 1672,2026-02-10,5,Bachelors,Screening,66,71,In Progress,London,Engineering
APP-1673,Applicant 1673,2026-02-09,12,Masters,Final,79,88,In Progress,Remote,Product
APP-1674,Applicant 1674,2026-02-08,4,PhD,HR,92,64,In Progress,Austin,Marketing
APP-1675,Applicant 1675,2026-02-07,11,High School,Technical,64,81,Offer,New York,Sales
APP-1676,Applicant 1676,2026-02-06,3,Bachelors,Screening,77,98,Rejected,San Francisco,Engineering
APP-1677,Applicant 1677,2026-02-05,10,Masters,Final,90,74,In Progress,London,Product
APP-1678,Applicant 1678,2026-02-04,2,PhD,HR,62,91,In Progress,Remote,Marketing
APP-1679,Applicant 1679,2026-02-03,9,High School,Technical,75,67,In Progress,Austin,Sales
APP-1680,Applicant 1680,2026-02-02,1,Bachelors,Screening,88,84,Offer,New York,Engineering
APP-1681,Applicant 1681,2026-02-01,8,Masters,Final,60,60,Rejected,San Francisco,Product
APP-1682,Applicant 1682,2026-01-31,15,PhD,HR,73,77,In Progress,London,Marketing
APP-1683,Applicant 1683,2026-01-30,7,High School,Technical,86,94,In Progress,Remote,Sales
APP-1684,Applicant 1684,2026-01-29,14,Bachelors,Screening,99,70,In Progress,Austin,Engineering
APP-1685,Applicant 1685,2026-01-28,6,Masters,Final,71,87,Offer,New York,Product
APP-1686,Applicant 1686,2026-01-27,13,PhD,HR,84,63,Rejected,San Francisco,Marketing
APP-1687,Applicant 1687,2026-01-26,5,High School,Technical,97,80,In Progress,London,Sales
APP-1688,Applicant 1688,2026-01-25,12,Bachelors,Screening,69,97,In Progress,Remote,Engineering
APP-1689,Applicant 1689,2026-01-24,4,Masters,Final,82,73,In Progress,Austin,Product
APP-1690,Applicant 1690,2026-01-23,11,PhD,HR,95,90,Offer,New York,Marketing
APP-1691,Applicant 1691,2026-01-22,3,High School,Technical,67,66,Rejected,San Francisco,Sales
APP-1692,Applicant 1692,2026-01-21,10,Bachelors,Screening,80,83,In Progress,London,Engineering
APP-1693,Applicant 1693,2026-01-20,2,Masters,Final,93,100,In Progress,Remote,Product
APP-1694,Applicant 1694,2026-01-19,9,PhD,HR,65,76,In Progress,Austin,Marketing
APP-1695,Applicant 1695,2026-01-18,1,High School,Technical,78,93,Offer,New York,Sales
APP-1696,Applicant 1696,2026-01-17,8,Bachelors,Screening,91,69,Rejected,San Francisco,Engineering
APP-1697,Applicant 1697,2026-01-16,15,Masters,Final,63,86,In Progress,London,Product
APP-1698,Applicant 1698,2026-01-15,7,PhD,HR,76,62,In Progress,Remote,Marketing
APP-1699,Applicant 1699,2026-01-14,14,High School,Technical,89,79,In Progress,Austin,Sales
APP-1700,Applicant 1700,2026-01-13,6,Bachelors,Screening,61,96,Offer,New York,Engineering
APP-1701,Applicant 1701,2026-01-12,13,Masters,Final,74,72,Rejected,San Francisco,Product
APP-1702,Applicant 1702,2026-01-11,5,PhD,HR,87,89,In Progress,London,Marketing
APP-1703,Applicant 1703,2026-01-10,12,High School,Technical,100,65,In Progress,Remote,Sales
APP-1704,Applicant 1704,2026-01-09,4,Bachelors,Screening,72,82,In Progress,Austin,Engineering
APP-1705,Applicant 1705,2026-01-08,11,Masters,Final,85,99,Offer,New York,Product
APP-1706,Applicant 1706,2026-01-07,3,PhD,HR,98,75,Rejected,San Francisco,Marketing
APP-1707,Applicant 1707,2026-01-06,10,High School,Technical,70,92,In Progress,London,Sales
APP-1708,Applicant 1708,2026-01-05,2,Bachelors,Screening,83,68,In Progress,Remote,Engineering
APP-1709,Applicant 1709,2026-01-04,9,Masters,Final,96,85,In Progress,Austin,Product
APP-1710,Applicant 1710,2026-01-03,1,PhD,HR,68,61,Offer,New York,Marketing
APP-1711,Applicant 1711,2026-01-02,8,High School,Technical,81,78,Rejected,San Francisco,Sales
APP-1712,Applicant 1712,2026-01-01,15,Bachelors,Screening,94,95,In Progress,London,Engineering
APP-1713,Applicant 1713,2025-12-31,7,Masters,Final,66,71,In Progress,Remote,Product
APP-1714,Applicant 1714,2025-12-30,14,PhD,HR,79,88,In Progress,Austin,Marketing
APP-1715,Applicant 1715,2025-12-29,6,High School,Technical,92,64,Offer,New York,Sales
APP-1716,Applicant 1716,2025-12-28,13,Bachelors,Screening,64,81,Rejected,San Francisco,Engineering
APP-1717,Applicant 1717,2025-12-27,5,Masters,Final,77,98,In Progress,London,Product
APP-1718,Applicant 1718,2025-12-26,12,PhD,HR,90,74,In Progress,Remote,Marketing
APP-1719,Applicant 1719,2025-12-25,4,High School,Technical,62,91,In Progress,Austin,Sales
APP-1720,Applicant 1720,2025-12-24,11,Bachelors,Screening,75,67,Offer,New York,Engineering
APP-1721,Applicant 1721,2025-12-23,3,Masters,Final,88,84,Rejected,San Francisco,Product
APP-1722,Applicant 1722,2025-12-22,10,PhD,HR,60,60,In Progress,London,Marketing
APP-1723,Applicant 1723,2025-12-21,2,High School,Technical,73,77,In Progress,Remote,Sales
APP-1724,Applicant 1724,2025-12-20,9,Bachelors,Screening,86,94,In Progress,Austin,Engineering
APP-1725,Applicant 1725,2025-12-19,1,Masters,Final,99,70,Offer,New York,Product
APP-1726,Applicant 1726,2025-12-18,8,PhD,HR,71,87,Rejected,San Francisco,Marketing
APP-1727,Applicant 1727,2025-12-17,15,High School,Technical,84,63,In Progress,London,Sales
APP-1728,Applicant 1728,2025-12-16,7,Bachelors,Screening,97,80,In Progress,Remote,Engineering
APP-1729,Applicant 1729,2025-12-15,14,Masters,Final,69,97,In Progress,Austin,Product
APP-1730,Applicant 1730,2025-12-14,6,PhD,HR,82,73,Offer,New York,Marketing
APP-1731,Applicant 1731,2025-12-13,13,High School,Technical,95,90,Rejected,San Francisco,Sales
APP-1732,Applicant 1732,2025-12-12,5,Bachelors,Screening,67,66,In Progress,London,Engineering
APP-1733,Applicant 1733,2025-12-11,12,Masters,Final,80,83,In Progress,Remote,Product
APP-1734,Applicant 1734,2025-12-10,4,PhD,HR,93,100,In Progress,Austin,Marketing
APP-1735,Applicant 1735,2025-12-09,11,High School,Technical,65,76,Offer,New York,Sales
APP-1736,Applicant 1736,2025-12-08,3,Bachelors,Screening,78,93,Rejected,San Francisco,Engineering
APP-1737,Applicant 1737,2025-12-07,10,Masters,Final,91,69,In Progress,London,Product
APP-1738,Applicant 1738,2025-12-06,2,PhD,HR,63,86,In Progress,Remote,Marketing
APP-1739,Applicant 1739,2025-12-05,9,High School,Technical,76,62,In Progress,Austin,Sales
APP-1740,Applicant 1740,2025-12-04,1,Bachelors,Screening,89,79,Offer,New York,Engineering
APP-1741,Applicant 1741,2025-12-03,8,Masters,Final,61,96,Rejected,San Francisco,Product
APP-1742,Applicant 1742,2025-12-02,15,PhD,HR,74,72,In Progress,London,Marketing
APP-1743,Applicant 1743,2025-12-01,7,High School,Technical,87,89,In Progress,Remote,Sales
APP-1744,Applicant 1744,2025-11-30,14,Bachelors,Screening,100,65,In Progress,Austin,Engineering
APP-1745,Applicant 1745,2025-11-29,6,Masters,Final,72,82,Offer,New York,Product
APP-1746,Applicant 1746,2025-11-28,13,PhD,HR,85,99,Rejected,San Francisco,Marketing
APP-1747,Applicant 1747,2025-11-27,5,High School,Technical,98,75,In Progress,London,Sales
APP-1748,Applicant 1748,2025-11-26,12,Bachelors,Screening,70,92,In Progress,Remote,Engineering
APP-1749,Applicant 1749,2025-11-25,4,Masters,Final,83,68,In Progress,Austin,Product
APP-1750,Applicant 1750,2025-11-24,11,PhD,HR,96,85,Offer,New York,Marketing
APP-1751,Applicant 1751,2025-11-23,3,High School,Technical,68,61,Rejected,San Francisco,Sales
APP-1752,Applicant 1752,2025-11-22,10,Bachelors,Screening,81,78,In Progress,London,Engineering
APP-1753,Applicant 1753,2025-11-21,2,Masters,Final,94,95,In Progress,Remote,Product
APP-1754,Applicant 1754,2025-11-20,9,PhD,HR,66,71,In Progress,Austin,Marketing
APP-1755,Applicant 1755,2025-11-19,1,High School,Technical,79,88,Offer,New York,Sales
APP-1756,Applicant 1756,2025-11-18,8,Bachelors,Screening,92,64,Rejected,San Francisco,Engineering
APP-1757,Applicant 1757,2025-11-17,15,Masters,Final,64,81,In Progress,London,Product
APP-1758,Applicant 1758,2025-11-16,7,PhD,HR,77,98,In Progress,Remote,Marketing
APP-1759,Applicant 1759,2025-11-15,14,High School,Technical,90,74,In Progress,Austin,Sales
APP-1760,Applicant 1760,2025-11-14,6,Bachelors,Screening,62,91,Offer,New York,Engineering
APP-1761,Applicant 1761,2025-11-13,13,Masters,Final,75,67,Rejected,San Francisco,Product
APP-1762,Applicant 1762,2025-11-12,5,PhD,HR,88,84,In Progress,London,Marketing
APP-1763,Applicant 1763,2025-11-11,12,High School,Technical,60,60,In Progress,Remote,Sales
APP-1764,Applicant 1764,2025-11-10,4,Bachelors,Screening,73,77,In Progress,Austin,Engineering
APP-1765,Applicant 1765,2025-11-09,11,Masters,Final,86,94,Offer,New York,Product
APP-1766,Applicant 1766,2025-11-08,3,PhD,HR,99,70,Rejected,San Francisco,Marketing
APP-1767,Applicant 1767,2025-11-07,10,High School,Technical,71,87,In Progress,London,Sales
APP-1768,Applicant 1768,2025-11-06,2,Bachelors,Screening,84,63,In Progress,Remote,Engineering
APP-1769,Applicant 1769,2025-11-05,9,Masters,Final,97,80,In Progress,Austin,Product
APP-1770,Applicant 1770,2025-11-04,1,PhD,HR,69,97,Offer,New York,Marketing
APP-1771,Applicant 1771,2025-11-03,8,High School,Technical,82,73,Rejected,San Francisco,Sales
APP-1772,Applicant 1772,2025-11-02,15,Bachelors,Screening,95,90,In Progress,London,Engineering
APP-1773,Applicant 1773,2025-11-01,7,Masters,Final,67,66,In Progress,Remote,Product
APP-1774,Applicant 1774,2025-10-31,14,PhD,HR,80,83,In Progress,Austin,Marketing
APP-1775,Applicant 1775,2025-10-30,6,High School,Technical,93,100,Offer,New York,Sales
APP-1776,Applicant 1776,2025-10-29,13,Bachelors,Screening,65,76,Rejected,San Francisco,Engineering
APP-1777,Applicant 1777,2025-10-28,5,Masters,Final,78,93,In Progress,London,Product
APP-1778,Applicant 1778,2025-10-27,12,PhD,HR,91,69,In Progress,Remote,Marketing
APP-1779,Applicant 1779,2025-10-26,4,High School,Technical,63,86,In Progress,Austin,Sales
APP-1780,Applicant 1780,2025-10-25,11,Bachelors,Screening,76,62,Offer,New York,Engineering
APP-1781,Applicant 1781,2025-10-24,3,Masters,Final,89,79,Rejected,San Francisco,Product
APP-1782,Applicant 1782,2025-10-23,10,PhD,HR,61,96,In Progress,London,Marketing
APP-1783,Applicant 1783,2025-10-22,2,High School,Technical,74,72,In Progress,Remote,Sales
APP-1784,Applicant 1784,2025-10-21,9,Bachelors,Screening,87,89,In Progress,Austin,Engineering
APP-1785,Applicant 1785,2025-10-20,1,Masters,Final,100,65,Offer,New York,Product
APP-1786,Applicant 1786,2025-10-19,8,PhD,HR,72,82,Rejected,San Francisco,Marketing
APP-1787,Applicant 1787,2025-10-18,15,High School,Technical,85,99,In Progress,London,Sales
APP-1788,Applicant 1788,2025-10-17,7,Bachelors,Screening,98,75,In Progress,Remote,Engineering
APP-1789,Applicant 1789,2025-10-16,14,Masters,Final,70,92,In Progress,Austin,Product
APP-1790,Applicant 1790,2025-10-15,6,PhD,HR,83,68,Offer,New York,Marketing
APP-1791,Applicant 1791,2025-10-14,13,High School,Technical,96,85,Rejected,San Francisco,Sales
APP-1792,Applicant 1792,2025-10-13,5,Bachelors,Screening,68,61,In Progress,London,Engineering
APP-1793,Applicant 1793,2025-10-12,12,Masters,Final,81,78,In Progress,Remote,Product
APP-1794,Applicant 1794,2025-10-11,4,PhD,HR,94,95,In Progress,Austin,Marketing
APP-1795,Applicant 1795,2025-10-10,11,High School,Technical,66,71,Offer,New York,Sales
APP-1796,Applicant 1796,2025-10-09,3,Bachelors,Screening,79,88,Rejected,San Francisco,Engineering
APP-1797,Applicant 1797,2025-10-08,10,Masters,Final,92,64,In Progress,London,Product
APP-1798,Applicant 1798,2025-10-07,2,PhD,HR,64,81,In Progress,Remote,Marketing
APP-1799,Applicant 1799,2025-10-06,9,High School,Technical,77,98,In Progress,Austin,Sales
APP-1800,Applicant 1800,2025-10-05,1,Bachelors,Screening,90,74,Offer,New York,Engineering
APP-1801,Applicant 1801,2025-10-04,8,Masters,Final,62,91,Rejected,San Francisco,Product
APP-1802,Applicant 1802,2025-10-03,15,PhD,HR,75,67,In Progress,London,Marketing
APP-1803,Applicant 1803,2025-10-02,7,High School,Technical,88,84,In Progress,Remote,Sales
APP-1804,Applicant 1804,2025-10-01,14,Bachelors,Screening,60,60,In Progress,Austin,Engineering
APP-1805,Applicant 1805,2025-09-30,6,Masters,Final,73,77,Offer,New York,Product
APP-1806,Applicant 1806,2025-09-29,13,PhD,HR,86,94,Rejected,San Francisco,Marketing
APP-1807,Applicant 1807,2025-09-28,5,High School,Technical,99,70,In Progress,London,Sales
APP-1808,Applicant 1808,2025-09-27,12,Bachelors,Screening,71,87,In Progress,Remote,Engineering
APP-1809,Applicant 1809,2025-09-26,4,Masters,Final,84,63,In Progress,Austin,Product
APP-1810,Applicant 1810,2025-09-25,11,PhD,HR,97,80,Offer,New York,Marketing
APP-1811,Applicant 1811,2025-09-24,3,High School,Technical,69,97,Rejected,San Francisco,Sales
APP-1812,Applicant 1812,2025-09-23,10,Bachelors,Screening,82,73,In Progress,London,Engineering
APP-1813,Applicant 1813,2025-09-22,2,Masters,Final,95,90,In Progress,Remote,Product
APP-1814,Applicant 1814,2025-09-21,9,PhD,HR,67,66,In Progress,Austin,Marketing
APP-1815,Applicant 1815,2025-09-20,1,High School,Technical,80,83,Offer,New York,Sales
APP-1816,Applicant 1816,2025-09-19,8,Bachelors,Screening,93,100,Rejected,San Francisco,Engineering
APP-1817,Applicant 1817,2025-09-18,15,Masters,Final,65,76,In Progress,London,Product
APP-1818,Applicant 1818,2025-09-17,7,PhD,HR,78,93,In Progress,Remote,Marketing
APP-1819,Applicant 1819,2025-09-16,14,High School,Technical,91,69,In Progress,Austin,Sales
APP-1820,Applicant 1820,2025-09-15,6,Bachelors,Screening,63,86,Offer,New York,Engineering
APP-1821,Applicant 1821,2025-09-14,13,Masters,Final,76,62,Rejected,San Francisco,Product
APP-1822,Applicant 1822,2025-09-13,5,PhD,HR,89,79,In Progress,London,Marketing
APP-1823,Applicant 1823,2025-09-12,12,High School,Technical,61,96,In Progress,Remote,Sales
APP-1824,Applicant 1824,2025-09-11,4,Bachelors,Screening,74,72,In Progress,Austin,Engineering
APP-1825,Applicant 1825,2026-09-10,11,Masters,Final,87,89,Offer,New York,Product
APP-1826,Applicant 1826,2026-09-09,3,PhD,HR,100,65,Rejected,San Francisco,Marketing
APP-1827,Applicant 1827,2026-09-08,10,High School,Technical,72,82,In Progress,London,Sales
APP-1828,Applicant 1828,2026-09-07,2,Bachelors,Screening,85,99,In Progress,Remote,Engineering
APP-1829,Applicant 1829,2026-09-06,9,Masters,Final,98,75,In Progress,Austin,Product
APP-1830,Applicant 1830,2026-09-05,1,PhD,HR,70,92,Offer,New York,Marketing
APP-1831,Applicant 1831,2026-09-04,8,High School,Technical,83,68,Rejected,San Francisco,Sales
APP-1832,Applicant 1832,2026-09-03,15,Bachelors,Screening,96,85,In Progress,London,Engineering
APP-1833,Applicant 1833,2026-09-02,7,Masters,Final,68,61,In Progress,Remote,Product
APP-1834,Applicant 1834,2026-09-01,14,PhD,HR,81,78,In Progress,Austin,Marketing
APP-1835,Applicant 1835,2026-08-31,6,High School,Technical,94,95,Offer,New York,Sales
APP-1836,Applicant 1836,2026-08-30,13,Bachelors,Screening,66,71,Rejected,San Francisco,Engineering
APP-1837,Applicant 1837,2026-08-29,5,Masters,Final,79,88,In Progress,London,Product
APP-1838,Applicant 1838,2026-08-28,12,PhD,HR,92,64,In Progress,Remote,Marketing
APP-1839,Applicant 1839,2026-08-27,4,High School,Technical,64,81,In Progress,Austin,Sales
APP-1840,Applicant 1840,2026-08-26,11,Bachelors,Screening,77,98,Offer,New York,Engineering
APP-1841,Applicant 1841,2026-08-25,3,Masters,Final,90,74,Rejected,San Francisco,Product
APP-1842,Applicant 1842,2026-08-24,10,PhD,HR,62,91,In Progress,London,Marketing
APP-1843,Applicant 1843,2026-08-23,2,High School,Technical,75,67,In Progress,Remote,Sales
APP-1844,Applicant 1844,2026-08-22,9,Bachelors,Screening,88,84,In Progress,Austin,Engineering
APP-1845,Applicant 1845,2026-08-21,1,Masters,Final,60,60,Offer,New York,Product
APP-1846,Applicant 1846,2026-08-20,8,PhD,HR,73,77,Rejected,San Francisco,Marketing
APP-1847,Applicant 1847,2026-08-19,15,High School,Technical,86,94,In Progress,London,Sales
APP-1848,Applicant 1848,2026-08-18,7,Bachelors,Screening,99,70,In Progress,Remote,Engineering
APP-1849,Applicant 1849,2026-08-17,14,Masters,Final,71,87,In Progress,Austin,Product
APP-1850,Applicant 1850,2026-08-16,6,PhD,HR,84,63,Offer,New York,Marketing
APP-1851,Applicant 1851,2026-08-15,13,High School,Technical,97,80,Rejected,San Francisco,Sales
APP-1852,Applicant 1852,2026-08-14,5,Bachelors,Screening,69,97,In Progress,London,Engineering
APP-1853,Applicant 1853,2026-08-13,12,Masters,Final,82,73,In Progress,Remote,Product
APP-1854,Applicant 1854,2026-08-12,4,PhD,HR,95,90,In Progress,Austin,Marketing
APP-1855,Applicant 1855,2026-08-11,11,High School,Technical,67,66,Offer,New York,Sales
APP-1856,Applicant 1856,2026-08-10,3,Bachelors,Screening,80,83,Rejected,San Francisco,Engineering
APP-1857,Applicant 1857,2026-08-09,10,Masters,Final,93,100,In Progress,London,Product
APP-1858,Applicant 1858,2026-08-08,2,PhD,HR,65,76,In Progress,Remote,Marketing
APP-1859,Applicant 1859,2026-08-07,9,High School,Technical,78,93,In Progress,Austin,Sales
APP-1860,Applicant 1860,2026-08-06,1,Bachelors,Screening,91,69,Offer,New York,Engineering
APP-1861,Applicant 1861,2026-08-05,8,Masters,Final,63,86,Rejected,San Francisco,Product
APP-1862,Applicant 1862,2026-08-04,15,PhD,HR,76,62,In Progress,London,Marketing
APP-1863,Applicant 1863,2026-08-03,7,High School,Technical,89,79,In Progress,Remote,Sales
APP-1864,Applicant 1864,2026-08-02,14,Bachelors,Screening,61,96,In Progress,Austin,Engineering
APP-1865,Applicant 1865,2026-08-01,6,Masters,Final,74,72,Offer,New York,Product
APP-1866,Applicant 1866,2026-07-31,13,PhD,HR,87,89,Rejected,San Francisco,Marketing
APP-1867,Applicant 1867,2026-07-30,5,High School,Technical,100,65,In Progress,London,Sales
APP-1868,Applicant 1868,2026-07-29,12,Bachelors,Screening,72,82,In Progress,Remote,Engineering
APP-1869,Applicant 1869,2026-07-28,4,Masters,Final,85,99,In Progress,Austin,Product
APP-1870,Applicant 1870,2026-07-27,11,PhD,HR,98,75,Offer,New York,Marketing
APP-1871,Applicant 1871,2026-07-26,3,High School,Technical,70,92,Rejected,San Francisco,Sales
APP-1872,Applicant 1872,2026-07-25,10,Bachelors,Screening,83,68,In Progress,London,Engineering
APP-1873,Applicant 1873,2026-07-24,2,Masters,Final,96,85,In Progress,Remote,Product
APP-1874,Applicant 1874,2026-07-23,9,PhD,HR,68,61,In Progress,Austin,Marketing
APP-1875,Applicant 1875,2026-07-22,1,High School,Technical,81,78,Offer,New York,Sales
APP-1876,Applicant 1876,2026-07-21,8,Bachelors,Screening,94,95,Rejected,San Francisco,Engineering
APP-1877,Applicant 1877,2026-07-20,15,Masters,Final,66,71,In Progress,London,Product
APP-1878,Applicant 1878,2026-07-19,7,PhD,HR,79,88,In Progress,Remote,Marketing
APP-1879,Applicant 1879,2026-07-18,14,High School,Technical,92,64,In Progress,Austin,Sales
APP-1880,Applicant 1880,2026-07-17,6,Bachelors,Screening,64,81,Offer,New York,Engineering
APP-1881,Applicant 1881,2026-07-16,13,Masters,Final,77,98,Rejected,San Francisco,Product
APP-1882,Applicant 1882,2026-07-15,5,PhD,HR,90,74,In Progress,London,Marketing
APP-1883,Applicant 1883,2026-07-14,12,High School,Technical,62,91,In Progress,Remote,Sales
APP-1884,Applicant 1884,2026-07-13,4,Bachelors,Screening,75,67,In Progress,Austin,Engineering
APP-1885,Applicant 1885,2026-07-12,11,Masters,Final,88,84,Offer,New York,Product
APP-1886,Applicant 1886,2026-07-11,3,PhD,HR,60,60,Rejected,San Francisco,Marketing
APP-1887,Applicant 1887,2026-07-10,10,High School,Technical,73,77,In Progress,London,Sales
APP-1888,Applicant 1888,2026-07-09,2,Bachelors,Screening,86,94,In Progress,Remote,Engineering
APP-1889,Applicant 1889,2026-07-08,9,Masters,Final,99,70,In Progress,Austin,Product
APP-1890,Applicant 1890,2026-07-07,1,PhD,HR,71,87,Offer,New York,Marketing
APP-1891,Applicant 1891,2026-07-06,8,High School,Technical,84,63,Rejected,San Francisco,Sales
APP-1892,Applicant 1892,2026-07-05,15,Bachelors,Screening,97,80,In Progress,London,Engineering
APP-1893,Applicant 1893,2026-07-04,7,Masters,Final,69,97,In Progress,Remote,Product
APP-1894,Applicant 1894,2026-07-03,14,PhD,HR,82,73,In Progress,Austin,Marketing
APP-1895,Applicant 1895,2026-07-02,6,High School,Technical,95,90,Offer,New York,Sales
APP-1896,Applicant 1896,2026-07-01,13,Bachelors,Screening,67,66,Rejected,San Francisco,Engineering
APP-1897,Applicant 1897,2026-06-30,5,Masters,Final,80,83,In Progress,London,Product
APP-1898,Applicant 1898,2026-06-29,12,PhD,HR,93,100,In Progress,Remote,Marketing
APP-1899,Applicant 1899,2026-06-28,4,High School,Technical,65,76,In Progress,Austin,Sales
APP-1900,Applicant 1900,2026-06-27,11,Bachelors,Screening,78,93,Offer,New York,Engineering
APP-1901,Applicant 1901,2026-06-26,3,Masters,Final,91,69,Rejected,San Francisco,Product
APP-1902,Applicant 1902,2026-06-25,10,PhD,HR,63,86,In Progress,London,Marketing
APP-1903,Applicant 1903,2026-06-24,2,High School,Technical,76,62,In Progress,Remote,Sales
APP-1904,Applicant 1904,2026-06-23,9,Bachelors,Screening,89,79,In Progress,Austin,Engineering
APP-1905,Applicant 1905,2026-06-22,1,Masters,Final,61,96,Offer,New York,Product
APP-1906,Applicant 1906,2026-06-21,8,PhD,HR,74,72,Rejected,San Francisco,Marketing
APP-1907,Applicant 1907,2026-06-20,15,High School,Technical,87,89,In Progress,London,Sales
APP-1908,Applicant 1908,2026-06-19,7,Bachelors,Screening,100,65,In Progress,Remote,Engineering
APP-1909,Applicant 1909,2026-06-18,14,Masters,Final,72,82,In Progress,Austin,Product
APP-1910,Applicant 1910,2026-06-17,6,PhD,HR,85,99,Offer,New York,Marketing
APP-1911,Applicant 1911,2026-06-16,13,High School,Technical,98,75,Rejected,San Francisco,Sales
APP-1912,Applicant 1912,2026-06-15,5,Bachelors,Screening,70,92,In Progress,London,Engineering
APP-1913,Applicant 1913,2026-06-14,12,Masters,Final,83,68,In Progress,Remote,Product
APP-1914,Applicant 1914,2026-06-13,4,PhD,HR,96,85,In Progress,Austin,Marketing
APP-1915,Applicant 1915,2026-06-12,11,High School,Technical,68,61,Offer,New York,Sales
APP-1916,Applicant 1916,2026-06-11,3,Bachelors,Screening,81,78,Rejected,San Francisco,Engineering
APP-1917,Applicant 1917,2026-06-10,10,Masters,Final,94,95,In Progress,London,Product
APP-1918,Applicant 1918,2026-06-09,2,PhD,HR,66,71,In Progress,Remote,Marketing
APP-1919,Applicant 1919,2026-06-08,9,High School,Technical,79,88,In Progress,Austin,Sales
APP-1920,Applicant 1920,2026-06-07,1,Bachelors,Screening,92,64,Offer,New York,Engineering
APP-1921,Applicant 1921,2026-06-06,8,Masters,Final,64,81,Rejected,San Francisco,Product
APP-1922,Applicant 1922,2026-06-05,15,PhD,HR,77,98,In Progress,London,Marketing
APP-1923,Applicant 1923,2026-06-04,7,High School,Technical,90,74,In Progress,Remote,Sales
APP-1924,Applicant 1924,2026-06-03,14,Bachelors,Screening,62,91,In Progress,Austin,Engineering
APP-1925,Applicant 1925,2026-06-02,6,Masters,Final,75,67,Offer,New York,Product
APP-1926,Applicant 1926,2026-06-01,13,PhD,HR,88,84,Rejected,San Francisco,Marketing
APP-1927,Applicant 1927,2026-05-31,5,High School,Technical,60,60,In Progress,London,Sales
APP-1928,Applicant 1928,2026-05-30,12,Bachelors,Screening,73,77,In Progress,Remote,Engineering
APP-1929,Applicant 1929,2026-05-29,4,Masters,Final,86,94,In Progress,Austin,Product
APP-1930,Applicant 1930,2026-05-28,11,PhD,HR,99,70,Offer,New York,Marketing
APP-1931,Applicant 1931,2026-05-27,3,High School,Technical,71,87,Rejected,San Francisco,Sales
APP-1932,Applicant 1932,2026-05-26,10,Bachelors,Screening,84,63,In Progress,London,Engineering
APP-1933,Applicant 1933,2026-05-25,2,Masters,Final,97,80,In Progress,Remote,Product
APP-1934,Applicant 1934,2026-05-24,9,PhD,HR,69,97,In Progress,Austin,Marketing
APP-1935,Applicant 1935,2026-05-23,1,High School,Technical,82,73,Offer,New York,Sales
APP-1936,Applicant 1936,2026-05-22,8,Bachelors,Screening,95,90,Rejected,San Francisco,Engineering
APP-1937,Applicant 1937,2026-05-21,15,Masters,Final,67,66,In Progress,London,Product
APP-1938,Applicant 1938,2026-05-20,7,PhD,HR,80,83,In Progress,Remote,Marketing
APP-1939,Applicant 1939,2026-05-19,14,High School,Technical,93,100,In Progress,Austin,Sales
APP-1940,Applicant 1940,2026-05-18,6,Bachelors,Screening,65,76,Offer,New York,Engineering
APP-1941,Applicant 1941,2026-05-17,13,Masters,Final,78,93,Rejected,San Francisco,Product
APP-1942,Applicant 1942,2026-05-16,5,PhD,HR,91,69,In Progress,London,Marketing
APP-1943,Applicant 1943,2026-05-15,12,High School,Technical,63,86,In Progress,Remote,Sales
APP-1944,Applicant 1944,2026-05-14,4,Bachelors,Screening,76,62,In Progress,Austin,Engineering
APP-1945,Applicant 1945,2026-05-13,11,Masters,Final,89,79,Offer,New York,Product
APP-1946,Applicant 1946,2026-05-12,3,PhD,HR,61,96,Rejected,San Francisco,Marketing
APP-1947,Applicant 1947,2026-05-11,10,High School,Technical,74,72,In Progress,London,Sales
APP-1948,Applicant 1948,2026-05-10,2,Bachelors,Screening,87,89,In Progress,Remote,Engineering
APP-1949,Applicant 1949,2026-05-09,9,Masters,Final,100,65,In Progress,Austin,Product
APP-1950,Applicant 1950,2026-05-08,1,PhD,HR,72,82,Offer,New York,Marketing
APP-1951,Applicant 1951,2026-05-07,8,High School,Technical,85,99,Rejected,San Francisco,Sales
APP-1952,Applicant 1952,2026-05-06,15,Bachelors,Screening,98,75,In Progress,London,Engineering
APP-1953,Applicant 1953,2026-05-05,7,Masters,Final,70,92,In Progress,Remote,Product
APP-1954,Applicant 1954,2026-05-04,14,PhD,HR,83,68,In Progress,Austin,Marketing
APP-1955,Applicant 1955,2026-05-03,6,High School,Technical,96,85,Offer,New York,Sales
APP-1956,Applicant 1956,2026-05-02,13,Bachelors,Screening,68,61,Rejected,San Francisco,Engineering
APP-1957,Applicant 1957,2026-05-01,5,Masters,Final,81,78,In Progress,London,Product
APP-1958,Applicant 1958,2026-04-30,12,PhD,HR,94,95,In Progress,Remote,Marketing
APP-1959,Applicant 1959,2026-04-29,4,High School,Technical,66,71,In Progress,Austin,Sales
APP-1960,Applicant 1960,2026-04-28,11,Bachelors,Screening,79,88,Offer,New York,Engineering
APP-1961,Applicant 1961,2026-04-27,3,Masters,Final,92,64,Rejected,San Francisco,Product
APP-1962,Applicant 1962,2026-04-26,10,PhD,HR,64,81,In Progress,London,Marketing
APP-1963,Applicant 1963,2026-04-25,2,High School,Technical,77,98,In Progress,Remote,Sales
APP-1964,Applicant 1964,2026-04-24,9,Bachelors,Screening,90,74,In Progress,Austin,Engineering
APP-1965,Applicant 1965,2026-04-23,1,Masters,Final,62,91,Offer,New York,Product
APP-1966,Applicant 1966,2026-04-22,8,PhD,HR,75,67,Rejected,San Francisco,Marketing
APP-1967,Applicant 1967,2026-04-21,15,High School,Technical,88,84,In Progress,London,Sales
APP-1968,Applicant 1968,2026-04-20,7,Bachelors,Screening,60,60,In Progress,Remote,Engineering
APP-1969,Applicant 1969,2026-04-19,14,Masters,Final,73,77,In Progress,Austin,Product
APP-1970,Applicant 1970,2026-04-18,6,PhD,HR,86,94,Offer,New York,Marketing
APP-1971,Applicant 1971,2026-04-17,13,High School,Technical,99,70,Rejected,San Francisco,Sales
APP-1972,Applicant 1972,2026-04-16,5,Bachelors,Screening,71,87,In Progress,London,Engineering
APP-1973,Applicant 1973,2026-04-15,12,Masters,Final,84,63,In Progress,Remote,Product
APP-1974,Applicant 1974,2026-04-14,4,PhD,HR,97,80,In Progress,Austin,Marketing
APP-1975,Applicant 1975,2026-04-13,11,High School,Technical,69,97,Offer,New York,Sales
APP-1976,Applicant 1976,2026-04-12,3,Bachelors,Screening,82,73,Rejected,San Francisco,Engineering
APP-1977,Applicant 1977,2026-04-11,10,Masters,Final,95,90,In Progress,London,Product
APP-1978,Applicant 1978,2026-04-10,2,PhD,HR,67,66,In Progress,Remote,Marketing
APP-1979,Applicant 1979,2026-04-09,9,High School,Technical,80,83,In Progress,Austin,Sales
APP-1980,Applicant 1980,2026-04-08,1,Bachelors,Screening,93,100,Offer,New York,Engineering
APP-1981,Applicant 1981,2026-04-07,8,Masters,Final,65,76,Rejected,San Francisco,Product
APP-1982,Applicant 1982,2026-04-06,15,PhD,HR,78,93,In Progress,London,Marketing
APP-1983,Applicant 1983,2026-04-05,7,High School,Technical,91,69,In Progress,Remote,Sales
APP-1984,Applicant 1984,2026-04-04,14,Bachelors,Screening,63,86,In Progress,Austin,Engineering
APP-1985,Applicant 1985,2026-04-03,6,Masters,Final,76,62,Offer,New York,Product
APP-1986,Applicant 1986,2026-04-02,13,PhD,HR,89,79,Rejected,San Francisco,Marketing
APP-1987,Applicant 1987,2026-04-01,5,High School,Technical,61,96,In Progress,London,Sales
APP-1988,Applicant 1988,2026-03-31,12,Bachelors,Screening,74,72,In Progress,Remote,Engineering
APP-1989,Applicant 1989,2026-03-30,4,Masters,Final,87,89,In Progress,Austin,Product
APP-1990,Applicant 1990,2026-03-29,11,PhD,HR,100,65,Offer,New York,Marketing
APP-1991,Applicant 1991,2026-03-28,3,High School,Technical,72,82,Rejected,San Francisco,Sales
APP-1992,Applicant 1992,2026-03-27,10,Bachelors,Screening,85,99,In Progress,London,Engineering
APP-1993,Applicant 1993,2026-03-26,2,Masters,Final,98,75,In Progress,Remote,Product
APP-1994,Applicant 1994,2026-03-25,9,PhD,HR,70,92,In Progress,Austin,Marketing
APP-1995,Applicant 1995,2026-03-24,1,High School,Technical,83,68,Offer,New York,Sales
APP-1996,Applicant 1996,2026-03-23,8,Bachelors,Screening,96,85,Rejected,San Francisco,Engineering
APP-1997,Applicant 1997,2026-03-22,15,Masters,Final,68,61,In Progress,London,Product
APP-1998,Applicant 1998,2026-03-21,7,PhD,HR,81,78,In Progress,Remote,Marketing
APP-1999,Applicant 1999,2026-03-20,14,High School,Technical,94,95,In Progress,Austin,Sales
APP-2000,Applicant 2000,2026-03-19,6,Bachelors,Screening,66,71,Offer,New York,Engineering
APP-2001,Applicant 2001,2026-03-18,13,Masters,Final,79,88,Rejected,San Francisco,Product
APP-2002,Applicant 2002,2026-03-17,5,PhD,HR,92,64,In Progress,London,Marketing
APP-2003,Applicant 2003,2026-03-16,12,High School,Technical,64,81,In Progress,Remote,Sales
APP-2004,Applicant 2004,2026-03-15,4,Bachelors,Screening,77,98,In Progress,Austin,Engineering
APP-2005,Applicant 2005,2026-03-14,11,Masters,Final,90,74,Offer,New York,Product
APP-2006,Applicant 2006,2026-03-13,3,PhD,HR,62,91,Rejected,San Francisco,Marketing
APP-2007,Applicant 2007,2026-03-12,10,High School,Technical,75,67,In Progress,London,Sales
APP-2008,Applicant 2008,2026-03-11,2,Bachelors,Screening,88,84,In Progress,Remote,Engineering
APP-2009,Applicant 2009,2026-03-10,9,Masters,Final,60,60,In Progress,Austin,Product
APP-2010,Applicant 2010,2026-03-09,1,PhD,HR,73,77,Offer,New York,Marketing
APP-2011,Applicant 2011,2026-03-08,8,High School,Technical,86,94,Rejected,San Francisco,Sales
APP-2012,Applicant 2012,2026-03-07,15,Bachelors,Screening,99,70,In Progress,London,Engineering
APP-2013,Applicant 2013,2026-03-06,7,Masters,Final,71,87,In Progress,Remote,Product
APP-2014,Applicant 2014,2026-03-05,14,PhD,HR,84,63,In Progress,Austin,Marketing
APP-2015,Applicant 2015,2026-03-04,6,High School,Technical,97,80,Offer,New York,Sales
APP-2016,Applicant 2016,2026-03-03,13,Bachelors,Screening,69,97,Rejected,San Francisco,Engineering
APP-2017,Applicant 2017,2026-03-02,5,Masters,Final,82,73,In Progress,London,Product
APP-2018,Applicant 2018,2026-03-01,12,PhD,HR,95,90,In Progress,Remote,Marketing
APP-2019,Applicant 2019,2026-02-28,4,High School,Technical,67,66,In Progress,Austin,Sales
APP-2020,Applicant 2020,2026-02-27,11,Bachelors,Screening,80,83,Offer,New York,Engineering
APP-2021,Applicant 2021,2026-02-26,3,Masters,Final,93,100,Rejected,San Francisco,Product
APP-2022,Applicant 2022,2026-02-25,10,PhD,HR,65,76,In Progress,London,Marketing
APP-2023,Applicant 2023,2026-02-24,2,High School,Technical,78,93,In Progress,Remote,Sales
APP-2024,Applicant 2024,2026-02-23,9,Bachelors,Screening,91,69,In Progress,Austin,Engineering
APP-2025,Applicant 2025,2026-02-22,1,Masters,Final,63,86,Offer,New York,Product
APP-2026,Applicant 2026,2026-02-21,8,PhD,HR,76,62,Rejected,San Francisco,Marketing
APP-2027,Applicant 2027,2026-02-20,15,High School,Technical,89,79,In Progress,London,Sales
APP-2028,Applicant 2028,2026-02-19,7,Bachelors,Screening,61,96,In Progress,Remote,Engineering
APP-2029,Applicant 2029,2026-02-18,14,Masters,Final,74,72,In Progress,Austin,Product
APP-2030,Applicant 2030,2026-02-17,6,PhD,HR,87,89,Offer,New York,Marketing
APP-2031,Applicant 2031,2026-02-16,13,High School,Technical,100,65,Rejected,San Francisco,Sales
APP-2032,Applicant 2032,2026-02-15,5,Bachelors,Screening,72,82,In Progress,London,Engineering
APP-2033,Applicant 2033,2026-02-14,12,Masters,Final,85,99,In Progress,Remote,Product
APP-2034,Applicant 2034,2026-02-13,4,PhD,HR,98,75,In Progress,Austin,Marketing
APP-2035,Applicant 2035,2026-02-12,11,High School,Technical,70,92,Offer,New York,Sales
APP-2036,Applicant 2036,2026-02-11,3,Bachelors,Screening,83,68,Rejected,San Francisco,Engineering
APP-2037,Applicant 2037,2026-02-10,10,Masters,Final,96,85,In Progress,London,Product
APP-2038,Applicant 2038,2026-02-09,2,PhD,HR,68,61,In Progress,Remote,Marketing
APP-2039,Applicant 2039,2026-02-08,9,High School,Technical,81,78,In Progress,Austin,Sales
APP-2040,Applicant 2040,2026-02-07,1,Bachelors,Screening,94,95,Offer,New York,Engineering
APP-2041,Applicant 2041,2026-02-06,8,Masters,Final,66,71,Rejected,San Francisco,Product
APP-2042,Applicant 2042,2026-02-05,15,PhD,HR,79,88,In Progress,London,Marketing
APP-2043,Applicant 2043,2026-02-04,7,High School,Technical,92,64,In Progress,Remote,Sales
APP-2044,Applicant 2044,2026-02-03,14,Bachelors,Screening,64,81,In Progress,Austin,Engineering
APP-2045,Applicant 2045,2026-02-02,6,Masters,Final,77,98,Offer,New York,Product
APP-2046,Applicant 2046,2026-02-01,13,PhD,HR,90,74,Rejected,San Francisco,Marketing
APP-2047,Applicant 2047,2026-01-31,5,High School,Technical,62,91,In Progress,London,Sales
APP-2048,Applicant 2048,2026-01-30,12,Bachelors,Screening,75,67,In Progress,Remote,Engineering
APP-2049,Applicant 2049,2026-01-29,4,Masters,Final,88,84,In Progress,Austin,Product
APP-2050,Applicant 2050,2026-01-28,11,PhD,HR,60,60,Offer,New York,Marketing
APP-2051,Applicant 2051,2026-01-27,3,High School,Technical,73,77,Rejected,San Francisco,Sales
APP-2052,Applicant 2052,2026-01-26,10,Bachelors,Screening,86,94,In Progress,London,Engineering
APP-2053,Applicant 2053,2026-01-25,2,Masters,Final,99,70,In Progress,Remote,Product
APP-2054,Applicant 2054,2026-01-24,9,PhD,HR,71,87,In Progress,Austin,Marketing
APP-2055,Applicant 2055,2026-01-23,1,High School,Technical,84,63,Offer,New York,Sales
APP-2056,Applicant 2056,2026-01-22,8,Bachelors,Screening,97,80,Rejected,San Francisco,Engineering
APP-2057,Applicant 2057,2026-01-21,15,Masters,Final,69,97,In Progress,London,Product
APP-2058,Applicant 2058,2026-01-20,7,PhD,HR,82,73,In Progress,Remote,Marketing
APP-2059,Applicant 2059,2026-01-19,14,High School,Technical,95,90,In Progress,Austin,Sales
APP-2060,Applicant 2060,2026-01-18,6,Bachelors,Screening,67,66,Offer,New York,Engineering
APP-2061,Applicant 2061,2026-01-17,13,Masters,Final,80,83,Rejected,San Francisco,Product
APP-2062,Applicant 2062,2026-01-16,5,PhD,HR,93,100,In Progress,London,Marketing
APP-2063,Applicant 2063,2026-01-15,12,High School,Technical,65,76,In Progress,Remote,Sales
APP-2064,Applicant 2064,2026-01-14,4,Bachelors,Screening,78,93,In Progress,Austin,Engineering
APP-2065,Applicant 2065,2026-01-13,11,Masters,Final,91,69,Offer,New York,Product
APP-2066,Applicant 2066,2026-01-12,3,PhD,HR,63,86,Rejected,San Francisco,Marketing
APP-2067,Applicant 2067,2026-01-11,10,High School,Technical,76,62,In Progress,London,Sales
APP-2068,Applicant 2068,2026-01-10,2,Bachelors,Screening,89,79,In Progress,Remote,Engineering
APP-2069,Applicant 2069,2026-01-09,9,Masters,Final,61,96,In Progress,Austin,Product
APP-2070,Applicant 2070,2026-01-08,1,PhD,HR,74,72,Offer,New York,Marketing
APP-2071,Applicant 2071,2026-01-07,8,High School,Technical,87,89,Rejected,San Francisco,Sales
APP-2072,Applicant 2072,2026-01-06,15,Bachelors,Screening,100,65,In Progress,London,Engineering
APP-2073,Applicant 2073,2026-01-05,7,Masters,Final,72,82,In Progress,Remote,Product
APP-2074,Applicant 2074,2026-01-04,14,PhD,HR,85,99,In Progress,Austin,Marketing
APP-2075,Applicant 2075,2026-01-03,6,High School,Technical,98,75,Offer,New York,Sales
APP-2076,Applicant 2076,2026-01-02,13,Bachelors,Screening,70,92,Rejected,San Francisco,Engineering
APP-2077,Applicant 2077,2026-01-01,5,Masters,Final,83,68,In Progress,London,Product
APP-2078,Applicant 2078,2025-12-31,12,PhD,HR,96,85,In Progress,Remote,Marketing
APP-2079,Applicant 2079,2025-12-30,4,High School,Technical,68,61,In Progress,Austin,Sales
APP-2080,Applicant 2080,2025-12-29,11,Bachelors,Screening,81,78,Offer,New York,Engineering
APP-2081,Applicant 2081,2025-12-28,3,Masters,Final,94,95,Rejected,San Francisco,Product
APP-2082,Applicant 2082,2025-12-27,10,PhD,HR,66,71,In Progress,London,Marketing
APP-2083,Applicant 2083,2025-12-26,2,High School,Technical,79,88,In Progress,Remote,Sales
APP-2084,Applicant 2084,2025-12-25,9,Bachelors,Screening,92,64,In Progress,Austin,Engineering
APP-2085,Applicant 2085,2025-12-24,1,Masters,Final,64,81,Offer,New York,Product
APP-2086,Applicant 2086,2025-12-23,8,PhD,HR,77,98,Rejected,San Francisco,Marketing
APP-2087,Applicant 2087,2025-12-22,15,High School,Technical,90,74,In Progress,London,Sales
APP-2088,Applicant 2088,2025-12-21,7,Bachelors,Screening,62,91,In Progress,Remote,Engineering
APP-2089,Applicant 2089,2025-12-20,14,Masters,Final,75,67,In Progress,Austin,Product
APP-2090,Applicant 2090,2025-12-19,6,PhD,HR,88,84,Offer,New York,Marketing
APP-2091,Applicant 2091,2025-12-18,13,High School,Technical,60,60,Rejected,San Francisco,Sales
APP-2092,Applicant 2092,2025-12-17,5,Bachelors,Screening,73,77,In Progress,London,Engineering
APP-2093,Applicant 2093,2025-12-16,12,Masters,Final,86,94,In Progress,Remote,Product
APP-2094,Applicant 2094,2025-12-15,4,PhD,HR,99,70,In Progress,Austin,Marketing
APP-2095,Applicant 2095,2025-12-14,11,High School,Technical,71,87,Offer,New York,Sales
APP-2096,Applicant 2096,2025-12-13,3,Bachelors,Screening,84,63,Rejected,San Francisco,Engineering
APP-2097,Applicant 2097,2025-12-12,10,Masters,Final,97,80,In Progress,London,Product
APP-2098,Applicant 2098,2025-12-11,2,PhD,HR,69,97,In Progress,Remote,Marketing
APP-2099,Applicant 2099,2025-12-10,9,High School,Technical,82,73,In Progress,Austin,Sales
APP-2100,Applicant 2100,2025-12-09,1,Bachelors,Screening,95,90,Offer,New York,Engineering
APP-2101,Applicant 2101,2025-12-08,8,Masters,Final,67,66,Rejected,San Francisco,Product
APP-2102,Applicant 2102,2025-12-07,15,PhD,HR,80,83,In Progress,London,Marketing
APP-2103,Applicant 2103,2025-12-06,7,High School,Technical,93,100,In Progress,Remote,Sales
APP-2104,Applicant 2104,2025-12-05,14,Bachelors,Screening,65,76,In Progress,Austin,Engineering
APP-2105,Applicant 2105,2025-12-04,6,Masters,Final,78,93,Offer,New York,Product
APP-2106,Applicant 2106,2025-12-03,13,PhD,HR,91,69,Rejected,San Francisco,Marketing
APP-2107,Applicant 2107,2025-12-02,5,High School,Technical,63,86,In Progress,London,Sales
APP-2108,Applicant 2108,2025-12-01,12,Bachelors,Screening,76,62,In Progress,Remote,Engineering
APP-2109,Applicant 2109,2025-11-30,4,Masters,Final,89,79,In Progress,Austin,Product
APP-2110,Applicant 2110,2025-11-29,11,PhD,HR,61,96,Offer,New York,Marketing
APP-2111,Applicant 2111,2025-11-28,3,High School,Technical,74,72,Rejected,San Francisco,Sales
APP-2112,Applicant 2112,2025-11-27,10,Bachelors,Screening,87,89,In Progress,London,Engineering
APP-2113,Applicant 2113,2025-11-26,2,Masters,Final,100,65,In Progress,Remote,Product
APP-2114,Applicant 2114,2025-11-25,9,PhD,HR,72,82,In Progress,Austin,Marketing
APP-2115,Applicant 2115,2025-11-24,1,High School,Technical,85,99,Offer,New York,Sales
APP-2116,Applicant 2116,2025-11-23,8,Bachelors,Screening,98,75,Rejected,San Francisco,Engineering
APP-2117,Applicant 2117,2025-11-22,15,Masters,Final,70,92,In Progress,London,Product
APP-2118,Applicant 2118,2025-11-21,7,PhD,HR,83,68,In Progress,Remote,Marketing
APP-2119,Applicant 2119,2025-11-20,14,High School,Technical,96,85,In Progress,Austin,Sales
APP-2120,Applicant 2120,2025-11-19,6,Bachelors,Screening,68,61,Offer,New York,Engineering
APP-2121,Applicant 2121,2025-11-18,13,Masters,Final,81,78,Rejected,San Francisco,Product
APP-2122,Applicant 2122,2025-11-17,5,PhD,HR,94,95,In Progress,London,Marketing
APP-2123,Applicant 2123,2025-11-16,12,High School,Technical,66,71,In Progress,Remote,Sales
APP-2124,Applicant 2124,2025-11-15,4,Bachelors,Screening,79,88,In Progress,Austin,Engineering
APP-2125,Applicant 2125,2025-11-14,11,Masters,Final,92,64,Offer,New York,Product
APP-2126,Applicant 2126,2025-11-13,3,PhD,HR,64,81,Rejected,San Francisco,Marketing
APP-2127,Applicant 2127,2025-11-12,10,High School,Technical,77,98,In Progress,London,Sales
APP-2128,Applicant 2128,2025-11-11,2,Bachelors,Screening,90,74,In Progress,Remote,Engineering
APP-2129,Applicant 2129,2025-11-10,9,Masters,Final,62,91,In Progress,Austin,Product
APP-2130,Applicant 2130,2025-11-09,1,PhD,HR,75,67,Offer,New York,Marketing
APP-2131,Applicant 2131,2025-11-08,8,High School,Technical,88,84,Rejected,San Francisco,Sales
APP-2132,Applicant 2132,2025-11-07,15,Bachelors,Screening,60,60,In Progress,London,Engineering
APP-2133,Applicant 2133,2025-11-06,7,Masters,Final,73,77,In Progress,Remote,Product
APP-2134,Applicant 2134,2025-11-05,14,PhD,HR,86,94,In Progress,Austin,Marketing
APP-2135,Applicant 2135,2025-11-04,6,High School,Technical,99,70,Offer,New York,Sales
APP-2136,Applicant 2136,2025-11-03,13,Bachelors,Screening,71,87,Rejected,San Francisco,Engineering
APP-2137,Applicant 2137,2025-11-02,5,Masters,Final,84,63,In Progress,London,Product
APP-2138,Applicant 2138,2025-11-01,12,PhD,HR,97,80,In Progress,Remote,Marketing
APP-2139,Applicant 2139,2025-10-31,4,High School,Technical,69,97,In Progress,Austin,Sales
APP-2140,Applicant 2140,2025-10-30,11,Bachelors,Screening,82,73,Offer,New York,Engineering
APP-2141,Applicant 2141,2025-10-29,3,Masters,Final,95,90,Rejected,San Francisco,Product
APP-2142,Applicant 2142,2025-10-28,10,PhD,HR,67,66,In Progress,London,Marketing
APP-2143,Applicant 2143,2025-10-27,2,High School,Technical,80,83,In Progress,Remote,Sales
APP-2144,Applicant 2144,2025-10-26,9,Bachelors,Screening,93,100,In Progress,Austin,Engineering
APP-2145,Applicant 2145,2025-10-25,1,Masters,Final,65,76,Offer,New York,Product
APP-2146,Applicant 2146,2025-10-24,8,PhD,HR,78,93,Rejected,San Francisco,Marketing
APP-2147,Applicant 2147,2025-10-23,15,High School,Technical,91,69,In Progress,London,Sales
APP-2148,Applicant 2148,2025-10-22,7,Bachelors,Screening,63,86,In Progress,Remote,Engineering
APP-2149,Applicant 2149,2025-10-21,14,Masters,Final,76,62,In Progress,Austin,Product
APP-2150,Applicant 2150,2025-10-20,6,PhD,HR,89,79,Offer,New York,Marketing
APP-2151,Applicant 2151,2025-10-19,13,High School,Technical,61,96,Rejected,San Francisco,Sales
APP-2152,Applicant 2152,2025-10-18,5,Bachelors,Screening,74,72,In Progress,London,Engineering
APP-2153,Applicant 2153,2025-10-17,12,Masters,Final,87,89,In Progress,Remote,Product
APP-2154,Applicant 2154,2025-10-16,4,PhD,HR,100,65,In Progress,Austin,Marketing
APP-2155,Applicant 2155,2025-10-15,11,High School,Technical,72,82,Offer,New York,Sales
APP-2156,Applicant 2156,2025-10-14,3,Bachelors,Screening,85,99,Rejected,San Francisco,Engineering
APP-2157,Applicant 2157,2025-10-13,10,Masters,Final,98,75,In Progress,London,Product
APP-2158,Applicant 2158,2025-10-12,2,PhD,HR,70,92,In Progress,Remote,Marketing
APP-2159,Applicant 2159,2025-10-11,9,High School,Technical,83,68,In Progress,Austin,Sales
APP-2160,Applicant 2160,2025-10-10,1,Bachelors,Screening,96,85,Offer,New York,Engineering
APP-2161,Applicant 2161,2025-10-09,8,Masters,Final,68,61,Rejected,San Francisco,Product
APP-2162,Applicant 2162,2025-10-08,15,PhD,HR,81,78,In Progress,London,Marketing
APP-2163,Applicant 2163,2025-10-07,7,High School,Technical,94,95,In Progress,Remote,Sales
APP-2164,Applicant 2164,2025-10-06,14,Bachelors,Screening,66,71,In Progress,Austin,Engineering
APP-2165,Applicant 2165,2025-10-05,6,Masters,Final,79,88,Offer,New York,Product
APP-2166,Applicant 2166,2025-10-04,13,PhD,HR,92,64,Rejected,San Francisco,Marketing
APP-2167,Applicant 2167,2025-10-03,5,High School,Technical,64,81,In Progress,London,Sales
APP-2168,Applicant 2168,2025-10-02,12,Bachelors,Screening,77,98,In Progress,Remote,Engineering
APP-2169,Applicant 2169,2025-10-01,4,Masters,Final,90,74,In Progress,Austin,Product
APP-2170,Applicant 2170,2025-09-30,11,PhD,HR,62,91,Offer,New York,Marketing
APP-2171,Applicant 2171,2025-09-29,3,High School,Technical,75,67,Rejected,San Francisco,Sales
APP-2172,Applicant 2172,2025-09-28,10,Bachelors,Screening,88,84,In Progress,London,Engineering
APP-2173,Applicant 2173,2025-09-27,2,Masters,Final,60,60,In Progress,Remote,Product
APP-2174,Applicant 2174,2025-09-26,9,PhD,HR,73,77,In Progress,Austin,Marketing
APP-2175,Applicant 2175,2025-09-25,1,High School,Technical,86,94,Offer,New York,Sales
APP-2176,Applicant 2176,2025-09-24,8,Bachelors,Screening,99,70,Rejected,San Francisco,Engineering
APP-2177,Applicant 2177,2025-09-23,15,Masters,Final,71,87,In Progress,London,Product
APP-2178,Applicant 2178,2025-09-22,7,PhD,HR,84,63,In Progress,Remote,Marketing
APP-2179,Applicant 2179,2025-09-21,14,High School,Technical,97,80,In Progress,Austin,Sales
APP-2180,Applicant 2180,2025-09-20,6,Bachelors,Screening,69,97,Offer,New York,Engineering
APP-2181,Applicant 2181,2025-09-19,13,Masters,Final,82,73,Rejected,San Francisco,Product
APP-2182,Applicant 2182,2025-09-18,5,PhD,HR,95,90,In Progress,London,Marketing
APP-2183,Applicant 2183,2025-09-17,12,High School,Technical,67,66,In Progress,Remote,Sales
APP-2184,Applicant 2184,2025-09-16,4,Bachelors,Screening,80,83,In Progress,Austin,Engineering
APP-2185,Applicant 2185,2025-09-15,11,Masters,Final,93,100,Offer,New York,Product
APP-2186,Applicant 2186,2025-09-14,3,PhD,HR,65,76,Rejected,San Francisco,Marketing
APP-2187,Applicant 2187,2025-09-13,10,High School,Technical,78,93,In Progress,London,Sales
APP-2188,Applicant 2188,2025-09-12,2,Bachelors,Screening,91,69,In Progress,Remote,Engineering
APP-2189,Applicant 2189,2025-09-11,9,Masters,Final,63,86,In Progress,Austin,Product
APP-2190,Applicant 2190,2026-09-10,1,PhD,HR,76,62,Offer,New York,Marketing
APP-2191,Applicant 2191,2026-09-09,8,High School,Technical,89,79,Rejected,San Francisco,Sales
APP-2192,Applicant 2192,2026-09-08,15,Bachelors,Screening,61,96,In Progress,London,Engineering
APP-2193,Applicant 2193,2026-09-07,7,Masters,Final,74,72,In Progress,Remote,Product
APP-2194,Applicant 2194,2026-09-06,14,PhD,HR,87,89,In Progress,Austin,Marketing
APP-2195,Applicant 2195,2026-09-05,6,High School,Technical,100,65,Offer,New York,Sales
APP-2196,Applicant 2196,2026-09-04,13,Bachelors,Screening,72,82,Rejected,San Francisco,Engineering
APP-2197,Applicant 2197,2026-09-03,5,Masters,Final,85,99,In Progress,London,Product
APP-2198,Applicant 2198,2026-09-02,12,PhD,HR,98,75,In Progress,Remote,Marketing
APP-2199,Applicant 2199,2026-09-01,4,High School,Technical,70,92,In Progress,Austin,Sales
APP-2200,Applicant 2200,2026-08-31,11,Bachelors,Screening,83,68,Offer,New York,Engineering
APP-2201,Applicant 2201,2026-08-30,3,Masters,Final,96,85,Rejected,San Francisco,Product
APP-2202,Applicant 2202,2026-08-29,10,PhD,HR,68,61,In Progress,London,Marketing
APP-2203,Applicant 2203,2026-08-28,2,High School,Technical,81,78,In Progress,Remote,Sales
APP-2204,Applicant 2204,2026-08-27,9,Bachelors,Screening,94,95,In Progress,Austin,Engineering
APP-2205,Applicant 2205,2026-08-26,1,Masters,Final,66,71,Offer,New York,Product
APP-2206,Applicant 2206,2026-08-25,8,PhD,HR,79,88,Rejected,San Francisco,Marketing
APP-2207,Applicant 2207,2026-08-24,15,High School,Technical,92,64,In Progress,London,Sales
APP-2208,Applicant 2208,2026-08-23,7,Bachelors,Screening,64,81,In Progress,Remote,Engineering
APP-2209,Applicant 2209,2026-08-22,14,Masters,Final,77,98,In Progress,Austin,Product
APP-2210,Applicant 2210,2026-08-21,6,PhD,HR,90,74,Offer,New York,Marketing
APP-2211,Applicant 2211,2026-08-20,13,High School,Technical,62,91,Rejected,San Francisco,Sales
APP-2212,Applicant 2212,2026-08-19,5,Bachelors,Screening,75,67,In Progress,London,Engineering
APP-2213,Applicant 2213,2026-08-18,12,Masters,Final,88,84,In Progress,Remote,Product
APP-2214,Applicant 2214,2026-08-17,4,PhD,HR,60,60,In Progress,Austin,Marketing
APP-2215,Applicant 2215,2026-08-16,11,High School,Technical,73,77,Offer,New York,Sales
APP-2216,Applicant 2216,2026-08-15,3,Bachelors,Screening,86,94,Rejected,San Francisco,Engineering
APP-2217,Applicant 2217,2026-08-14,10,Masters,Final,99,70,In Progress,London,Product
APP-2218,Applicant 2218,2026-08-13,2,PhD,HR,71,87,In Progress,Remote,Marketing
APP-2219,Applicant 2219,2026-08-12,9,High School,Technical,84,63,In Progress,Austin,Sales
APP-2220,Applicant 2220,2026-08-11,1,Bachelors,Screening,97,80,Offer,New York,Engineering
APP-2221,Applicant 2221,2026-08-10,8,Masters,Final,69,97,Rejected,San Francisco,Product
APP-2222,Applicant 2222,2026-08-09,15,PhD,HR,82,73,In Progress,London,Marketing
APP-2223,Applicant 2223,2026-08-08,7,High School,Technical,95,90,In Progress,Remote,Sales
APP-2224,Applicant 2224,2026-08-07,14,Bachelors,Screening,67,66,In Progress,Austin,Engineering
APP-2225,Applicant 2225,2026-08-06,6,Masters,Final,80,83,Offer,New York,Product
APP-2226,Applicant 2226,2026-08-05,13,PhD,HR,93,100,Rejected,San Francisco,Marketing
APP-2227,Applicant 2227,2026-08-04,5,High School,Technical,65,76,In Progress,London,Sales
APP-2228,Applicant 2228,2026-08-03,12,Bachelors,Screening,78,93,In Progress,Remote,Engineering
APP-2229,Applicant 2229,2026-08-02,4,Masters,Final,91,69,In Progress,Austin,Product
APP-2230,Applicant 2230,2026-08-01,11,PhD,HR,63,86,Offer,New York,Marketing
APP-2231,Applicant 2231,2026-07-31,3,High School,Technical,76,62,Rejected,San Francisco,Sales
APP-2232,Applicant 2232,2026-07-30,10,Bachelors,Screening,89,79,In Progress,London,Engineering
APP-2233,Applicant 2233,2026-07-29,2,Masters,Final,61,96,In Progress,Remote,Product
APP-2234,Applicant 2234,2026-07-28,9,PhD,HR,74,72,In Progress,Austin,Marketing
APP-2235,Applicant 2235,2026-07-27,1,High School,Technical,87,89,Offer,New York,Sales
APP-2236,Applicant 2236,2026-07-26,8,Bachelors,Screening,100,65,Rejected,San Francisco,Engineering
APP-2237,Applicant 2237,2026-07-25,15,Masters,Final,72,82,In Progress,London,Product
APP-2238,Applicant 2238,2026-07-24,7,PhD,HR,85,99,In Progress,Remote,Marketing
APP-2239,Applicant 2239,2026-07-23,14,High School,Technical,98,75,In Progress,Austin,Sales
APP-2240,Applicant 2240,2026-07-22,6,Bachelors,Screening,70,92,Offer,New York,Engineering
APP-2241,Applicant 2241,2026-07-21,13,Masters,Final,83,68,Rejected,San Francisco,Product
APP-2242,Applicant 2242,2026-07-20,5,PhD,HR,96,85,In Progress,London,Marketing
APP-2243,Applicant 2243,2026-07-19,12,High School,Technical,68,61,In Progress,Remote,Sales
APP-2244,Applicant 2244,2026-07-18,4,Bachelors,Screening,81,78,In Progress,Austin,Engineering
APP-2245,Applicant 2245,2026-07-17,11,Masters,Final,94,95,Offer,New York,Product
APP-2246,Applicant 2246,2026-07-16,3,PhD,HR,66,71,Rejected,San Francisco,Marketing
APP-2247,Applicant 2247,2026-07-15,10,High School,Technical,79,88,In Progress,London,Sales
APP-2248,Applicant 2248,2026-07-14,2,Bachelors,Screening,92,64,In Progress,Remote,Engineering
APP-2249,Applicant 2249,2026-07-13,9,Masters,Final,64,81,In Progress,Austin,Product
APP-2250,Applicant 2250,2026-07-12,1,PhD,HR,77,98,Offer,New York,Marketing
APP-2251,Applicant 2251,2026-07-11,8,High School,Technical,90,74,Rejected,San Francisco,Sales
APP-2252,Applicant 2252,2026-07-10,15,Bachelors,Screening,62,91,In Progress,London,Engineering
APP-2253,Applicant 2253,2026-07-09,7,Masters,Final,75,67,In Progress,Remote,Product
APP-2254,Applicant 2254,2026-07-08,14,PhD,HR,88,84,In Progress,Austin,Marketing
APP-2255,Applicant 2255,2026-07-07,6,High School,Technical,60,60,Offer,New York,Sales
APP-2256,Applicant 2256,2026-07-06,13,Bachelors,Screening,73,77,Rejected,San Francisco,Engineering
APP-2257,Applicant 2257,2026-07-05,5,Masters,Final,86,94,In Progress,London,Product
APP-2258,Applicant 2258,2026-07-04,12,PhD,HR,99,70,In Progress,Remote,Marketing
APP-2259,Applicant 2259,2026-07-03,4,High School,Technical,71,87,In Progress,Austin,Sales
APP-2260,Applicant 2260,2026-07-02,11,Bachelors,Screening,84,63,Offer,New York,Engineering
APP-2261,Applicant 2261,2026-07-01,3,Masters,Final,97,80,Rejected,San Francisco,Product
APP-2262,Applicant 2262,2026-06-30,10,PhD,HR,69,97,In Progress,London,Marketing
APP-2263,Applicant 2263,2026-06-29,2,High School,Technical,82,73,In Progress,Remote,Sales
APP-2264,Applicant 2264,2026-06-28,9,Bachelors,Screening,95,90,In Progress,Austin,Engineering
APP-2265,Applicant 2265,2026-06-27,1,Masters,Final,67,66,Offer,New York,Product
APP-2266,Applicant 2266,2026-06-26,8,PhD,HR,80,83,Rejected,San Francisco,Marketing
APP-2267,Applicant 2267,2026-06-25,15,High School,Technical,93,100,In Progress,London,Sales
APP-2268,Applicant 2268,2026-06-24,7,Bachelors,Screening,65,76,In Progress,Remote,Engineering
APP-2269,Applicant 2269,2026-06-23,14,Masters,Final,78,93,In Progress,Austin,Product
APP-2270,Applicant 2270,2026-06-22,6,PhD,HR,91,69,Offer,New York,Marketing
APP-2271,Applicant 2271,2026-06-21,13,High School,Technical,63,86,Rejected,San Francisco,Sales
APP-2272,Applicant 2272,2026-06-20,5,Bachelors,Screening,76,62,In Progress,London,Engineering
APP-2273,Applicant 2273,2026-06-19,12,Masters,Final,89,79,In Progress,Remote,Product
APP-2274,Applicant 2274,2026-06-18,4,PhD,HR,61,96,In Progress,Austin,Marketing
APP-2275,Applicant 2275,2026-06-17,11,High School,Technical,74,72,Offer,New York,Sales
APP-2276,Applicant 2276,2026-06-16,3,Bachelors,Screening,87,89,Rejected,San Francisco,Engineering
APP-2277,Applicant 2277,2026-06-15,10,Masters,Final,100,65,In Progress,London,Product
APP-2278,Applicant 2278,2026-06-14,2,PhD,HR,72,82,In Progress,Remote,Marketing
APP-2279,Applicant 2279,2026-06-13,9,High School,Technical,85,99,In Progress,Austin,Sales
APP-2280,Applicant 2280,2026-06-12,1,Bachelors,Screening,98,75,Offer,New York,Engineering
APP-2281,Applicant 2281,2026-06-11,8,Masters,Final,70,92,Rejected,San Francisco,Product
APP-2282,Applicant 2282,2026-06-10,15,PhD,HR,83,68,In Progress,London,Marketing
APP-2283,Applicant 2283,2026-06-09,7,High School,Technical,96,85,In Progress,Remote,Sales
APP-2284,Applicant 2284,2026-06-08,14,Bachelors,Screening,68,61,In Progress,Austin,Engineering
APP-2285,Applicant 2285,2026-06-07,6,Masters,Final,81,78,Offer,New York,Product
APP-2286,Applicant 2286,2026-06-06,13,PhD,HR,94,95,Rejected,San Francisco,Marketing
APP-2287,Applicant 2287,2026-06-05,5,High School,Technical,66,71,In Progress,London,Sales
APP-2288,Applicant 2288,2026-06-04,12,Bachelors,Screening,79,88,In Progress,Remote,Engineering
APP-2289,Applicant 2289,2026-06-03,4,Masters,Final,92,64,In Progress,Austin,Product
APP-2290,Applicant 2290,2026-06-02,11,PhD,HR,64,81,Offer,New York,Marketing
APP-2291,Applicant 2291,2026-06-01,3,High School,Technical,77,98,Rejected,San Francisco,Sales
APP-2292,Applicant 2292,2026-05-31,10,Bachelors,Screening,90,74,In Progress,London,Engineering
APP-2293,Applicant 2293,2026-05-30,2,Masters,Final,62,91,In Progress,Remote,Product
APP-2294,Applicant 2294,2026-05-29,9,PhD,HR,75,67,In Progress,Austin,Marketing
APP-2295,Applicant 2295,2026-05-28,1,High School,Technical,88,84,Offer,New York,Sales
APP-2296,Applicant 2296,2026-05-27,8,Bachelors,Screening,60,60,Rejected,San Francisco,Engineering
APP-2297,Applicant 2297,2026-05-26,15,Masters,Final,73,77,In Progress,London,Product
APP-2298,Applicant 2298,2026-05-25,7,PhD,HR,86,94,In Progress,Remote,Marketing
APP-2299,Applicant 2299,2026-05-24,14,High School,Technical,99,70,In Progress,Austin,Sales
APP-2300,Applicant 2300,2026-05-23,6,Bachelors,Screening,71,87,Offer,New York,Engineering
APP-2301,Applicant 2301,2026-05-22,13,Masters,Final,84,63,Rejected,San Francisco,Product
APP-2302,Applicant 2302,2026-05-21,5,PhD,HR,97,80,In Progress,London,Marketing
APP-2303,Applicant 2303,2026-05-20,12,High School,Technical,69,97,In Progress,Remote,Sales
APP-2304,Applicant 2304,2026-05-19,4,Bachelors,Screening,82,73,In Progress,Austin,Engineering
APP-2305,Applicant 2305,2026-05-18,11,Masters,Final,95,90,Offer,New York,Product
APP-2306,Applicant 2306,2026-05-17,3,PhD,HR,67,66,Rejected,San Francisco,Marketing
APP-2307,Applicant 2307,2026-05-16,10,High School,Technical,80,83,In Progress,London,Sales
APP-2308,Applicant 2308,2026-05-15,2,Bachelors,Screening,93,100,In Progress,Remote,Engineering
APP-2309,Applicant 2309,2026-05-14,9,Masters,Final,65,76,In Progress,Austin,Product
APP-2310,Applicant 2310,2026-05-13,1,PhD,HR,78,93,Offer,New York,Marketing
APP-2311,Applicant 2311,2026-05-12,8,High School,Technical,91,69,Rejected,San Francisco,Sales
APP-2312,Applicant 2312,2026-05-11,15,Bachelors,Screening,63,86,In Progress,London,Engineering
APP-2313,Applicant 2313,2026-05-10,7,Masters,Final,76,62,In Progress,Remote,Product
APP-2314,Applicant 2314,2026-05-09,14,PhD,HR,89,79,In Progress,Austin,Marketing
APP-2315,Applicant 2315,2026-05-08,6,High School,Technical,61,96,Offer,New York,Sales
APP-2316,Applicant 2316,2026-05-07,13,Bachelors,Screening,74,72,Rejected,San Francisco,Engineering
APP-2317,Applicant 2317,2026-05-06,5,Masters,Final,87,89,In Progress,London,Product
APP-2318,Applicant 2318,2026-05-05,12,PhD,HR,100,65,In Progress,Remote,Marketing
APP-2319,Applicant 2319,2026-05-04,4,High School,Technical,72,82,In Progress,Austin,Sales
APP-2320,Applicant 2320,2026-05-03,11,Bachelors,Screening,85,99,Offer,New York,Engineering
APP-2321,Applicant 2321,2026-05-02,3,Masters,Final,98,75,Rejected,San Francisco,Product
APP-2322,Applicant 2322,2026-05-01,10,PhD,HR,70,92,In Progress,London,Marketing
APP-2323,Applicant 2323,2026-04-30,2,High School,Technical,83,68,In Progress,Remote,Sales
APP-2324,Applicant 2324,2026-04-29,9,Bachelors,Screening,96,85,In Progress,Austin,Engineering
APP-2325,Applicant 2325,2026-04-28,1,Masters,Final,68,61,Offer,New York,Product
APP-2326,Applicant 2326,2026-04-27,8,PhD,HR,81,78,Rejected,San Francisco,Marketing
APP-2327,Applicant 2327,2026-04-26,15,High School,Technical,94,95,In Progress,London,Sales
APP-2328,Applicant 2328,2026-04-25,7,Bachelors,Screening,66,71,In Progress,Remote,Engineering
APP-2329,Applicant 2329,2026-04-24,14,Masters,Final,79,88,In Progress,Austin,Product
APP-2330,Applicant 2330,2026-04-23,6,PhD,HR,92,64,Offer,New York,Marketing
APP-2331,Applicant 2331,2026-04-22,13,High School,Technical,64,81,Rejected,San Francisco,Sales
APP-2332,Applicant 2332,2026-04-21,5,Bachelors,Screening,77,98,In Progress,London,Engineering
APP-2333,Applicant 2333,2026-04-20,12,Masters,Final,90,74,In Progress,Remote,Product
APP-2334,Applicant 2334,2026-04-19,4,PhD,HR,62,91,In Progress,Austin,Marketing
APP-2335,Applicant 2335,2026-04-18,11,High School,Technical,75,67,Offer,New York,Sales
APP-2336,Applicant 2336,2026-04-17,3,Bachelors,Screening,88,84,Rejected,San Francisco,Engineering
APP-2337,Applicant 2337,2026-04-16,10,Masters,Final,60,60,In Progress,London,Product
APP-2338,Applicant 2338,2026-04-15,2,PhD,HR,73,77,In Progress,Remote,Marketing
APP-2339,Applicant 2339,2026-04-14,9,High School,Technical,86,94,In Progress,Austin,Sales
APP-2340,Applicant 2340,2026-04-13,1,Bachelors,Screening,99,70,Offer,New York,Engineering
APP-2341,Applicant 2341,2026-04-12,8,Masters,Final,71,87,Rejected,San Francisco,Product
APP-2342,Applicant 2342,2026-04-11,15,PhD,HR,84,63,In Progress,London,Marketing
APP-2343,Applicant 2343,2026-04-10,7,High School,Technical,97,80,In Progress,Remote,Sales
APP-2344,Applicant 2344,2026-04-09,14,Bachelors,Screening,69,97,In Progress,Austin,Engineering
APP-2345,Applicant 2345,2026-04-08,6,Masters,Final,82,73,Offer,New York,Product
APP-2346,Applicant 2346,2026-04-07,13,PhD,HR,95,90,Rejected,San Francisco,Marketing
APP-2347,Applicant 2347,2026-04-06,5,High School,Technical,67,66,In Progress,London,Sales
APP-2348,Applicant 2348,2026-04-05,12,Bachelors,Screening,80,83,In Progress,Remote,Engineering
APP-2349,Applicant 2349,2026-04-04,4,Masters,Final,93,100,In Progress,Austin,Product
APP-2350,Applicant 2350,2026-04-03,11,PhD,HR,65,76,Offer,New York,Marketing
APP-2351,Applicant 2351,2026-04-02,3,High School,Technical,78,93,Rejected,San Francisco,Sales
APP-2352,Applicant 2352,2026-04-01,10,Bachelors,Screening,91,69,In Progress,London,Engineering
APP-2353,Applicant 2353,2026-03-31,2,Masters,Final,63,86,In Progress,Remote,Product
APP-2354,Applicant 2354,2026-03-30,9,PhD,HR,76,62,In Progress,Austin,Marketing
APP-2355,Applicant 2355,2026-03-29,1,High School,Technical,89,79,Offer,New York,Sales
APP-2356,Applicant 2356,2026-03-28,8,Bachelors,Screening,61,96,Rejected,San Francisco,Engineering
APP-2357,Applicant 2357,2026-03-27,15,Masters,Final,74,72,In Progress,London,Product
APP-2358,Applicant 2358,2026-03-26,7,PhD,HR,87,89,In Progress,Remote,Marketing
APP-2359,Applicant 2359,2026-03-25,14,High School,Technical,100,65,In Progress,Austin,Sales
APP-2360,Applicant 2360,2026-03-24,6,Bachelors,Screening,72,82,Offer,New York,Engineering
APP-2361,Applicant 2361,2026-03-23,13,Masters,Final,85,99,Rejected,San Francisco,Product
APP-2362,Applicant 2362,2026-03-22,5,PhD,HR,98,75,In Progress,London,Marketing
APP-2363,Applicant 2363,2026-03-21,12,High School,Technical,70,92,In Progress,Remote,Sales
APP-2364,Applicant 2364,2026-03-20,4,Bachelors,Screening,83,68,In Progress,Austin,Engineering
APP-2365,Applicant 2365,2026-03-19,11,Masters,Final,96,85,Offer,New York,Product
APP-2366,Applicant 2366,2026-03-18,3,PhD,HR,68,61,Rejected,San Francisco,Marketing
APP-2367,Applicant 2367,2026-03-17,10,High School,Technical,81,78,In Progress,London,Sales
APP-2368,Applicant 2368,2026-03-16,2,Bachelors,Screening,94,95,In Progress,Remote,Engineering
APP-2369,Applicant 2369,2026-03-15,9,Masters,Final,66,71,In Progress,Austin,Product
APP-2370,Applicant 2370,2026-03-14,1,PhD,HR,79,88,Offer,New York,Marketing
APP-2371,Applicant 2371,2026-03-13,8,High School,Technical,92,64,Rejected,San Francisco,Sales
APP-2372,Applicant 2372,2026-03-12,15,Bachelors,Screening,64,81,In Progress,London,Engineering
APP-2373,Applicant 2373,2026-03-11,7,Masters,Final,77,98,In Progress,Remote,Product
APP-2374,Applicant 2374,2026-03-10,14,PhD,HR,90,74,In Progress,Austin,Marketing
APP-2375,Applicant 2375,2026-03-09,6,High School,Technical,62,91,Offer,New York,Sales
APP-2376,Applicant 2376,2026-03-08,13,Bachelors,Screening,75,67,Rejected,San Francisco,Engineering
APP-2377,Applicant 2377,2026-03-07,5,Masters,Final,88,84,In Progress,London,Product
APP-2378,Applicant 2378,2026-03-06,12,PhD,HR,60,60,In Progress,Remote,Marketing
APP-2379,Applicant 2379,2026-03-05,4,High School,Technical,73,77,In Progress,Austin,Sales
APP-2380,Applicant 2380,2026-03-04,11,Bachelors,Screening,86,94,Offer,New York,Engineering
APP-2381,Applicant 2381,2026-03-03,3,Masters,Final,99,70,Rejected,San Francisco,Product
APP-2382,Applicant 2382,2026-03-02,10,PhD,HR,71,87,In Progress,London,Marketing
APP-2383,Applicant 2383,2026-03-01,2,High School,Technical,84,63,In Progress,Remote,Sales
APP-2384,Applicant 2384,2026-02-28,9,Bachelors,Screening,97,80,In Progress,Austin,Engineering
APP-2385,Applicant 2385,2026-02-27,1,Masters,Final,69,97,Offer,New York,Product
APP-2386,Applicant 2386,2026-02-26,8,PhD,HR,82,73,Rejected,San Francisco,Marketing
APP-2387,Applicant 2387,2026-02-25,15,High School,Technical,95,90,In Progress,London,Sales
APP-2388,Applicant 2388,2026-02-24,7,Bachelors,Screening,67,66,In Progress,Remote,Engineering
APP-2389,Applicant 2389,2026-02-23,14,Masters,Final,80,83,In Progress,Austin,Product
APP-2390,Applicant 2390,2026-02-22,6,PhD,HR,93,100,Offer,New York,Marketing
APP-2391,Applicant 2391,2026-02-21,13,High School,Technical,65,76,Rejected,San Francisco,Sales
APP-2392,Applicant 2392,2026-02-20,5,Bachelors,Screening,78,93,In Progress,London,Engineering
APP-2393,Applicant 2393,2026-02-19,12,Masters,Final,91,69,In Progress,Remote,Product
APP-2394,Applicant 2394,2026-02-18,4,PhD,HR,63,86,In Progress,Austin,Marketing
APP-2395,Applicant 2395,2026-02-17,11,High School,Technical,76,62,Offer,New York,Sales
APP-2396,Applicant 2396,2026-02-16,3,Bachelors,Screening,89,79,Rejected,San Francisco,Engineering
APP-2397,Applicant 2397,2026-02-15,10,Masters,Final,61,96,In Progress,London,Product
APP-2398,Applicant 2398,2026-02-14,2,PhD,HR,74,72,In Progress,Remote,Marketing
APP-2399,Applicant 2399,2026-02-13,9,High School,Technical,87,89,In Progress,Austin,Sales
APP-2400,Applicant 2400,2026-02-12,1,Bachelors,Screening,100,65,Offer,New York,Engineering
APP-2401,Applicant 2401,2026-02-11,8,Masters,Final,72,82,Rejected,San Francisco,Product
APP-2402,Applicant 2402,2026-02-10,15,PhD,HR,85,99,In Progress,London,Marketing
APP-2403,Applicant 2403,2026-02-09,7,High School,Technical,98,75,In Progress,Remote,Sales
APP-2404,Applicant 2404,2026-02-08,14,Bachelors,Screening,70,92,In Progress,Austin,Engineering
APP-2405,Applicant 2405,2026-02-07,6,Masters,Final,83,68,Offer,New York,Product
APP-2406,Applicant 2406,2026-02-06,13,PhD,HR,96,85,Rejected,San Francisco,Marketing
APP-2407,Applicant 2407,2026-02-05,5,High School,Technical,68,61,In Progress,London,Sales
APP-2408,Applicant 2408,2026-02-04,12,Bachelors,Screening,81,78,In Progress,Remote,Engineering
APP-2409,Applicant 2409,2026-02-03,4,Masters,Final,94,95,In Progress,Austin,Product
APP-2410,Applicant 2410,2026-02-02,11,PhD,HR,66,71,Offer,New York,Marketing
APP-2411,Applicant 2411,2026-02-01,3,High School,Technical,79,88,Rejected,San Francisco,Sales
APP-2412,Applicant 2412,2026-01-31,10,Bachelors,Screening,92,64,In Progress,London,Engineering
APP-2413,Applicant 2413,2026-01-30,2,Masters,Final,64,81,In Progress,Remote,Product
APP-2414,Applicant 2414,2026-01-29,9,PhD,HR,77,98,In Progress,Austin,Marketing
APP-2415,Applicant 2415,2026-01-28,1,High School,Technical,90,74,Offer,New York,Sales
APP-2416,Applicant 2416,2026-01-27,8,Bachelors,Screening,62,91,Rejected,San Francisco,Engineering
APP-2417,Applicant 2417,2026-01-26,15,Masters,Final,75,67,In Progress,London,Product
APP-2418,Applicant 2418,2026-01-25,7,PhD,HR,88,84,In Progress,Remote,Marketing
APP-2419,Applicant 2419,2026-01-24,14,High School,Technical,60,60,In Progress,Austin,Sales
APP-2420,Applicant 2420,2026-01-23,6,Bachelors,Screening,73,77,Offer,New York,Engineering
APP-2421,Applicant 2421,2026-01-22,13,Masters,Final,86,94,Rejected,San Francisco,Product
APP-2422,Applicant 2422,2026-01-21,5,PhD,HR,99,70,In Progress,London,Marketing
APP-2423,Applicant 2423,2026-01-20,12,High School,Technical,71,87,In Progress,Remote,Sales
APP-2424,Applicant 2424,2026-01-19,4,Bachelors,Screening,84,63,In Progress,Austin,Engineering
APP-2425,Applicant 2425,2026-01-18,11,Masters,Final,97,80,Offer,New York,Product
APP-2426,Applicant 2426,2026-01-17,3,PhD,HR,69,97,Rejected,San Francisco,Marketing
APP-2427,Applicant 2427,2026-01-16,10,High School,Technical,82,73,In Progress,London,Sales
APP-2428,Applicant 2428,2026-01-15,2,Bachelors,Screening,95,90,In Progress,Remote,Engineering
APP-2429,Applicant 2429,2026-01-14,9,Masters,Final,67,66,In Progress,Austin,Product
APP-2430,Applicant 2430,2026-01-13,1,PhD,HR,80,83,Offer,New York,Marketing
APP-2431,Applicant 2431,2026-01-12,8,High School,Technical,93,100,Rejected,San Francisco,Sales
APP-2432,Applicant 2432,2026-01-11,15,Bachelors,Screening,65,76,In Progress,London,Engineering
APP-2433,Applicant 2433,2026-01-10,7,Masters,Final,78,93,In Progress,Remote,Product
APP-2434,Applicant 2434,2026-01-09,14,PhD,HR,91,69,In Progress,Austin,Marketing
APP-2435,Applicant 2435,2026-01-08,6,High School,Technical,63,86,Offer,New York,Sales
APP-2436,Applicant 2436,2026-01-07,13,Bachelors,Screening,76,62,Rejected,San Francisco,Engineering
APP-2437,Applicant 2437,2026-01-06,5,Masters,Final,89,79,In Progress,London,Product
APP-2438,Applicant 2438,2026-01-05,12,PhD,HR,61,96,In Progress,Remote,Marketing
APP-2439,Applicant 2439,2026-01-04,4,High School,Technical,74,72,In Progress,Austin,Sales
APP-2440,Applicant 2440,2026-01-03,11,Bachelors,Screening,87,89,Offer,New York,Engineering
APP-2441,Applicant 2441,2026-01-02,3,Masters,Final,100,65,Rejected,San Francisco,Product
APP-2442,Applicant 2442,2026-01-01,10,PhD,HR,72,82,In Progress,London,Marketing
APP-2443,Applicant 2443,2025-12-31,2,High School,Technical,85,99,In Progress,Remote,Sales
APP-2444,Applicant 2444,2025-12-30,9,Bachelors,Screening,98,75,In Progress,Austin,Engineering
APP-2445,Applicant 2445,2025-12-29,1,Masters,Final,70,92,Offer,New York,Product
APP-2446,Applicant 2446,2025-12-28,8,PhD,HR,83,68,Rejected,San Francisco,Marketing
APP-2447,Applicant 2447,2025-12-27,15,High School,Technical,96,85,In Progress,London,Sales
APP-2448,Applicant 2448,2025-12-26,7,Bachelors,Screening,68,61,In Progress,Remote,Engineering
APP-2449,Applicant 2449,2025-12-25,14,Masters,Final,81,78,In Progress,Austin,Product
APP-2450,Applicant 2450,2025-12-24,6,PhD,HR,94,95,Offer,New York,Marketing
APP-2451,Applicant 2451,2025-12-23,13,High School,Technical,66,71,Rejected,San Francisco,Sales
APP-2452,Applicant 2452,2025-12-22,5,Bachelors,Screening,79,88,In Progress,London,Engineering
APP-2453,Applicant 2453,2025-12-21,12,Masters,Final,92,64,In Progress,Remote,Product
APP-2454,Applicant 2454,2025-12-20,4,PhD,HR,64,81,In Progress,Austin,Marketing
APP-2455,Applicant 2455,2025-12-19,11,High School,Technical,77,98,Offer,New York,Sales
APP-2456,Applicant 2456,2025-12-18,3,Bachelors,Screening,90,74,Rejected,San Francisco,Engineering
APP-2457,Applicant 2457,2025-12-17,10,Masters,Final,62,91,In Progress,London,Product
APP-2458,Applicant 2458,2025-12-16,2,PhD,HR,75,67,In Progress,Remote,Marketing
APP-2459,Applicant 2459,2025-12-15,9,High School,Technical,88,84,In Progress,Austin,Sales
APP-2460,Applicant 2460,2025-12-14,1,Bachelors,Screening,60,60,Offer,New York,Engineering
APP-2461,Applicant 2461,2025-12-13,8,Masters,Final,73,77,Rejected,San Francisco,Product
APP-2462,Applicant 2462,2025-12-12,15,PhD,HR,86,94,In Progress,London,Marketing
APP-2463,Applicant 2463,2025-12-11,7,High School,Technical,99,70,In Progress,Remote,Sales
APP-2464,Applicant 2464,2025-12-10,14,Bachelors,Screening,71,87,In Progress,Austin,Engineering
APP-2465,Applicant 2465,2025-12-09,6,Masters,Final,84,63,Offer,New York,Product
APP-2466,Applicant 2466,2025-12-08,13,PhD,HR,97,80,Rejected,San Francisco,Marketing
APP-2467,Applicant 2467,2025-12-07,5,High School,Technical,69,97,In Progress,London,Sales
APP-2468,Applicant 2468,2025-12-06,12,Bachelors,Screening,82,73,In Progress,Remote,Engineering
APP-2469,Applicant 2469,2025-12-05,4,Masters,Final,95,90,In Progress,Austin,Product
APP-2470,Applicant 2470,2025-12-04,11,PhD,HR,67,66,Offer,New York,Marketing
APP-2471,Applicant 2471,2025-12-03,3,High School,Technical,80,83,Rejected,San Francisco,Sales
APP-2472,Applicant 2472,2025-12-02,10,Bachelors,Screening,93,100,In Progress,London,Engineering
APP-2473,Applicant 2473,2025-12-01,2,Masters,Final,65,76,In Progress,Remote,Product
APP-2474,Applicant 2474,2025-11-30,9,PhD,HR,78,93,In Progress,Austin,Marketing
APP-2475,Applicant 2475,2025-11-29,1,High School,Technical,91,69,Offer,New York,Sales
APP-2476,Applicant 2476,2025-11-28,8,Bachelors,Screening,63,86,Rejected,San Francisco,Engineering
APP-2477,Applicant 2477,2025-11-27,15,Masters,Final,76,62,In Progress,London,Product
APP-2478,Applicant 2478,2025-11-26,7,PhD,HR,89,79,In Progress,Remote,Marketing
APP-2479,Applicant 2479,2025-11-25,14,High School,Technical,61,96,In Progress,Austin,Sales
APP-2480,Applicant 2480,2025-11-24,6,Bachelors,Screening,74,72,Offer,New York,Engineering
APP-2481,Applicant 2481,2025-11-23,13,Masters,Final,87,89,Rejected,San Francisco,Product
APP-2482,Applicant 2482,2025-11-22,5,PhD,HR,100,65,In Progress,London,Marketing
APP-2483,Applicant 2483,2025-11-21,12,High School,Technical,72,82,In Progress,Remote,Sales
APP-2484,Applicant 2484,2025-11-20,4,Bachelors,Screening,85,99,In Progress,Austin,Engineering
APP-2485,Applicant 2485,2025-11-19,11,Masters,Final,98,75,Offer,New York,Product
APP-2486,Applicant 2486,2025-11-18,3,PhD,HR,70,92,Rejected,San Francisco,Marketing
APP-2487,Applicant 2487,2025-11-17,10,High School,Technical,83,68,In Progress,London,Sales
APP-2488,Applicant 2488,2025-11-16,2,Bachelors,Screening,96,85,In Progress,Remote,Engineering
APP-2489,Applicant 2489,2025-11-15,9,Masters,Final,68,61,In Progress,Austin,Product
APP-2490,Applicant 2490,2025-11-14,1,PhD,HR,81,78,Offer,New York,Marketing
APP-2491,Applicant 2491,2025-11-13,8,High School,Technical,94,95,Rejected,San Francisco,Sales
APP-2492,Applicant 2492,2025-11-12,15,Bachelors,Screening,66,71,In Progress,London,Engineering
APP-2493,Applicant 2493,2025-11-11,7,Masters,Final,79,88,In Progress,Remote,Product
APP-2494,Applicant 2494,2025-11-10,14,PhD,HR,92,64,In Progress,Austin,Marketing
APP-2495,Applicant 2495,2025-11-09,6,High School,Technical,64,81,Offer,New York,Sales
APP-2496,Applicant 2496,2025-11-08,13,Bachelors,Screening,77,98,Rejected,San Francisco,Engineering
APP-2497,Applicant 2497,2025-11-07,5,Masters,Final,90,74,In Progress,London,Product
APP-2498,Applicant 2498,2025-11-06,12,PhD,HR,62,91,In Progress,Remote,Marketing
APP-2499,Applicant 2499,2025-11-05,4,High School,Technical,75,67,In Progress,Austin,Sales
APP-2500,Applicant 2500,2025-11-04,11,Bachelors,Screening,88,84,Offer,New York,Engineering
APP-2501,Applicant 2501,2025-11-03,3,Masters,Final,60,60,Rejected,San Francisco,Product
APP-2502,Applicant 2502,2025-11-02,10,PhD,HR,73,77,In Progress,London,Marketing
APP-2503,Applicant 2503,2025-11-01,2,High School,Technical,86,94,In Progress,Remote,Sales
APP-2504,Applicant 2504,2025-10-31,9,Bachelors,Screening,99,70,In Progress,Austin,Engineering
APP-2505,Applicant 2505,2025-10-30,1,Masters,Final,71,87,Offer,New York,Product
APP-2506,Applicant 2506,2025-10-29,8,PhD,HR,84,63,Rejected,San Francisco,Marketing
APP-2507,Applicant 2507,2025-10-28,15,High School,Technical,97,80,In Progress,London,Sales
APP-2508,Applicant 2508,2025-10-27,7,Bachelors,Screening,69,97,In Progress,Remote,Engineering
APP-2509,Applicant 2509,2025-10-26,14,Masters,Final,82,73,In Progress,Austin,Product
APP-2510,Applicant 2510,2025-10-25,6,PhD,HR,95,90,Offer,New York,Marketing
APP-2511,Applicant 2511,2025-10-24,13,High School,Technical,67,66,Rejected,San Francisco,Sales
APP-2512,Applicant 2512,2025-10-23,5,Bachelors,Screening,80,83,In Progress,London,Engineering
APP-2513,Applicant 2513,2025-10-22,12,Masters,Final,93,100,In Progress,Remote,Product
APP-2514,Applicant 2514,2025-10-21,4,PhD,HR,65,76,In Progress,Austin,Marketing
APP-2515,Applicant 2515,2025-10-20,11,High School,Technical,78,93,Offer,New York,Sales
APP-2516,Applicant 2516,2025-10-19,3,Bachelors,Screening,91,69,Rejected,San Francisco,Engineering
APP-2517,Applicant 2517,2025-10-18,10,Masters,Final,63,86,In Progress,London,Product
APP-2518,Applicant 2518,2025-10-17,2,PhD,HR,76,62,In Progress,Remote,Marketing
APP-2519,Applicant 2519,2025-10-16,9,High School,Technical,89,79,In Progress,Austin,Sales
APP-2520,Applicant 2520,2025-10-15,1,Bachelors,Screening,61,96,Offer,New York,Engineering
APP-2521,Applicant 2521,2025-10-14,8,Masters,Final,74,72,Rejected,San Francisco,Product
APP-2522,Applicant 2522,2025-10-13,15,PhD,HR,87,89,In Progress,London,Marketing
APP-2523,Applicant 2523,2025-10-12,7,High School,Technical,100,65,In Progress,Remote,Sales
APP-2524,Applicant 2524,2025-10-11,14,Bachelors,Screening,72,82,In Progress,Austin,Engineering
APP-2525,Applicant 2525,2025-10-10,6,Masters,Final,85,99,Offer,New York,Product
APP-2526,Applicant 2526,2025-10-09,13,PhD,HR,98,75,Rejected,San Francisco,Marketing
APP-2527,Applicant 2527,2025-10-08,5,High School,Technical,70,92,In Progress,London,Sales
APP-2528,Applicant 2528,2025-10-07,12,Bachelors,Screening,83,68,In Progress,Remote,Engineering
APP-2529,Applicant 2529,2025-10-06,4,Masters,Final,96,85,In Progress,Austin,Product
APP-2530,Applicant 2530,2025-10-05,11,PhD,HR,68,61,Offer,New York,Marketing
APP-2531,Applicant 2531,2025-10-04,3,High School,Technical,81,78,Rejected,San Francisco,Sales
APP-2532,Applicant 2532,2025-10-03,10,Bachelors,Screening,94,95,In Progress,London,Engineering
APP-2533,Applicant 2533,2025-10-02,2,Masters,Final,66,71,In Progress,Remote,Product
APP-2534,Applicant 2534,2025-10-01,9,PhD,HR,79,88,In Progress,Austin,Marketing
APP-2535,Applicant 2535,2025-09-30,1,High School,Technical,92,64,Offer,New York,Sales
APP-2536,Applicant 2536,2025-09-29,8,Bachelors,Screening,64,81,Rejected,San Francisco,Engineering
APP-2537,Applicant 2537,2025-09-28,15,Masters,Final,77,98,In Progress,London,Product
APP-2538,Applicant 2538,2025-09-27,7,PhD,HR,90,74,In Progress,Remote,Marketing
APP-2539,Applicant 2539,2025-09-26,14,High School,Technical,62,91,In Progress,Austin,Sales
APP-2540,Applicant 2540,2025-09-25,6,Bachelors,Screening,75,67,Offer,New York,Engineering
APP-2541,Applicant 2541,2025-09-24,13,Masters,Final,88,84,Rejected,San Francisco,Product
APP-2542,Applicant 2542,2025-09-23,5,PhD,HR,60,60,In Progress,London,Marketing
APP-2543,Applicant 2543,2025-09-22,12,High School,Technical,73,77,In Progress,Remote,Sales
APP-2544,Applicant 2544,2025-09-21,4,Bachelors,Screening,86,94,In Progress,Austin,Engineering
APP-2545,Applicant 2545,2025-09-20,11,Masters,Final,99,70,Offer,New York,Product
APP-2546,Applicant 2546,2025-09-19,3,PhD,HR,71,87,Rejected,San Francisco,Marketing
APP-2547,Applicant 2547,2025-09-18,10,High School,Technical,84,63,In Progress,London,Sales
APP-2548,Applicant 2548,2025-09-17,2,Bachelors,Screening,97,80,In Progress,Remote,Engineering
APP-2549,Applicant 2549,2025-09-16,9,Masters,Final,69,97,In Progress,Austin,Product
APP-2550,Applicant 2550,2025-09-15,1,PhD,HR,82,73,Offer,New York,Marketing
APP-2551,Applicant 2551,2025-09-14,8,High School,Technical,95,90,Rejected,San Francisco,Sales
APP-2552,Applicant 2552,2025-09-13,15,Bachelors,Screening,67,66,In Progress,London,Engineering
APP-2553,Applicant 2553,2025-09-12,7,Masters,Final,80,83,In Progress,Remote,Product
APP-2554,Applicant 2554,2025-09-11,14,PhD,HR,93,100,In Progress,Austin,Marketing
APP-2555,Applicant 2555,2026-09-10,6,High School,Technical,65,76,Offer,New York,Sales
APP-2556,Applicant 2556,2026-09-09,13,Bachelors,Screening,78,93,Rejected,San Francisco,Engineering
APP-2557,Applicant 2557,2026-09-08,5,Masters,Final,91,69,In Progress,London,Product
APP-2558,Applicant 2558,2026-09-07,12,PhD,HR,63,86,In Progress,Remote,Marketing
APP-2559,Applicant 2559,2026-09-06,4,High School,Technical,76,62,In Progress,Austin,Sales
APP-2560,Applicant 2560,2026-09-05,11,Bachelors,Screening,89,79,Offer,New York,Engineering
APP-2561,Applicant 2561,2026-09-04,3,Masters,Final,61,96,Rejected,San Francisco,Product
APP-2562,Applicant 2562,2026-09-03,10,PhD,HR,74,72,In Progress,London,Marketing
APP-2563,Applicant 2563,2026-09-02,2,High School,Technical,87,89,In Progress,Remote,Sales
APP-2564,Applicant 2564,2026-09-01,9,Bachelors,Screening,100,65,In Progress,Austin,Engineering
APP-2565,Applicant 2565,2026-08-31,1,Masters,Final,72,82,Offer,New York,Product
APP-2566,Applicant 2566,2026-08-30,8,PhD,HR,85,99,Rejected,San Francisco,Marketing
APP-2567,Applicant 2567,2026-08-29,15,High School,Technical,98,75,In Progress,London,Sales
APP-2568,Applicant 2568,2026-08-28,7,Bachelors,Screening,70,92,In Progress,Remote,Engineering
APP-2569,Applicant 2569,2026-08-27,14,Masters,Final,83,68,In Progress,Austin,Product
APP-2570,Applicant 2570,2026-08-26,6,PhD,HR,96,85,Offer,New York,Marketing
APP-2571,Applicant 2571,2026-08-25,13,High School,Technical,68,61,Rejected,San Francisco,Sales
APP-2572,Applicant 2572,2026-08-24,5,Bachelors,Screening,81,78,In Progress,London,Engineering
APP-2573,Applicant 2573,2026-08-23,12,Masters,Final,94,95,In Progress,Remote,Product
APP-2574,Applicant 2574,2026-08-22,4,PhD,HR,66,71,In Progress,Austin,Marketing
APP-2575,Applicant 2575,2026-08-21,11,High School,Technical,79,88,Offer,New York,Sales
APP-2576,Applicant 2576,2026-08-20,3,Bachelors,Screening,92,64,Rejected,San Francisco,Engineering
APP-2577,Applicant 2577,2026-08-19,10,Masters,Final,64,81,In Progress,London,Product
APP-2578,Applicant 2578,2026-08-18,2,PhD,HR,77,98,In Progress,Remote,Marketing
APP-2579,Applicant 2579,2026-08-17,9,High School,Technical,90,74,In Progress,Austin,Sales
APP-2580,Applicant 2580,2026-08-16,1,Bachelors,Screening,62,91,Offer,New York,Engineering
APP-2581,Applicant 2581,2026-08-15,8,Masters,Final,75,67,Rejected,San Francisco,Product
APP-2582,Applicant 2582,2026-08-14,15,PhD,HR,88,84,In Progress,London,Marketing
APP-2583,Applicant 2583,2026-08-13,7,High School,Technical,60,60,In Progress,Remote,Sales
APP-2584,Applicant 2584,2026-08-12,14,Bachelors,Screening,73,77,In Progress,Austin,Engineering
APP-2585,Applicant 2585,2026-08-11,6,Masters,Final,86,94,Offer,New York,Product
APP-2586,Applicant 2586,2026-08-10,13,PhD,HR,99,70,Rejected,San Francisco,Marketing
APP-2587,Applicant 2587,2026-08-09,5,High School,Technical,71,87,In Progress,London,Sales
APP-2588,Applicant 2588,2026-08-08,12,Bachelors,Screening,84,63,In Progress,Remote,Engineering
APP-2589,Applicant 2589,2026-08-07,4,Masters,Final,97,80,In Progress,Austin,Product
APP-2590,Applicant 2590,2026-08-06,11,PhD,HR,69,97,Offer,New York,Marketing
APP-2591,Applicant 2591,2026-08-05,3,High School,Technical,82,73,Rejected,San Francisco,Sales
APP-2592,Applicant 2592,2026-08-04,10,Bachelors,Screening,95,90,In Progress,London,Engineering
APP-2593,Applicant 2593,2026-08-03,2,Masters,Final,67,66,In Progress,Remote,Product
APP-2594,Applicant 2594,2026-08-02,9,PhD,HR,80,83,In Progress,Austin,Marketing
APP-2595,Applicant 2595,2026-08-01,1,High School,Technical,93,100,Offer,New York,Sales
APP-2596,Applicant 2596,2026-07-31,8,Bachelors,Screening,65,76,Rejected,San Francisco,Engineering
APP-2597,Applicant 2597,2026-07-30,15,Masters,Final,78,93,In Progress,London,Product
APP-2598,Applicant 2598,2026-07-29,7,PhD,HR,91,69,In Progress,Remote,Marketing
APP-2599,Applicant 2599,2026-07-28,14,High School,Technical,63,86,In Progress,Austin,Sales
APP-2600,Applicant 2600,2026-07-27,6,Bachelors,Screening,76,62,Offer,New York,Engineering
APP-2601,Applicant 2601,2026-07-26,13,Masters,Final,89,79,Rejected,San Francisco,Product
APP-2602,Applicant 2602,2026-07-25,5,PhD,HR,61,96,In Progress,London,Marketing
APP-2603,Applicant 2603,2026-07-24,12,High School,Technical,74,72,In Progress,Remote,Sales
APP-2604,Applicant 2604,2026-07-23,4,Bachelors,Screening,87,89,In Progress,Austin,Engineering
APP-2605,Applicant 2605,2026-07-22,11,Masters,Final,100,65,Offer,New York,Product
APP-2606,Applicant 2606,2026-07-21,3,PhD,HR,72,82,Rejected,San Francisco,Marketing
APP-2607,Applicant 2607,2026-07-20,10,High School,Technical,85,99,In Progress,London,Sales
APP-2608,Applicant 2608,2026-07-19,2,Bachelors,Screening,98,75,In Progress,Remote,Engineering
APP-2609,Applicant 2609,2026-07-18,9,Masters,Final,70,92,In Progress,Austin,Product
APP-2610,Applicant 2610,2026-07-17,1,PhD,HR,83,68,Offer,New York,Marketing
APP-2611,Applicant 2611,2026-07-16,8,High School,Technical,96,85,Rejected,San Francisco,Sales
APP-2612,Applicant 2612,2026-07-15,15,Bachelors,Screening,68,61,In Progress,London,Engineering
APP-2613,Applicant 2613,2026-07-14,7,Masters,Final,81,78,In Progress,Remote,Product
APP-2614,Applicant 2614,2026-07-13,14,PhD,HR,94,95,In Progress,Austin,Marketing
APP-2615,Applicant 2615,2026-07-12,6,High School,Technical,66,71,Offer,New York,Sales
APP-2616,Applicant 2616,2026-07-11,13,Bachelors,Screening,79,88,Rejected,San Francisco,Engineering
APP-2617,Applicant 2617,2026-07-10,5,Masters,Final,92,64,In Progress,London,Product
APP-2618,Applicant 2618,2026-07-09,12,PhD,HR,64,81,In Progress,Remote,Marketing
APP-2619,Applicant 2619,2026-07-08,4,High School,Technical,77,98,In Progress,Austin,Sales
APP-2620,Applicant 2620,2026-07-07,11,Bachelors,Screening,90,74,Offer,New York,Engineering
APP-2621,Applicant 2621,2026-07-06,3,Masters,Final,62,91,Rejected,San Francisco,Product
APP-2622,Applicant 2622,2026-07-05,10,PhD,HR,75,67,In Progress,London,Marketing
APP-2623,Applicant 2623,2026-07-04,2,High School,Technical,88,84,In Progress,Remote,Sales
APP-2624,Applicant 2624,2026-07-03,9,Bachelors,Screening,60,60,In Progress,Austin,Engineering
APP-2625,Applicant 2625,2026-07-02,1,Masters,Final,73,77,Offer,New York,Product
APP-2626,Applicant 2626,2026-07-01,8,PhD,HR,86,94,Rejected,San Francisco,Marketing
APP-2627,Applicant 2627,2026-06-30,15,High School,Technical,99,70,In Progress,London,Sales
APP-2628,Applicant 2628,2026-06-29,7,Bachelors,Screening,71,87,In Progress,Remote,Engineering
APP-2629,Applicant 2629,2026-06-28,14,Masters,Final,84,63,In Progress,Austin,Product
APP-2630,Applicant 2630,2026-06-27,6,PhD,HR,97,80,Offer,New York,Marketing
APP-2631,Applicant 2631,2026-06-26,13,High School,Technical,69,97,Rejected,San Francisco,Sales
APP-2632,Applicant 2632,2026-06-25,5,Bachelors,Screening,82,73,In Progress,London,Engineering
APP-2633,Applicant 2633,2026-06-24,12,Masters,Final,95,90,In Progress,Remote,Product
APP-2634,Applicant 2634,2026-06-23,4,PhD,HR,67,66,In Progress,Austin,Marketing
APP-2635,Applicant 2635,2026-06-22,11,High School,Technical,80,83,Offer,New York,Sales
APP-2636,Applicant 2636,2026-06-21,3,Bachelors,Screening,93,100,Rejected,San Francisco,Engineering
APP-2637,Applicant 2637,2026-06-20,10,Masters,Final,65,76,In Progress,London,Product
APP-2638,Applicant 2638,2026-06-19,2,PhD,HR,78,93,In Progress,Remote,Marketing
APP-2639,Applicant 2639,2026-06-18,9,High School,Technical,91,69,In Progress,Austin,Sales
APP-2640,Applicant 2640,2026-06-17,1,Bachelors,Screening,63,86,Offer,New York,Engineering
APP-2641,Applicant 2641,2026-06-16,8,Masters,Final,76,62,Rejected,San Francisco,Product
APP-2642,Applicant 2642,2026-06-15,15,PhD,HR,89,79,In Progress,London,Marketing
APP-2643,Applicant 2643,2026-06-14,7,High School,Technical,61,96,In Progress,Remote,Sales
APP-2644,Applicant 2644,2026-06-13,14,Bachelors,Screening,74,72,In Progress,Austin,Engineering
APP-2645,Applicant 2645,2026-06-12,6,Masters,Final,87,89,Offer,New York,Product
APP-2646,Applicant 2646,2026-06-11,13,PhD,HR,100,65,Rejected,San Francisco,Marketing
APP-2647,Applicant 2647,2026-06-10,5,High School,Technical,72,82,In Progress,London,Sales
APP-2648,Applicant 2648,2026-06-09,12,Bachelors,Screening,85,99,In Progress,Remote,Engineering
APP-2649,Applicant 2649,2026-06-08,4,Masters,Final,98,75,In Progress,Austin,Product
APP-2650,Applicant 2650,2026-06-07,11,PhD,HR,70,92,Offer,New York,Marketing
APP-2651,Applicant 2651,2026-06-06,3,High School,Technical,83,68,Rejected,San Francisco,Sales
APP-2652,Applicant 2652,2026-06-05,10,Bachelors,Screening,96,85,In Progress,London,Engineering
APP-2653,Applicant 2653,2026-06-04,2,Masters,Final,68,61,In Progress,Remote,Product
APP-2654,Applicant 2654,2026-06-03,9,PhD,HR,81,78,In Progress,Austin,Marketing
APP-2655,Applicant 2655,2026-06-02,1,High School,Technical,94,95,Offer,New York,Sales
APP-2656,Applicant 2656,2026-06-01,8,Bachelors,Screening,66,71,Rejected,San Francisco,Engineering
APP-2657,Applicant 2657,2026-05-31,15,Masters,Final,79,88,In Progress,London,Product
APP-2658,Applicant 2658,2026-05-30,7,PhD,HR,92,64,In Progress,Remote,Marketing
APP-2659,Applicant 2659,2026-05-29,14,High School,Technical,64,81,In Progress,Austin,Sales
APP-2660,Applicant 2660,2026-05-28,6,Bachelors,Screening,77,98,Offer,New York,Engineering
APP-2661,Applicant 2661,2026-05-27,13,Masters,Final,90,74,Rejected,San Francisco,Product
APP-2662,Applicant 2662,2026-05-26,5,PhD,HR,62,91,In Progress,London,Marketing
APP-2663,Applicant 2663,2026-05-25,12,High School,Technical,75,67,In Progress,Remote,Sales
APP-2664,Applicant 2664,2026-05-24,4,Bachelors,Screening,88,84,In Progress,Austin,Engineering
APP-2665,Applicant 2665,2026-05-23,11,Masters,Final,60,60,Offer,New York,Product
APP-2666,Applicant 2666,2026-05-22,3,PhD,HR,73,77,Rejected,San Francisco,Marketing
APP-2667,Applicant 2667,2026-05-21,10,High School,Technical,86,94,In Progress,London,Sales
APP-2668,Applicant 2668,2026-05-20,2,Bachelors,Screening,99,70,In Progress,Remote,Engineering
APP-2669,Applicant 2669,2026-05-19,9,Masters,Final,71,87,In Progress,Austin,Product
APP-2670,Applicant 2670,2026-05-18,1,PhD,HR,84,63,Offer,New York,Marketing
APP-2671,Applicant 2671,2026-05-17,8,High School,Technical,97,80,Rejected,San Francisco,Sales
APP-2672,Applicant 2672,2026-05-16,15,Bachelors,Screening,69,97,In Progress,London,Engineering
APP-2673,Applicant 2673,2026-05-15,7,Masters,Final,82,73,In Progress,Remote,Product
APP-2674,Applicant 2674,2026-05-14,14,PhD,HR,95,90,In Progress,Austin,Marketing
APP-2675,Applicant 2675,2026-05-13,6,High School,Technical,67,66,Offer,New York,Sales
APP-2676,Applicant 2676,2026-05-12,13,Bachelors,Screening,80,83,Rejected,San Francisco,Engineering
APP-2677,Applicant 2677,2026-05-11,5,Masters,Final,93,100,In Progress,London,Product
APP-2678,Applicant 2678,2026-05-10,12,PhD,HR,65,76,In Progress,Remote,Marketing
APP-2679,Applicant 2679,2026-05-09,4,High School,Technical,78,93,In Progress,Austin,Sales
APP-2680,Applicant 2680,2026-05-08,11,Bachelors,Screening,91,69,Offer,New York,Engineering
APP-2681,Applicant 2681,2026-05-07,3,Masters,Final,63,86,Rejected,San Francisco,Product
APP-2682,Applicant 2682,2026-05-06,10,PhD,HR,76,62,In Progress,London,Marketing
APP-2683,Applicant 2683,2026-05-05,2,High School,Technical,89,79,In Progress,Remote,Sales
APP-2684,Applicant 2684,2026-05-04,9,Bachelors,Screening,61,96,In Progress,Austin,Engineering
APP-2685,Applicant 2685,2026-05-03,1,Masters,Final,74,72,Offer,New York,Product
APP-2686,Applicant 2686,2026-05-02,8,PhD,HR,87,89,Rejected,San Francisco,Marketing
APP-2687,Applicant 2687,2026-05-01,15,High School,Technical,100,65,In Progress,London,Sales
APP-2688,Applicant 2688,2026-04-30,7,Bachelors,Screening,72,82,In Progress,Remote,Engineering
APP-2689,Applicant 2689,2026-04-29,14,Masters,Final,85,99,In Progress,Austin,Product
APP-2690,Applicant 2690,2026-04-28,6,PhD,HR,98,75,Offer,New York,Marketing
APP-2691,Applicant 2691,2026-04-27,13,High School,Technical,70,92,Rejected,San Francisco,Sales
APP-2692,Applicant 2692,2026-04-26,5,Bachelors,Screening,83,68,In Progress,London,Engineering
APP-2693,Applicant 2693,2026-04-25,12,Masters,Final,96,85,In Progress,Remote,Product
APP-2694,Applicant 2694,2026-04-24,4,PhD,HR,68,61,In Progress,Austin,Marketing
APP-2695,Applicant 2695,2026-04-23,11,High School,Technical,81,78,Offer,New York,Sales
APP-2696,Applicant 2696,2026-04-22,3,Bachelors,Screening,94,95,Rejected,San Francisco,Engineering
APP-2697,Applicant 2697,2026-04-21,10,Masters,Final,66,71,In Progress,London,Product
APP-2698,Applicant 2698,2026-04-20,2,PhD,HR,79,88,In Progress,Remote,Marketing
APP-2699,Applicant 2699,2026-04-19,9,High School,Technical,92,64,In Progress,Austin,Sales
APP-2700,Applicant 2700,2026-04-18,1,Bachelors,Screening,64,81,Offer,New York,Engineering
APP-2701,Applicant 2701,2026-04-17,8,Masters,Final,77,98,Rejected,San Francisco,Product
APP-2702,Applicant 2702,2026-04-16,15,PhD,HR,90,74,In Progress,London,Marketing
APP-2703,Applicant 2703,2026-04-15,7,High School,Technical,62,91,In Progress,Remote,Sales
APP-2704,Applicant 2704,2026-04-14,14,Bachelors,Screening,75,67,In Progress,Austin,Engineering
APP-2705,Applicant 2705,2026-04-13,6,Masters,Final,88,84,Offer,New York,Product
APP-2706,Applicant 2706,2026-04-12,13,PhD,HR,60,60,Rejected,San Francisco,Marketing
APP-2707,Applicant 2707,2026-04-11,5,High School,Technical,73,77,In Progress,London,Sales
APP-2708,Applicant 2708,2026-04-10,12,Bachelors,Screening,86,94,In Progress,Remote,Engineering
APP-2709,Applicant 2709,2026-04-09,4,Masters,Final,99,70,In Progress,Austin,Product
APP-2710,Applicant 2710,2026-04-08,11,PhD,HR,71,87,Offer,New York,Marketing
APP-2711,Applicant 2711,2026-04-07,3,High School,Technical,84,63,Rejected,San Francisco,Sales
APP-2712,Applicant 2712,2026-04-06,10,Bachelors,Screening,97,80,In Progress,London,Engineering
APP-2713,Applicant 2713,2026-04-05,2,Masters,Final,69,97,In Progress,Remote,Product
APP-2714,Applicant 2714,2026-04-04,9,PhD,HR,82,73,In Progress,Austin,Marketing
APP-2715,Applicant 2715,2026-04-03,1,High School,Technical,95,90,Offer,New York,Sales
APP-2716,Applicant 2716,2026-04-02,8,Bachelors,Screening,67,66,Rejected,San Francisco,Engineering
APP-2717,Applicant 2717,2026-04-01,15,Masters,Final,80,83,In Progress,London,Product
APP-2718,Applicant 2718,2026-03-31,7,PhD,HR,93,100,In Progress,Remote,Marketing
APP-2719,Applicant 2719,2026-03-30,14,High School,Technical,65,76,In Progress,Austin,Sales
APP-2720,Applicant 2720,2026-03-29,6,Bachelors,Screening,78,93,Offer,New York,Engineering
APP-2721,Applicant 2721,2026-03-28,13,Masters,Final,91,69,Rejected,San Francisco,Product
APP-2722,Applicant 2722,2026-03-27,5,PhD,HR,63,86,In Progress,London,Marketing
APP-2723,Applicant 2723,2026-03-26,12,High School,Technical,76,62,In Progress,Remote,Sales
APP-2724,Applicant 2724,2026-03-25,4,Bachelors,Screening,89,79,In Progress,Austin,Engineering
APP-2725,Applicant 2725,2026-03-24,11,Masters,Final,61,96,Offer,New York,Product
APP-2726,Applicant 2726,2026-03-23,3,PhD,HR,74,72,Rejected,San Francisco,Marketing
APP-2727,Applicant 2727,2026-03-22,10,High School,Technical,87,89,In Progress,London,Sales
APP-2728,Applicant 2728,2026-03-21,2,Bachelors,Screening,100,65,In Progress,Remote,Engineering
APP-2729,Applicant 2729,2026-03-20,9,Masters,Final,72,82,In Progress,Austin,Product
APP-2730,Applicant 2730,2026-03-19,1,PhD,HR,85,99,Offer,New York,Marketing
APP-2731,Applicant 2731,2026-03-18,8,High School,Technical,98,75,Rejected,San Francisco,Sales
APP-2732,Applicant 2732,2026-03-17,15,Bachelors,Screening,70,92,In Progress,London,Engineering
APP-2733,Applicant 2733,2026-03-16,7,Masters,Final,83,68,In Progress,Remote,Product
APP-2734,Applicant 2734,2026-03-15,14,PhD,HR,96,85,In Progress,Austin,Marketing
APP-2735,Applicant 2735,2026-03-14,6,High School,Technical,68,61,Offer,New York,Sales
APP-2736,Applicant 2736,2026-03-13,13,Bachelors,Screening,81,78,Rejected,San Francisco,Engineering
APP-2737,Applicant 2737,2026-03-12,5,Masters,Final,94,95,In Progress,London,Product
APP-2738,Applicant 2738,2026-03-11,12,PhD,HR,66,71,In Progress,Remote,Marketing
APP-2739,Applicant 2739,2026-03-10,4,High School,Technical,79,88,In Progress,Austin,Sales
APP-2740,Applicant 2740,2026-03-09,11,Bachelors,Screening,92,64,Offer,New York,Engineering
APP-2741,Applicant 2741,2026-03-08,3,Masters,Final,64,81,Rejected,San Francisco,Product
APP-2742,Applicant 2742,2026-03-07,10,PhD,HR,77,98,In Progress,London,Marketing
APP-2743,Applicant 2743,2026-03-06,2,High School,Technical,90,74,In Progress,Remote,Sales
APP-2744,Applicant 2744,2026-03-05,9,Bachelors,Screening,62,91,In Progress,Austin,Engineering
APP-2745,Applicant 2745,2026-03-04,1,Masters,Final,75,67,Offer,New York,Product
APP-2746,Applicant 2746,2026-03-03,8,PhD,HR,88,84,Rejected,San Francisco,Marketing
APP-2747,Applicant 2747,2026-03-02,15,High School,Technical,60,60,In Progress,London,Sales
APP-2748,Applicant 2748,2026-03-01,7,Bachelors,Screening,73,77,In Progress,Remote,Engineering
APP-2749,Applicant 2749,2026-02-28,14,Masters,Final,86,94,In Progress,Austin,Product
APP-2750,Applicant 2750,2026-02-27,6,PhD,HR,99,70,Offer,New York,Marketing
APP-2751,Applicant 2751,2026-02-26,13,High School,Technical,71,87,Rejected,San Francisco,Sales
APP-2752,Applicant 2752,2026-02-25,5,Bachelors,Screening,84,63,In Progress,London,Engineering
APP-2753,Applicant 2753,2026-02-24,12,Masters,Final,97,80,In Progress,Remote,Product
APP-2754,Applicant 2754,2026-02-23,4,PhD,HR,69,97,In Progress,Austin,Marketing
APP-2755,Applicant 2755,2026-02-22,11,High School,Technical,82,73,Offer,New York,Sales
APP-2756,Applicant 2756,2026-02-21,3,Bachelors,Screening,95,90,Rejected,San Francisco,Engineering
APP-2757,Applicant 2757,2026-02-20,10,Masters,Final,67,66,In Progress,London,Product
APP-2758,Applicant 2758,2026-02-19,2,PhD,HR,80,83,In Progress,Remote,Marketing
APP-2759,Applicant 2759,2026-02-18,9,High School,Technical,93,100,In Progress,Austin,Sales
APP-2760,Applicant 2760,2026-02-17,1,Bachelors,Screening,65,76,Offer,New York,Engineering
APP-2761,Applicant 2761,2026-02-16,8,Masters,Final,78,93,Rejected,San Francisco,Product
APP-2762,Applicant 2762,2026-02-15,15,PhD,HR,91,69,In Progress,London,Marketing
APP-2763,Applicant 2763,2026-02-14,7,High School,Technical,63,86,In Progress,Remote,Sales
APP-2764,Applicant 2764,2026-02-13,14,Bachelors,Screening,76,62,In Progress,Austin,Engineering
APP-2765,Applicant 2765,2026-02-12,6,Masters,Final,89,79,Offer,New York,Product
APP-2766,Applicant 2766,2026-02-11,13,PhD,HR,61,96,Rejected,San Francisco,Marketing
APP-2767,Applicant 2767,2026-02-10,5,High School,Technical,74,72,In Progress,London,Sales
APP-2768,Applicant 2768,2026-02-09,12,Bachelors,Screening,87,89,In Progress,Remote,Engineering
APP-2769,Applicant 2769,2026-02-08,4,Masters,Final,100,65,In Progress,Austin,Product
APP-2770,Applicant 2770,2026-02-07,11,PhD,HR,72,82,Offer,New York,Marketing
APP-2771,Applicant 2771,2026-02-06,3,High School,Technical,85,99,Rejected,San Francisco,Sales
APP-2772,Applicant 2772,2026-02-05,10,Bachelors,Screening,98,75,In Progress,London,Engineering
APP-2773,Applicant 2773,2026-02-04,2,Masters,Final,70,92,In Progress,Remote,Product
APP-2774,Applicant 2774,2026-02-03,9,PhD,HR,83,68,In Progress,Austin,Marketing
APP-2775,Applicant 2775,2026-02-02,1,High School,Technical,96,85,Offer,New York,Sales
APP-2776,Applicant 2776,2026-02-01,8,Bachelors,Screening,68,61,Rejected,San Francisco,Engineering
APP-2777,Applicant 2777,2026-01-31,15,Masters,Final,81,78,In Progress,London,Product
APP-2778,Applicant 2778,2026-01-30,7,PhD,HR,94,95,In Progress,Remote,Marketing
APP-2779,Applicant 2779,2026-01-29,14,High School,Technical,66,71,In Progress,Austin,Sales
APP-2780,Applicant 2780,2026-01-28,6,Bachelors,Screening,79,88,Offer,New York,Engineering
APP-2781,Applicant 2781,2026-01-27,13,Masters,Final,92,64,Rejected,San Francisco,Product
APP-2782,Applicant 2782,2026-01-26,5,PhD,HR,64,81,In Progress,London,Marketing
APP-2783,Applicant 2783,2026-01-25,12,High School,Technical,77,98,In Progress,Remote,Sales
APP-2784,Applicant 2784,2026-01-24,4,Bachelors,Screening,90,74,In Progress,Austin,Engineering
APP-2785,Applicant 2785,2026-01-23,11,Masters,Final,62,91,Offer,New York,Product
APP-2786,Applicant 2786,2026-01-22,3,PhD,HR,75,67,Rejected,San Francisco,Marketing
APP-2787,Applicant 2787,2026-01-21,10,High School,Technical,88,84,In Progress,London,Sales
APP-2788,Applicant 2788,2026-01-20,2,Bachelors,Screening,60,60,In Progress,Remote,Engineering
APP-2789,Applicant 2789,2026-01-19,9,Masters,Final,73,77,In Progress,Austin,Product
APP-2790,Applicant 2790,2026-01-18,1,PhD,HR,86,94,Offer,New York,Marketing
APP-2791,Applicant 2791,2026-01-17,8,High School,Technical,99,70,Rejected,San Francisco,Sales
APP-2792,Applicant 2792,2026-01-16,15,Bachelors,Screening,71,87,In Progress,London,Engineering
APP-2793,Applicant 2793,2026-01-15,7,Masters,Final,84,63,In Progress,Remote,Product
APP-2794,Applicant 2794,2026-01-14,14,PhD,HR,97,80,In Progress,Austin,Marketing
APP-2795,Applicant 2795,2026-01-13,6,High School,Technical,69,97,Offer,New York,Sales
APP-2796,Applicant 2796,2026-01-12,13,Bachelors,Screening,82,73,Rejected,San Francisco,Engineering
APP-2797,Applicant 2797,2026-01-11,5,Masters,Final,95,90,In Progress,London,Product
APP-2798,Applicant 2798,2026-01-10,12,PhD,HR,67,66,In Progress,Remote,Marketing
APP-2799,Applicant 2799,2026-01-09,4,High School,Technical,80,83,In Progress,Austin,Sales
APP-2800,Applicant 2800,2026-01-08,11,Bachelors,Screening,93,100,Offer,New York,Engineering
APP-2801,Applicant 2801,2026-01-07,3,Masters,Final,65,76,Rejected,San Francisco,Product
APP-2802,Applicant 2802,2026-01-06,10,PhD,HR,78,93,In Progress,London,Marketing
APP-2803,Applicant 2803,2026-01-05,2,High School,Technical,91,69,In Progress,Remote,Sales
APP-2804,Applicant 2804,2026-01-04,9,Bachelors,Screening,63,86,In Progress,Austin,Engineering
APP-2805,Applicant 2805,2026-01-03,1,Masters,Final,76,62,Offer,New York,Product
APP-2806,Applicant 2806,2026-01-02,8,PhD,HR,89,79,Rejected,San Francisco,Marketing
APP-2807,Applicant 2807,2026-01-01,15,High School,Technical,61,96,In Progress,London,Sales
APP-2808,Applicant 2808,2025-12-31,7,Bachelors,Screening,74,72,In Progress,Remote,Engineering
APP-2809,Applicant 2809,2025-12-30,14,Masters,Final,87,89,In Progress,Austin,Product
APP-2810,Applicant 2810,2025-12-29,6,PhD,HR,100,65,Offer,New York,Marketing
APP-2811,Applicant 2811,2025-12-28,13,High School,Technical,72,82,Rejected,San Francisco,Sales
APP-2812,Applicant 2812,2025-12-27,5,Bachelors,Screening,85,99,In Progress,London,Engineering
APP-2813,Applicant 2813,2025-12-26,12,Masters,Final,98,75,In Progress,Remote,Product
APP-2814,Applicant 2814,2025-12-25,4,PhD,HR,70,92,In Progress,Austin,Marketing
APP-2815,Applicant 2815,2025-12-24,11,High School,Technical,83,68,Offer,New York,Sales
APP-2816,Applicant 2816,2025-12-23,3,Bachelors,Screening,96,85,Rejected,San Francisco,Engineering
APP-2817,Applicant 2817,2025-12-22,10,Masters,Final,68,61,In Progress,London,Product
APP-2818,Applicant 2818,2025-12-21,2,PhD,HR,81,78,In Progress,Remote,Marketing
APP-2819,Applicant 2819,2025-12-20,9,High School,Technical,94,95,In Progress,Austin,Sales
APP-2820,Applicant 2820,2025-12-19,1,Bachelors,Screening,66,71,Offer,New York,Engineering
APP-2821,Applicant 2821,2025-12-18,8,Masters,Final,79,88,Rejected,San Francisco,Product
APP-2822,Applicant 2822,2025-12-17,15,PhD,HR,92,64,In Progress,London,Marketing
APP-2823,Applicant 2823,2025-12-16,7,High School,Technical,64,81,In Progress,Remote,Sales
APP-2824,Applicant 2824,2025-12-15,14,Bachelors,Screening,77,98,In Progress,Austin,Engineering
APP-2825,Applicant 2825,2025-12-14,6,Masters,Final,90,74,Offer,New York,Product
APP-2826,Applicant 2826,2025-12-13,13,PhD,HR,62,91,Rejected,San Francisco,Marketing
APP-2827,Applicant 2827,2025-12-12,5,High School,Technical,75,67,In Progress,London,Sales
APP-2828,Applicant 2828,2025-12-11,12,Bachelors,Screening,88,84,In Progress,Remote,Engineering
APP-2829,Applicant 2829,2025-12-10,4,Masters,Final,60,60,In Progress,Austin,Product
APP-2830,Applicant 2830,2025-12-09,11,PhD,HR,73,77,Offer,New York,Marketing
APP-2831,Applicant 2831,2025-12-08,3,High School,Technical,86,94,Rejected,San Francisco,Sales
APP-2832,Applicant 2832,2025-12-07,10,Bachelors,Screening,99,70,In Progress,London,Engineering
APP-2833,Applicant 2833,2025-12-06,2,Masters,Final,71,87,In Progress,Remote,Product
APP-2834,Applicant 2834,2025-12-05,9,PhD,HR,84,63,In Progress,Austin,Marketing
APP-2835,Applicant 2835,2025-12-04,1,High School,Technical,97,80,Offer,New York,Sales
APP-2836,Applicant 2836,2025-12-03,8,Bachelors,Screening,69,97,Rejected,San Francisco,Engineering
APP-2837,Applicant 2837,2025-12-02,15,Masters,Final,82,73,In Progress,London,Product
APP-2838,Applicant 2838,2025-12-01,7,PhD,HR,95,90,In Progress,Remote,Marketing
APP-2839,Applicant 2839,2025-11-30,14,High School,Technical,67,66,In Progress,Austin,Sales
APP-2840,Applicant 2840,2025-11-29,6,Bachelors,Screening,80,83,Offer,New York,Engineering
APP-2841,Applicant 2841,2025-11-28,13,Masters,Final,93,100,Rejected,San Francisco,Product
APP-2842,Applicant 2842,2025-11-27,5,PhD,HR,65,76,In Progress,London,Marketing
APP-2843,Applicant 2843,2025-11-26,12,High School,Technical,78,93,In Progress,Remote,Sales
APP-2844,Applicant 2844,2025-11-25,4,Bachelors,Screening,91,69,In Progress,Austin,Engineering
APP-2845,Applicant 2845,2025-11-24,11,Masters,Final,63,86,Offer,New York,Product
APP-2846,Applicant 2846,2025-11-23,3,PhD,HR,76,62,Rejected,San Francisco,Marketing
APP-2847,Applicant 2847,2025-11-22,10,High School,Technical,89,79,In Progress,London,Sales
APP-2848,Applicant 2848,2025-11-21,2,Bachelors,Screening,61,96,In Progress,Remote,Engineering
APP-2849,Applicant 2849,2025-11-20,9,Masters,Final,74,72,In Progress,Austin,Product
APP-2850,Applicant 2850,2025-11-19,1,PhD,HR,87,89,Offer,New York,Marketing
APP-2851,Applicant 2851,2025-11-18,8,High School,Technical,100,65,Rejected,San Francisco,Sales
APP-2852,Applicant 2852,2025-11-17,15,Bachelors,Screening,72,82,In Progress,London,Engineering
APP-2853,Applicant 2853,2025-11-16,7,Masters,Final,85,99,In Progress,Remote,Product
APP-2854,Applicant 2854,2025-11-15,14,PhD,HR,98,75,In Progress,Austin,Marketing
APP-2855,Applicant 2855,2025-11-14,6,High School,Technical,70,92,Offer,New York,Sales
APP-2856,Applicant 2856,2025-11-13,13,Bachelors,Screening,83,68,Rejected,San Francisco,Engineering
APP-2857,Applicant 2857,2025-11-12,5,Masters,Final,96,85,In Progress,London,Product
APP-2858,Applicant 2858,2025-11-11,12,PhD,HR,68,61,In Progress,Remote,Marketing
APP-2859,Applicant 2859,2025-11-10,4,High School,Technical,81,78,In Progress,Austin,Sales
APP-2860,Applicant 2860,2025-11-09,11,Bachelors,Screening,94,95,Offer,New York,Engineering
APP-2861,Applicant 2861,2025-11-08,3,Masters,Final,66,71,Rejected,San Francisco,Product
APP-2862,Applicant 2862,2025-11-07,10,PhD,HR,79,88,In Progress,London,Marketing
APP-2863,Applicant 2863,2025-11-06,2,High School,Technical,92,64,In Progress,Remote,Sales
APP-2864,Applicant 2864,2025-11-05,9,Bachelors,Screening,64,81,In Progress,Austin,Engineering
APP-2865,Applicant 2865,2025-11-04,1,Masters,Final,77,98,Offer,New York,Product
APP-2866,Applicant 2866,2025-11-03,8,PhD,HR,90,74,Rejected,San Francisco,Marketing
APP-2867,Applicant 2867,2025-11-02,15,High School,Technical,62,91,In Progress,London,Sales
APP-2868,Applicant 2868,2025-11-01,7,Bachelors,Screening,75,67,In Progress,Remote,Engineering
APP-2869,Applicant 2869,2025-10-31,14,Masters,Final,88,84,In Progress,Austin,Product
APP-2870,Applicant 2870,2025-10-30,6,PhD,HR,60,60,Offer,New York,Marketing
APP-2871,Applicant 2871,2025-10-29,13,High School,Technical,73,77,Rejected,San Francisco,Sales
APP-2872,Applicant 2872,2025-10-28,5,Bachelors,Screening,86,94,In Progress,London,Engineering
APP-2873,Applicant 2873,2025-10-27,12,Masters,Final,99,70,In Progress,Remote,Product
APP-2874,Applicant 2874,2025-10-26,4,PhD,HR,71,87,In Progress,Austin,Marketing
APP-2875,Applicant 2875,2025-10-25,11,High School,Technical,84,63,Offer,New York,Sales
APP-2876,Applicant 2876,2025-10-24,3,Bachelors,Screening,97,80,Rejected,San Francisco,Engineering
APP-2877,Applicant 2877,2025-10-23,10,Masters,Final,69,97,In Progress,London,Product
APP-2878,Applicant 2878,2025-10-22,2,PhD,HR,82,73,In Progress,Remote,Marketing
APP-2879,Applicant 2879,2025-10-21,9,High School,Technical,95,90,In Progress,Austin,Sales
APP-2880,Applicant 2880,2025-10-20,1,Bachelors,Screening,67,66,Offer,New York,Engineering
APP-2881,Applicant 2881,2025-10-19,8,Masters,Final,80,83,Rejected,San Francisco,Product
APP-2882,Applicant 2882,2025-10-18,15,PhD,HR,93,100,In Progress,London,Marketing
APP-2883,Applicant 2883,2025-10-17,7,High School,Technical,65,76,In Progress,Remote,Sales
APP-2884,Applicant 2884,2025-10-16,14,Bachelors,Screening,78,93,In Progress,Austin,Engineering
APP-2885,Applicant 2885,2025-10-15,6,Masters,Final,91,69,Offer,New York,Product
APP-2886,Applicant 2886,2025-10-14,13,PhD,HR,63,86,Rejected,San Francisco,Marketing
APP-2887,Applicant 2887,2025-10-13,5,High School,Technical,76,62,In Progress,London,Sales
APP-2888,Applicant 2888,2025-10-12,12,Bachelors,Screening,89,79,In Progress,Remote,Engineering
APP-2889,Applicant 2889,2025-10-11,4,Masters,Final,61,96,In Progress,Austin,Product
APP-2890,Applicant 2890,2025-10-10,11,PhD,HR,74,72,Offer,New York,Marketing
APP-2891,Applicant 2891,2025-10-09,3,High School,Technical,87,89,Rejected,San Francisco,Sales
APP-2892,Applicant 2892,2025-10-08,10,Bachelors,Screening,100,65,In Progress,London,Engineering
APP-2893,Applicant 2893,2025-10-07,2,Masters,Final,72,82,In Progress,Remote,Product
APP-2894,Applicant 2894,2025-10-06,9,PhD,HR,85,99,In Progress,Austin,Marketing
APP-2895,Applicant 2895,2025-10-05,1,High School,Technical,98,75,Offer,New York,Sales
APP-2896,Applicant 2896,2025-10-04,8,Bachelors,Screening,70,92,Rejected,San Francisco,Engineering
APP-2897,Applicant 2897,2025-10-03,15,Masters,Final,83,68,In Progress,London,Product
APP-2898,Applicant 2898,2025-10-02,7,PhD,HR,96,85,In Progress,Remote,Marketing
APP-2899,Applicant 2899,2025-10-01,14,High School,Technical,68,61,In Progress,Austin,Sales
APP-2900,Applicant 2900,2025-09-30,6,Bachelors,Screening,81,78,Offer,New York,Engineering
APP-2901,Applicant 2901,2025-09-29,13,Masters,Final,94,95,Rejected,San Francisco,Product
APP-2902,Applicant 2902,2025-09-28,5,PhD,HR,66,71,In Progress,London,Marketing
APP-2903,Applicant 2903,2025-09-27,12,High School,Technical,79,88,In Progress,Remote,Sales
APP-2904,Applicant 2904,2025-09-26,4,Bachelors,Screening,92,64,In Progress,Austin,Engineering
APP-2905,Applicant 2905,2025-09-25,11,Masters,Final,64,81,Offer,New York,Product
APP-2906,Applicant 2906,2025-09-24,3,PhD,HR,77,98,Rejected,San Francisco,Marketing
APP-2907,Applicant 2907,2025-09-23,10,High School,Technical,90,74,In Progress,London,Sales
APP-2908,Applicant 2908,2025-09-22,2,Bachelors,Screening,62,91,In Progress,Remote,Engineering
APP-2909,Applicant 2909,2025-09-21,9,Masters,Final,75,67,In Progress,Austin,Product
APP-2910,Applicant 2910,2025-09-20,1,PhD,HR,88,84,Offer,New York,Marketing
APP-2911,Applicant 2911,2025-09-19,8,High School,Technical,60,60,Rejected,San Francisco,Sales
APP-2912,Applicant 2912,2025-09-18,15,Bachelors,Screening,73,77,In Progress,London,Engineering
APP-2913,Applicant 2913,2025-09-17,7,Masters,Final,86,94,In Progress,Remote,Product
APP-2914,Applicant 2914,2025-09-16,14,PhD,HR,99,70,In Progress,Austin,Marketing
APP-2915,Applicant 2915,2025-09-15,6,High School,Technical,71,87,Offer,New York,Sales
APP-2916,Applicant 2916,2025-09-14,13,Bachelors,Screening,84,63,Rejected,San Francisco,Engineering
APP-2917,Applicant 2917,2025-09-13,5,Masters,Final,97,80,In Progress,London,Product
APP-2918,Applicant 2918,2025-09-12,12,PhD,HR,69,97,In Progress,Remote,Marketing
APP-2919,Applicant 2919,2025-09-11,4,High School,Technical,82,73,In Progress,Austin,Sales
APP-2920,Applicant 2920,2026-09-10,11,Bachelors,Screening,95,90,Offer,New York,Engineering
APP-2921,Applicant 2921,2026-09-09,3,Masters,Final,67,66,Rejected,San Francisco,Product
APP-2922,Applicant 2922,2026-09-08,10,PhD,HR,80,83,In Progress,London,Marketing
APP-2923,Applicant 2923,2026-09-07,2,High School,Technical,93,100,In Progress,Remote,Sales
APP-2924,Applicant 2924,2026-09-06,9,Bachelors,Screening,65,76,In Progress,Austin,Engineering
APP-2925,Applicant 2925,2026-09-05,1,Masters,Final,78,93,Offer,New York,Product
APP-2926,Applicant 2926,2026-09-04,8,PhD,HR,91,69,Rejected,San Francisco,Marketing
APP-2927,Applicant 2927,2026-09-03,15,High School,Technical,63,86,In Progress,London,Sales
APP-2928,Applicant 2928,2026-09-02,7,Bachelors,Screening,76,62,In Progress,Remote,Engineering
APP-2929,Applicant 2929,2026-09-01,14,Masters,Final,89,79,In Progress,Austin,Product
APP-2930,Applicant 2930,2026-08-31,6,PhD,HR,61,96,Offer,New York,Marketing
APP-2931,Applicant 2931,2026-08-30,13,High School,Technical,74,72,Rejected,San Francisco,Sales
APP-2932,Applicant 2932,2026-08-29,5,Bachelors,Screening,87,89,In Progress,London,Engineering
APP-2933,Applicant 2933,2026-08-28,12,Masters,Final,100,65,In Progress,Remote,Product
APP-2934,Applicant 2934,2026-08-27,4,PhD,HR,72,82,In Progress,Austin,Marketing
APP-2935,Applicant 2935,2026-08-26,11,High School,Technical,85,99,Offer,New York,Sales
APP-2936,Applicant 2936,2026-08-25,3,Bachelors,Screening,98,75,Rejected,San Francisco,Engineering
APP-2937,Applicant 2937,2026-08-24,10,Masters,Final,70,92,In Progress,London,Product
APP-2938,Applicant 2938,2026-08-23,2,PhD,HR,83,68,In Progress,Remote,Marketing
APP-2939,Applicant 2939,2026-08-22,9,High School,Technical,96,85,In Progress,Austin,Sales
APP-2940,Applicant 2940,2026-08-21,1,Bachelors,Screening,68,61,Offer,New York,Engineering
APP-2941,Applicant 2941,2026-08-20,8,Masters,Final,81,78,Rejected,San Francisco,Product
APP-2942,Applicant 2942,2026-08-19,15,PhD,HR,94,95,In Progress,London,Marketing
APP-2943,Applicant 2943,2026-08-18,7,High School,Technical,66,71,In Progress,Remote,Sales
APP-2944,Applicant 2944,2026-08-17,14,Bachelors,Screening,79,88,In Progress,Austin,Engineering
APP-2945,Applicant 2945,2026-08-16,6,Masters,Final,92,64,Offer,New York,Product
APP-2946,Applicant 2946,2026-08-15,13,PhD,HR,64,81,Rejected,San Francisco,Marketing
APP-2947,Applicant 2947,2026-08-14,5,High School,Technical,77,98,In Progress,London,Sales
APP-2948,Applicant 2948,2026-08-13,12,Bachelors,Screening,90,74,In Progress,Remote,Engineering
APP-2949,Applicant 2949,2026-08-12,4,Masters,Final,62,91,In Progress,Austin,Product
APP-2950,Applicant 2950,2026-08-11,11,PhD,HR,75,67,Offer,New York,Marketing
APP-2951,Applicant 2951,2026-08-10,3,High School,Technical,88,84,Rejected,San Francisco,Sales
APP-2952,Applicant 2952,2026-08-09,10,Bachelors,Screening,60,60,In Progress,London,Engineering
APP-2953,Applicant 2953,2026-08-08,2,Masters,Final,73,77,In Progress,Remote,Product
APP-2954,Applicant 2954,2026-08-07,9,PhD,HR,86,94,In Progress,Austin,Marketing
APP-2955,Applicant 2955,2026-08-06,1,High School,Technical,99,70,Offer,New York,Sales
APP-2956,Applicant 2956,2026-08-05,8,Bachelors,Screening,71,87,Rejected,San Francisco,Engineering
APP-2957,Applicant 2957,2026-08-04,15,Masters,Final,84,63,In Progress,London,Product
APP-2958,Applicant 2958,2026-08-03,7,PhD,HR,97,80,In Progress,Remote,Marketing
APP-2959,Applicant 2959,2026-08-02,14,High School,Technical,69,97,In Progress,Austin,Sales
APP-2960,Applicant 2960,2026-08-01,6,Bachelors,Screening,82,73,Offer,New York,Engineering
APP-2961,Applicant 2961,2026-07-31,13,Masters,Final,95,90,Rejected,San Francisco,Product
APP-2962,Applicant 2962,2026-07-30,5,PhD,HR,67,66,In Progress,London,Marketing
APP-2963,Applicant 2963,2026-07-29,12,High School,Technical,80,83,In Progress,Remote,Sales
APP-2964,Applicant 2964,2026-07-28,4,Bachelors,Screening,93,100,In Progress,Austin,Engineering
APP-2965,Applicant 2965,2026-07-27,11,Masters,Final,65,76,Offer,New York,Product
APP-2966,Applicant 2966,2026-07-26,3,PhD,HR,78,93,Rejected,San Francisco,Marketing
APP-2967,Applicant 2967,2026-07-25,10,High School,Technical,91,69,In Progress,London,Sales
APP-2968,Applicant 2968,2026-07-24,2,Bachelors,Screening,63,86,In Progress,Remote,Engineering
APP-2969,Applicant 2969,2026-07-23,9,Masters,Final,76,62,In Progress,Austin,Product
APP-2970,Applicant 2970,2026-07-22,1,PhD,HR,89,79,Offer,New York,Marketing
APP-2971,Applicant 2971,2026-07-21,8,High School,Technical,61,96,Rejected,San Francisco,Sales
APP-2972,Applicant 2972,2026-07-20,15,Bachelors,Screening,74,72,In Progress,London,Engineering
APP-2973,Applicant 2973,2026-07-19,7,Masters,Final,87,89,In Progress,Remote,Product
APP-2974,Applicant 2974,2026-07-18,14,PhD,HR,100,65,In Progress,Austin,Marketing
APP-2975,Applicant 2975,2026-07-17,6,High School,Technical,72,82,Offer,New York,Sales
APP-2976,Applicant 2976,2026-07-16,13,Bachelors,Screening,85,99,Rejected,San Francisco,Engineering
APP-2977,Applicant 2977,2026-07-15,5,Masters,Final,98,75,In Progress,London,Product
APP-2978,Applicant 2978,2026-07-14,12,PhD,HR,70,92,In Progress,Remote,Marketing
APP-2979,Applicant 2979,2026-07-13,4,High School,Technical,83,68,In Progress,Austin,Sales
APP-2980,Applicant 2980,2026-07-12,11,Bachelors,Screening,96,85,Offer,New York,Engineering
APP-2981,Applicant 2981,2026-07-11,3,Masters,Final,68,61,Rejected,San Francisco,Product
APP-2982,Applicant 2982,2026-07-10,10,PhD,HR,81,78,In Progress,London,Marketing
APP-2983,Applicant 2983,2026-07-09,2,High School,Technical,94,95,In Progress,Remote,Sales
APP-2984,Applicant 2984,2026-07-08,9,Bachelors,Screening,66,71,In Progress,Austin,Engineering
APP-2985,Applicant 2985,2026-07-07,1,Masters,Final,79,88,Offer,New York,Product
APP-2986,Applicant 2986,2026-07-06,8,PhD,HR,92,64,Rejected,San Francisco,Marketing
APP-2987,Applicant 2987,2026-07-05,15,High School,Technical,64,81,In Progress,London,Sales
APP-2988,Applicant 2988,2026-07-04,7,Bachelors,Screening,77,98,In Progress,Remote,Engineering
APP-2989,Applicant 2989,2026-07-03,14,Masters,Final,90,74,In Progress,Austin,Product
APP-2990,Applicant 2990,2026-07-02,6,PhD,HR,62,91,Offer,New York,Marketing
APP-2991,Applicant 2991,2026-07-01,13,High School,Technical,75,67,Rejected,San Francisco,Sales
APP-2992,Applicant 2992,2026-06-30,5,Bachelors,Screening,88,84,In Progress,London,Engineering
APP-2993,Applicant 2993,2026-06-29,12,Masters,Final,60,60,In Progress,Remote,Product
APP-2994,Applicant 2994,2026-06-28,4,PhD,HR,73,77,In Progress,Austin,Marketing
APP-2995,Applicant 2995,2026-06-27,11,High School,Technical,86,94,Offer,New York,Sales
APP-2996,Applicant 2996,2026-06-26,3,Bachelors,Screening,99,70,Rejected,San Francisco,Engineering
APP-2997,Applicant 2997,2026-06-25,10,Masters,Final,71,87,In Progress,London,Product
APP-2998,Applicant 2998,2026-06-24,2,PhD,HR,84,63,In Progress,Remote,Marketing
APP-2999,Applicant 2999,2026-06-23,9,High School,Technical,97,80,In Progress,Austin,Sales
APP-3000,Applicant 3000,2026-06-22,1,Bachelors,Screening,69,97,Offer,New York,Engineering
APP-3001,Applicant 3001,2026-06-21,8,Masters,Final,82,73,Rejected,San Francisco,Product
APP-3002,Applicant 3002,2026-06-20,15,PhD,HR,95,90,In Progress,London,Marketing
APP-3003,Applicant 3003,2026-06-19,7,High School,Technical,67,66,In Progress,Remote,Sales
APP-3004,Applicant 3004,2026-06-18,14,Bachelors,Screening,80,83,In Progress,Austin,Engineering
APP-3005,Applicant 3005,2026-06-17,6,Masters,Final,93,100,Offer,New York,Product
APP-3006,Applicant 3006,2026-06-16,13,PhD,HR,65,76,Rejected,San Francisco,Marketing
APP-3007,Applicant 3007,2026-06-15,5,High School,Technical,78,93,In Progress,London,Sales
APP-3008,Applicant 3008,2026-06-14,12,Bachelors,Screening,91,69,In Progress,Remote,Engineering
APP-3009,Applicant 3009,2026-06-13,4,Masters,Final,63,86,In Progress,Austin,Product
APP-3010,Applicant 3010,2026-06-12,11,PhD,HR,76,62,Offer,New York,Marketing
APP-3011,Applicant 3011,2026-06-11,3,High School,Technical,89,79,Rejected,San Francisco,Sales
APP-3012,Applicant 3012,2026-06-10,10,Bachelors,Screening,61,96,In Progress,London,Engineering
APP-3013,Applicant 3013,2026-06-09,2,Masters,Final,74,72,In Progress,Remote,Product
APP-3014,Applicant 3014,2026-06-08,9,PhD,HR,87,89,In Progress,Austin,Marketing
APP-3015,Applicant 3015,2026-06-07,1,High School,Technical,100,65,Offer,New York,Sales
APP-3016,Applicant 3016,2026-06-06,8,Bachelors,Screening,72,82,Rejected,San Francisco,Engineering
APP-3017,Applicant 3017,2026-06-05,15,Masters,Final,85,99,In Progress,London,Product
APP-3018,Applicant 3018,2026-06-04,7,PhD,HR,98,75,In Progress,Remote,Marketing
APP-3019,Applicant 3019,2026-06-03,14,High School,Technical,70,92,In Progress,Austin,Sales
APP-3020,Applicant 3020,2026-06-02,6,Bachelors,Screening,83,68,Offer,New York,Engineering
APP-3021,Applicant 3021,2026-06-01,13,Masters,Final,96,85,Rejected,San Francisco,Product
APP-3022,Applicant 3022,2026-05-31,5,PhD,HR,68,61,In Progress,London,Marketing
APP-3023,Applicant 3023,2026-05-30,12,High School,Technical,81,78,In Progress,Remote,Sales
APP-3024,Applicant 3024,2026-05-29,4,Bachelors,Screening,94,95,In Progress,Austin,Engineering
APP-3025,Applicant 3025,2026-05-28,11,Masters,Final,66,71,Offer,New York,Product
APP-3026,Applicant 3026,2026-05-27,3,PhD,HR,79,88,Rejected,San Francisco,Marketing
APP-3027,Applicant 3027,2026-05-26,10,High School,Technical,92,64,In Progress,London,Sales
APP-3028,Applicant 3028,2026-05-25,2,Bachelors,Screening,64,81,In Progress,Remote,Engineering
APP-3029,Applicant 3029,2026-05-24,9,Masters,Final,77,98,In Progress,Austin,Product
APP-3030,Applicant 3030,2026-05-23,1,PhD,HR,90,74,Offer,New York,Marketing
APP-3031,Applicant 3031,2026-05-22,8,High School,Technical,62,91,Rejected,San Francisco,Sales
APP-3032,Applicant 3032,2026-05-21,15,Bachelors,Screening,75,67,In Progress,London,Engineering
APP-3033,Applicant 3033,2026-05-20,7,Masters,Final,88,84,In Progress,Remote,Product
APP-3034,Applicant 3034,2026-05-19,14,PhD,HR,60,60,In Progress,Austin,Marketing
APP-3035,Applicant 3035,2026-05-18,6,High School,Technical,73,77,Offer,New York,Sales
APP-3036,Applicant 3036,2026-05-17,13,Bachelors,Screening,86,94,Rejected,San Francisco,Engineering
APP-3037,Applicant 3037,2026-05-16,5,Masters,Final,99,70,In Progress,London,Product
APP-3038,Applicant 3038,2026-05-15,12,PhD,HR,71,87,In Progress,Remote,Marketing
APP-3039,Applicant 3039,2026-05-14,4,High School,Technical,84,63,In Progress,Austin,Sales
APP-3040,Applicant 3040,2026-05-13,11,Bachelors,Screening,97,80,Offer,New York,Engineering
APP-3041,Applicant 3041,2026-05-12,3,Masters,Final,69,97,Rejected,San Francisco,Product
APP-3042,Applicant 3042,2026-05-11,10,PhD,HR,82,73,In Progress,London,Marketing
APP-3043,Applicant 3043,2026-05-10,2,High School,Technical,95,90,In Progress,Remote,Sales
APP-3044,Applicant 3044,2026-05-09,9,Bachelors,Screening,67,66,In Progress,Austin,Engineering
APP-3045,Applicant 3045,2026-05-08,1,Masters,Final,80,83,Offer,New York,Product
APP-3046,Applicant 3046,2026-05-07,8,PhD,HR,93,100,Rejected,San Francisco,Marketing
APP-3047,Applicant 3047,2026-05-06,15,High School,Technical,65,76,In Progress,London,Sales
APP-3048,Applicant 3048,2026-05-05,7,Bachelors,Screening,78,93,In Progress,Remote,Engineering
APP-3049,Applicant 3049,2026-05-04,14,Masters,Final,91,69,In Progress,Austin,Product
APP-3050,Applicant 3050,2026-05-03,6,PhD,HR,63,86,Offer,New York,Marketing
APP-3051,Applicant 3051,2026-05-02,13,High School,Technical,76,62,Rejected,San Francisco,Sales
APP-3052,Applicant 3052,2026-05-01,5,Bachelors,Screening,89,79,In Progress,London,Engineering
APP-3053,Applicant 3053,2026-04-30,12,Masters,Final,61,96,In Progress,Remote,Product
APP-3054,Applicant 3054,2026-04-29,4,PhD,HR,74,72,In Progress,Austin,Marketing
APP-3055,Applicant 3055,2026-04-28,11,High School,Technical,87,89,Offer,New York,Sales
APP-3056,Applicant 3056,2026-04-27,3,Bachelors,Screening,100,65,Rejected,San Francisco,Engineering
APP-3057,Applicant 3057,2026-04-26,10,Masters,Final,72,82,In Progress,London,Product
APP-3058,Applicant 3058,2026-04-25,2,PhD,HR,85,99,In Progress,Remote,Marketing
APP-3059,Applicant 3059,2026-04-24,9,High School,Technical,98,75,In Progress,Austin,Sales
APP-3060,Applicant 3060,2026-04-23,1,Bachelors,Screening,70,92,Offer,New York,Engineering
APP-3061,Applicant 3061,2026-04-22,8,Masters,Final,83,68,Rejected,San Francisco,Product
APP-3062,Applicant 3062,2026-04-21,15,PhD,HR,96,85,In Progress,London,Marketing
APP-3063,Applicant 3063,2026-04-20,7,High School,Technical,68,61,In Progress,Remote,Sales
APP-3064,Applicant 3064,2026-04-19,14,Bachelors,Screening,81,78,In Progress,Austin,Engineering
APP-3065,Applicant 3065,2026-04-18,6,Masters,Final,94,95,Offer,New York,Product
APP-3066,Applicant 3066,2026-04-17,13,PhD,HR,66,71,Rejected,San Francisco,Marketing
APP-3067,Applicant 3067,2026-04-16,5,High School,Technical,79,88,In Progress,London,Sales
APP-3068,Applicant 3068,2026-04-15,12,Bachelors,Screening,92,64,In Progress,Remote,Engineering
APP-3069,Applicant 3069,2026-04-14,4,Masters,Final,64,81,In Progress,Austin,Product
APP-3070,Applicant 3070,2026-04-13,11,PhD,HR,77,98,Offer,New York,Marketing
APP-3071,Applicant 3071,2026-04-12,3,High School,Technical,90,74,Rejected,San Francisco,Sales
APP-3072,Applicant 3072,2026-04-11,10,Bachelors,Screening,62,91,In Progress,London,Engineering
APP-3073,Applicant 3073,2026-04-10,2,Masters,Final,75,67,In Progress,Remote,Product
APP-3074,Applicant 3074,2026-04-09,9,PhD,HR,88,84,In Progress,Austin,Marketing
APP-3075,Applicant 3075,2026-04-08,1,High School,Technical,60,60,Offer,New York,Sales
APP-3076,Applicant 3076,2026-04-07,8,Bachelors,Screening,73,77,Rejected,San Francisco,Engineering
APP-3077,Applicant 3077,2026-04-06,15,Masters,Final,86,94,In Progress,London,Product
APP-3078,Applicant 3078,2026-04-05,7,PhD,HR,99,70,In Progress,Remote,Marketing
APP-3079,Applicant 3079,2026-04-04,14,High School,Technical,71,87,In Progress,Austin,Sales
APP-3080,Applicant 3080,2026-04-03,6,Bachelors,Screening,84,63,Offer,New York,Engineering
APP-3081,Applicant 3081,2026-04-02,13,Masters,Final,97,80,Rejected,San Francisco,Product
APP-3082,Applicant 3082,2026-04-01,5,PhD,HR,69,97,In Progress,London,Marketing
APP-3083,Applicant 3083,2026-03-31,12,High School,Technical,82,73,In Progress,Remote,Sales
APP-3084,Applicant 3084,2026-03-30,4,Bachelors,Screening,95,90,In Progress,Austin,Engineering
APP-3085,Applicant 3085,2026-03-29,11,Masters,Final,67,66,Offer,New York,Product
APP-3086,Applicant 3086,2026-03-28,3,PhD,HR,80,83,Rejected,San Francisco,Marketing
APP-3087,Applicant 3087,2026-03-27,10,High School,Technical,93,100,In Progress,London,Sales
APP-3088,Applicant 3088,2026-03-26,2,Bachelors,Screening,65,76,In Progress,Remote,Engineering
APP-3089,Applicant 3089,2026-03-25,9,Masters,Final,78,93,In Progress,Austin,Product
APP-3090,Applicant 3090,2026-03-24,1,PhD,HR,91,69,Offer,New York,Marketing
APP-3091,Applicant 3091,2026-03-23,8,High School,Technical,63,86,Rejected,San Francisco,Sales
APP-3092,Applicant 3092,2026-03-22,15,Bachelors,Screening,76,62,In Progress,London,Engineering
APP-3093,Applicant 3093,2026-03-21,7,Masters,Final,89,79,In Progress,Remote,Product
APP-3094,Applicant 3094,2026-03-20,14,PhD,HR,61,96,In Progress,Austin,Marketing
APP-3095,Applicant 3095,2026-03-19,6,High School,Technical,74,72,Offer,New York,Sales
APP-3096,Applicant 3096,2026-03-18,13,Bachelors,Screening,87,89,Rejected,San Francisco,Engineering
APP-3097,Applicant 3097,2026-03-17,5,Masters,Final,100,65,In Progress,London,Product
APP-3098,Applicant 3098,2026-03-16,12,PhD,HR,72,82,In Progress,Remote,Marketing
APP-3099,Applicant 3099,2026-03-15,4,High School,Technical,85,99,In Progress,Austin,Sales
APP-3100,Applicant 3100,2026-03-14,11,Bachelors,Screening,98,75,Offer,New York,Engineering
APP-3101,Applicant 3101,2026-03-13,3,Masters,Final,70,92,Rejected,San Francisco,Product
APP-3102,Applicant 3102,2026-03-12,10,PhD,HR,83,68,In Progress,London,Marketing
APP-3103,Applicant 3103,2026-03-11,2,High School,Technical,96,85,In Progress,Remote,Sales
APP-3104,Applicant 3104,2026-03-10,9,Bachelors,Screening,68,61,In Progress,Austin,Engineering
APP-3105,Applicant 3105,2026-03-09,1,Masters,Final,81,78,Offer,New York,Product
APP-3106,Applicant 3106,2026-03-08,8,PhD,HR,94,95,Rejected,San Francisco,Marketing
APP-3107,Applicant 3107,2026-03-07,15,High School,Technical,66,71,In Progress,London,Sales
APP-3108,Applicant 3108,2026-03-06,7,Bachelors,Screening,79,88,In Progress,Remote,Engineering
APP-3109,Applicant 3109,2026-03-05,14,Masters,Final,92,64,In Progress,Austin,Product
APP-3110,Applicant 3110,2026-03-04,6,PhD,HR,64,81,Offer,New York,Marketing
APP-3111,Applicant 3111,2026-03-03,13,High School,Technical,77,98,Rejected,San Francisco,Sales
APP-3112,Applicant 3112,2026-03-02,5,Bachelors,Screening,90,74,In Progress,London,Engineering
APP-3113,Applicant 3113,2026-03-01,12,Masters,Final,62,91,In Progress,Remote,Product
APP-3114,Applicant 3114,2026-02-28,4,PhD,HR,75,67,In Progress,Austin,Marketing
APP-3115,Applicant 3115,2026-02-27,11,High School,Technical,88,84,Offer,New York,Sales
APP-3116,Applicant 3116,2026-02-26,3,Bachelors,Screening,60,60,Rejected,San Francisco,Engineering
APP-3117,Applicant 3117,2026-02-25,10,Masters,Final,73,77,In Progress,London,Product
APP-3118,Applicant 3118,2026-02-24,2,PhD,HR,86,94,In Progress,Remote,Marketing
APP-3119,Applicant 3119,2026-02-23,9,High School,Technical,99,70,In Progress,Austin,Sales
APP-3120,Applicant 3120,2026-02-22,1,Bachelors,Screening,71,87,Offer,New York,Engineering
APP-3121,Applicant 3121,2026-02-21,8,Masters,Final,84,63,Rejected,San Francisco,Product
APP-3122,Applicant 3122,2026-02-20,15,PhD,HR,97,80,In Progress,London,Marketing
APP-3123,Applicant 3123,2026-02-19,7,High School,Technical,69,97,In Progress,Remote,Sales
APP-3124,Applicant 3124,2026-02-18,14,Bachelors,Screening,82,73,In Progress,Austin,Engineering
APP-3125,Applicant 3125,2026-02-17,6,Masters,Final,95,90,Offer,New York,Product
APP-3126,Applicant 3126,2026-02-16,13,PhD,HR,67,66,Rejected,San Francisco,Marketing
APP-3127,Applicant 3127,2026-02-15,5,High School,Technical,80,83,In Progress,London,Sales
APP-3128,Applicant 3128,2026-02-14,12,Bachelors,Screening,93,100,In Progress,Remote,Engineering
APP-3129,Applicant 3129,2026-02-13,4,Masters,Final,65,76,In Progress,Austin,Product
APP-3130,Applicant 3130,2026-02-12,11,PhD,HR,78,93,Offer,New York,Marketing
APP-3131,Applicant 3131,2026-02-11,3,High School,Technical,91,69,Rejected,San Francisco,Sales
APP-3132,Applicant 3132,2026-02-10,10,Bachelors,Screening,63,86,In Progress,London,Engineering
APP-3133,Applicant 3133,2026-02-09,2,Masters,Final,76,62,In Progress,Remote,Product
APP-3134,Applicant 3134,2026-02-08,9,PhD,HR,89,79,In Progress,Austin,Marketing
APP-3135,Applicant 3135,2026-02-07,1,High School,Technical,61,96,Offer,New York,Sales
APP-3136,Applicant 3136,2026-02-06,8,Bachelors,Screening,74,72,Rejected,San Francisco,Engineering
APP-3137,Applicant 3137,2026-02-05,15,Masters,Final,87,89,In Progress,London,Product
APP-3138,Applicant 3138,2026-02-04,7,PhD,HR,100,65,In Progress,Remote,Marketing
APP-3139,Applicant 3139,2026-02-03,14,High School,Technical,72,82,In Progress,Austin,Sales
APP-3140,Applicant 3140,2026-02-02,6,Bachelors,Screening,85,99,Offer,New York,Engineering
APP-3141,Applicant 3141,2026-02-01,13,Masters,Final,98,75,Rejected,San Francisco,Product
APP-3142,Applicant 3142,2026-01-31,5,PhD,HR,70,92,In Progress,London,Marketing
APP-3143,Applicant 3143,2026-01-30,12,High School,Technical,83,68,In Progress,Remote,Sales
APP-3144,Applicant 3144,2026-01-29,4,Bachelors,Screening,96,85,In Progress,Austin,Engineering
APP-3145,Applicant 3145,2026-01-28,11,Masters,Final,68,61,Offer,New York,Product
APP-3146,Applicant 3146,2026-01-27,3,PhD,HR,81,78,Rejected,San Francisco,Marketing
APP-3147,Applicant 3147,2026-01-26,10,High School,Technical,94,95,In Progress,London,Sales
APP-3148,Applicant 3148,2026-01-25,2,Bachelors,Screening,66,71,In Progress,Remote,Engineering
APP-3149,Applicant 3149,2026-01-24,9,Masters,Final,79,88,In Progress,Austin,Product
APP-3150,Applicant 3150,2026-01-23,1,PhD,HR,92,64,Offer,New York,Marketing
APP-3151,Applicant 3151,2026-01-22,8,High School,Technical,64,81,Rejected,San Francisco,Sales
APP-3152,Applicant 3152,2026-01-21,15,Bachelors,Screening,77,98,In Progress,London,Engineering
APP-3153,Applicant 3153,2026-01-20,7,Masters,Final,90,74,In Progress,Remote,Product
APP-3154,Applicant 3154,2026-01-19,14,PhD,HR,62,91,In Progress,Austin,Marketing
APP-3155,Applicant 3155,2026-01-18,6,High School,Technical,75,67,Offer,New York,Sales
APP-3156,Applicant 3156,2026-01-17,13,Bachelors,Screening,88,84,Rejected,San Francisco,Engineering
APP-3157,Applicant 3157,2026-01-16,5,Masters,Final,60,60,In Progress,London,Product
APP-3158,Applicant 3158,2026-01-15,12,PhD,HR,73,77,In Progress,Remote,Marketing
APP-3159,Applicant 3159,2026-01-14,4,High School,Technical,86,94,In Progress,Austin,Sales
APP-3160,Applicant 3160,2026-01-13,11,Bachelors,Screening,99,70,Offer,New York,Engineering
APP-3161,Applicant 3161,2026-01-12,3,Masters,Final,71,87,Rejected,San Francisco,Product
APP-3162,Applicant 3162,2026-01-11,10,PhD,HR,84,63,In Progress,London,Marketing
APP-3163,Applicant 3163,2026-01-10,2,High School,Technical,97,80,In Progress,Remote,Sales
APP-3164,Applicant 3164,2026-01-09,9,Bachelors,Screening,69,97,In Progress,Austin,Engineering
APP-3165,Applicant 3165,2026-01-08,1,Masters,Final,82,73,Offer,New York,Product
APP-3166,Applicant 3166,2026-01-07,8,PhD,HR,95,90,Rejected,San Francisco,Marketing
APP-3167,Applicant 3167,2026-01-06,15,High School,Technical,67,66,In Progress,London,Sales
APP-3168,Applicant 3168,2026-01-05,7,Bachelors,Screening,80,83,In Progress,Remote,Engineering
APP-3169,Applicant 3169,2026-01-04,14,Masters,Final,93,100,In Progress,Austin,Product
APP-3170,Applicant 3170,2026-01-03,6,PhD,HR,65,76,Offer,New York,Marketing
APP-3171,Applicant 3171,2026-01-02,13,High School,Technical,78,93,Rejected,San Francisco,Sales
APP-3172,Applicant 3172,2026-01-01,5,Bachelors,Screening,91,69,In Progress,London,Engineering
APP-3173,Applicant 3173,2025-12-31,12,Masters,Final,63,86,In Progress,Remote,Product
APP-3174,Applicant 3174,2025-12-30,4,PhD,HR,76,62,In Progress,Austin,Marketing
APP-3175,Applicant 3175,2025-12-29,11,High School,Technical,89,79,Offer,New York,Sales
APP-3176,Applicant 3176,2025-12-28,3,Bachelors,Screening,61,96,Rejected,San Francisco,Engineering
APP-3177,Applicant 3177,2025-12-27,10,Masters,Final,74,72,In Progress,London,Product
APP-3178,Applicant 3178,2025-12-26,2,PhD,HR,87,89,In Progress,Remote,Marketing
APP-3179,Applicant 3179,2025-12-25,9,High School,Technical,100,65,In Progress,Austin,Sales
APP-3180,Applicant 3180,2025-12-24,1,Bachelors,Screening,72,82,Offer,New York,Engineering
APP-3181,Applicant 3181,2025-12-23,8,Masters,Final,85,99,Rejected,San Francisco,Product
APP-3182,Applicant 3182,2025-12-22,15,PhD,HR,98,75,In Progress,London,Marketing
APP-3183,Applicant 3183,2025-12-21,7,High School,Technical,70,92,In Progress,Remote,Sales
APP-3184,Applicant 3184,2025-12-20,14,Bachelors,Screening,83,68,In Progress,Austin,Engineering
APP-3185,Applicant 3185,2025-12-19,6,Masters,Final,96,85,Offer,New York,Product
APP-3186,Applicant 3186,2025-12-18,13,PhD,HR,68,61,Rejected,San Francisco,Marketing
APP-3187,Applicant 3187,2025-12-17,5,High School,Technical,81,78,In Progress,London,Sales
APP-3188,Applicant 3188,2025-12-16,12,Bachelors,Screening,94,95,In Progress,Remote,Engineering
APP-3189,Applicant 3189,2025-12-15,4,Masters,Final,66,71,In Progress,Austin,Product
APP-3190,Applicant 3190,2025-12-14,11,PhD,HR,79,88,Offer,New York,Marketing
APP-3191,Applicant 3191,2025-12-13,3,High School,Technical,92,64,Rejected,San Francisco,Sales
APP-3192,Applicant 3192,2025-12-12,10,Bachelors,Screening,64,81,In Progress,London,Engineering
APP-3193,Applicant 3193,2025-12-11,2,Masters,Final,77,98,In Progress,Remote,Product
APP-3194,Applicant 3194,2025-12-10,9,PhD,HR,90,74,In Progress,Austin,Marketing
APP-3195,Applicant 3195,2025-12-09,1,High School,Technical,62,91,Offer,New York,Sales
APP-3196,Applicant 3196,2025-12-08,8,Bachelors,Screening,75,67,Rejected,San Francisco,Engineering
APP-3197,Applicant 3197,2025-12-07,15,Masters,Final,88,84,In Progress,London,Product
APP-3198,Applicant 3198,2025-12-06,7,PhD,HR,60,60,In Progress,Remote,Marketing
APP-3199,Applicant 3199,2025-12-05,14,High School,Technical,73,77,In Progress,Austin,Sales
APP-3200,Applicant 3200,2025-12-04,6,Bachelors,Screening,86,94,Offer,New York,Engineering
APP-3201,Applicant 3201,2025-12-03,13,Masters,Final,99,70,Rejected,San Francisco,Product
APP-3202,Applicant 3202,2025-12-02,5,PhD,HR,71,87,In Progress,London,Marketing
APP-3203,Applicant 3203,2025-12-01,12,High School,Technical,84,63,In Progress,Remote,Sales
APP-3204,Applicant 3204,2025-11-30,4,Bachelors,Screening,97,80,In Progress,Austin,Engineering
APP-3205,Applicant 3205,2025-11-29,11,Masters,Final,69,97,Offer,New York,Product
APP-3206,Applicant 3206,2025-11-28,3,PhD,HR,82,73,Rejected,San Francisco,Marketing
APP-3207,Applicant 3207,2025-11-27,10,High School,Technical,95,90,In Progress,London,Sales
APP-3208,Applicant 3208,2025-11-26,2,Bachelors,Screening,67,66,In Progress,Remote,Engineering
APP-3209,Applicant 3209,2025-11-25,9,Masters,Final,80,83,In Progress,Austin,Product
APP-3210,Applicant 3210,2025-11-24,1,PhD,HR,93,100,Offer,New York,Marketing
APP-3211,Applicant 3211,2025-11-23,8,High School,Technical,65,76,Rejected,San Francisco,Sales
APP-3212,Applicant 3212,2025-11-22,15,Bachelors,Screening,78,93,In Progress,London,Engineering
APP-3213,Applicant 3213,2025-11-21,7,Masters,Final,91,69,In Progress,Remote,Product
APP-3214,Applicant 3214,2025-11-20,14,PhD,HR,63,86,In Progress,Austin,Marketing
APP-3215,Applicant 3215,2025-11-19,6,High School,Technical,76,62,Offer,New York,Sales
APP-3216,Applicant 3216,2025-11-18,13,Bachelors,Screening,89,79,Rejected,San Francisco,Engineering
APP-3217,Applicant 3217,2025-11-17,5,Masters,Final,61,96,In Progress,London,Product
APP-3218,Applicant 3218,2025-11-16,12,PhD,HR,74,72,In Progress,Remote,Marketing
APP-3219,Applicant 3219,2025-11-15,4,High School,Technical,87,89,In Progress,Austin,Sales
APP-3220,Applicant 3220,2025-11-14,11,Bachelors,Screening,100,65,Offer,New York,Engineering
APP-3221,Applicant 3221,2025-11-13,3,Masters,Final,72,82,Rejected,San Francisco,Product
APP-3222,Applicant 3222,2025-11-12,10,PhD,HR,85,99,In Progress,London,Marketing
APP-3223,Applicant 3223,2025-11-11,2,High School,Technical,98,75,In Progress,Remote,Sales
APP-3224,Applicant 3224,2025-11-10,9,Bachelors,Screening,70,92,In Progress,Austin,Engineering
APP-3225,Applicant 3225,2025-11-09,1,Masters,Final,83,68,Offer,New York,Product
APP-3226,Applicant 3226,2025-11-08,8,PhD,HR,96,85,Rejected,San Francisco,Marketing
APP-3227,Applicant 3227,2025-11-07,15,High School,Technical,68,61,In Progress,London,Sales
APP-3228,Applicant 3228,2025-11-06,7,Bachelors,Screening,81,78,In Progress,Remote,Engineering
APP-3229,Applicant 3229,2025-11-05,14,Masters,Final,94,95,In Progress,Austin,Product
APP-3230,Applicant 3230,2025-11-04,6,PhD,HR,66,71,Offer,New York,Marketing
APP-3231,Applicant 3231,2025-11-03,13,High School,Technical,79,88,Rejected,San Francisco,Sales
APP-3232,Applicant 3232,2025-11-02,5,Bachelors,Screening,92,64,In Progress,London,Engineering
APP-3233,Applicant 3233,2025-11-01,12,Masters,Final,64,81,In Progress,Remote,Product
APP-3234,Applicant 3234,2025-10-31,4,PhD,HR,77,98,In Progress,Austin,Marketing
APP-3235,Applicant 3235,2025-10-30,11,High School,Technical,90,74,Offer,New York,Sales
APP-3236,Applicant 3236,2025-10-29,3,Bachelors,Screening,62,91,Rejected,San Francisco,Engineering
APP-3237,Applicant 3237,2025-10-28,10,Masters,Final,75,67,In Progress,London,Product
APP-3238,Applicant 3238,2025-10-27,2,PhD,HR,88,84,In Progress,Remote,Marketing
APP-3239,Applicant 3239,2025-10-26,9,High School,Technical,60,60,In Progress,Austin,Sales
APP-3240,Applicant 3240,2025-10-25,1,Bachelors,Screening,73,77,Offer,New York,Engineering
APP-3241,Applicant 3241,2025-10-24,8,Masters,Final,86,94,Rejected,San Francisco,Product
APP-3242,Applicant 3242,2025-10-23,15,PhD,HR,99,70,In Progress,London,Marketing
APP-3243,Applicant 3243,2025-10-22,7,High School,Technical,71,87,In Progress,Remote,Sales
APP-3244,Applicant 3244,2025-10-21,14,Bachelors,Screening,84,63,In Progress,Austin,Engineering
APP-3245,Applicant 3245,2025-10-20,6,Masters,Final,97,80,Offer,New York,Product
APP-3246,Applicant 3246,2025-10-19,13,PhD,HR,69,97,Rejected,San Francisco,Marketing
APP-3247,Applicant 3247,2025-10-18,5,High School,Technical,82,73,In Progress,London,Sales
APP-3248,Applicant 3248,2025-10-17,12,Bachelors,Screening,95,90,In Progress,Remote,Engineering
APP-3249,Applicant 3249,2025-10-16,4,Masters,Final,67,66,In Progress,Austin,Product
APP-3250,Applicant 3250,2025-10-15,11,PhD,HR,80,83,Offer,New York,Marketing
APP-3251,Applicant 3251,2025-10-14,3,High School,Technical,93,100,Rejected,San Francisco,Sales
APP-3252,Applicant 3252,2025-10-13,10,Bachelors,Screening,65,76,In Progress,London,Engineering
APP-3253,Applicant 3253,2025-10-12,2,Masters,Final,78,93,In Progress,Remote,Product
APP-3254,Applicant 3254,2025-10-11,9,PhD,HR,91,69,In Progress,Austin,Marketing
APP-3255,Applicant 3255,2025-10-10,1,High School,Technical,63,86,Offer,New York,Sales
APP-3256,Applicant 3256,2025-10-09,8,Bachelors,Screening,76,62,Rejected,San Francisco,Engineering
APP-3257,Applicant 3257,2025-10-08,15,Masters,Final,89,79,In Progress,London,Product
APP-3258,Applicant 3258,2025-10-07,7,PhD,HR,61,96,In Progress,Remote,Marketing
APP-3259,Applicant 3259,2025-10-06,14,High School,Technical,74,72,In Progress,Austin,Sales
APP-3260,Applicant 3260,2025-10-05,6,Bachelors,Screening,87,89,Offer,New York,Engineering
APP-3261,Applicant 3261,2025-10-04,13,Masters,Final,100,65,Rejected,San Francisco,Product
APP-3262,Applicant 3262,2025-10-03,5,PhD,HR,72,82,In Progress,London,Marketing
APP-3263,Applicant 3263,2025-10-02,12,High School,Technical,85,99,In Progress,Remote,Sales
APP-3264,Applicant 3264,2025-10-01,4,Bachelors,Screening,98,75,In Progress,Austin,Engineering
APP-3265,Applicant 3265,2025-09-30,11,Masters,Final,70,92,Offer,New York,Product
APP-3266,Applicant 3266,2025-09-29,3,PhD,HR,83,68,Rejected,San Francisco,Marketing
APP-3267,Applicant 3267,2025-09-28,10,High School,Technical,96,85,In Progress,London,Sales
APP-3268,Applicant 3268,2025-09-27,2,Bachelors,Screening,68,61,In Progress,Remote,Engineering
APP-3269,Applicant 3269,2025-09-26,9,Masters,Final,81,78,In Progress,Austin,Product
APP-3270,Applicant 3270,2025-09-25,1,PhD,HR,94,95,Offer,New York,Marketing
APP-3271,Applicant 3271,2025-09-24,8,High School,Technical,66,71,Rejected,San Francisco,Sales
APP-3272,Applicant 3272,2025-09-23,15,Bachelors,Screening,79,88,In Progress,London,Engineering
APP-3273,Applicant 3273,2025-09-22,7,Masters,Final,92,64,In Progress,Remote,Product
APP-3274,Applicant 3274,2025-09-21,14,PhD,HR,64,81,In Progress,Austin,Marketing
APP-3275,Applicant 3275,2025-09-20,6,High School,Technical,77,98,Offer,New York,Sales
APP-3276,Applicant 3276,2025-09-19,13,Bachelors,Screening,90,74,Rejected,San Francisco,Engineering
APP-3277,Applicant 3277,2025-09-18,5,Masters,Final,62,91,In Progress,London,Product
APP-3278,Applicant 3278,2025-09-17,12,PhD,HR,75,67,In Progress,Remote,Marketing
APP-3279,Applicant 3279,2025-09-16,4,High School,Technical,88,84,In Progress,Austin,Sales
APP-3280,Applicant 3280,2025-09-15,11,Bachelors,Screening,60,60,Offer,New York,Engineering
APP-3281,Applicant 3281,2025-09-14,3,Masters,Final,73,77,Rejected,San Francisco,Product
APP-3282,Applicant 3282,2025-09-13,10,PhD,HR,86,94,In Progress,London,Marketing
APP-3283,Applicant 3283,2025-09-12,2,High School,Technical,99,70,In Progress,Remote,Sales
APP-3284,Applicant 3284,2025-09-11,9,Bachelors,Screening,71,87,In Progress,Austin,Engineering
APP-3285,Applicant 3285,2026-09-10,1,Masters,Final,84,63,Offer,New York,Product
APP-3286,Applicant 3286,2026-09-09,8,PhD,HR,97,80,Rejected,San Francisco,Marketing
APP-3287,Applicant 3287,2026-09-08,15,High School,Technical,69,97,In Progress,London,Sales
APP-3288,Applicant 3288,2026-09-07,7,Bachelors,Screening,82,73,In Progress,Remote,Engineering
APP-3289,Applicant 3289,2026-09-06,14,Masters,Final,95,90,In Progress,Austin,Product
APP-3290,Applicant 3290,2026-09-05,6,PhD,HR,67,66,Offer,New York,Marketing
APP-3291,Applicant 3291,2026-09-04,13,High School,Technical,80,83,Rejected,San Francisco,Sales
APP-3292,Applicant 3292,2026-09-03,5,Bachelors,Screening,93,100,In Progress,London,Engineering
APP-3293,Applicant 3293,2026-09-02,12,Masters,Final,65,76,In Progress,Remote,Product
APP-3294,Applicant 3294,2026-09-01,4,PhD,HR,78,93,In Progress,Austin,Marketing
APP-3295,Applicant 3295,2026-08-31,11,High School,Technical,91,69,Offer,New York,Sales
APP-3296,Applicant 3296,2026-08-30,3,Bachelors,Screening,63,86,Rejected,San Francisco,Engineering
APP-3297,Applicant 3297,2026-08-29,10,Masters,Final,76,62,In Progress,London,Product
APP-3298,Applicant 3298,2026-08-28,2,PhD,HR,89,79,In Progress,Remote,Marketing
APP-3299,Applicant 3299,2026-08-27,9,High School,Technical,61,96,In Progress,Austin,Sales
APP-3300,Applicant 3300,2026-08-26,1,Bachelors,Screening,74,72,Offer,New York,Engineering
APP-3301,Applicant 3301,2026-08-25,8,Masters,Final,87,89,Rejected,San Francisco,Product
APP-3302,Applicant 3302,2026-08-24,15,PhD,HR,100,65,In Progress,London,Marketing
APP-3303,Applicant 3303,2026-08-23,7,High School,Technical,72,82,In Progress,Remote,Sales
APP-3304,Applicant 3304,2026-08-22,14,Bachelors,Screening,85,99,In Progress,Austin,Engineering
APP-3305,Applicant 3305,2026-08-21,6,Masters,Final,98,75,Offer,New York,Product
APP-3306,Applicant 3306,2026-08-20,13,PhD,HR,70,92,Rejected,San Francisco,Marketing
APP-3307,Applicant 3307,2026-08-19,5,High School,Technical,83,68,In Progress,London,Sales
APP-3308,Applicant 3308,2026-08-18,12,Bachelors,Screening,96,85,In Progress,Remote,Engineering
APP-3309,Applicant 3309,2026-08-17,4,Masters,Final,68,61,In Progress,Austin,Product
APP-3310,Applicant 3310,2026-08-16,11,PhD,HR,81,78,Offer,New York,Marketing
APP-3311,Applicant 3311,2026-08-15,3,High School,Technical,94,95,Rejected,San Francisco,Sales
APP-3312,Applicant 3312,2026-08-14,10,Bachelors,Screening,66,71,In Progress,London,Engineering
APP-3313,Applicant 3313,2026-08-13,2,Masters,Final,79,88,In Progress,Remote,Product
APP-3314,Applicant 3314,2026-08-12,9,PhD,HR,92,64,In Progress,Austin,Marketing
APP-3315,Applicant 3315,2026-08-11,1,High School,Technical,64,81,Offer,New York,Sales
APP-3316,Applicant 3316,2026-08-10,8,Bachelors,Screening,77,98,Rejected,San Francisco,Engineering
APP-3317,Applicant 3317,2026-08-09,15,Masters,Final,90,74,In Progress,London,Product
APP-3318,Applicant 3318,2026-08-08,7,PhD,HR,62,91,In Progress,Remote,Marketing
APP-3319,Applicant 3319,2026-08-07,14,High School,Technical,75,67,In Progress,Austin,Sales
APP-3320,Applicant 3320,2026-08-06,6,Bachelors,Screening,88,84,Offer,New York,Engineering
APP-3321,Applicant 3321,2026-08-05,13,Masters,Final,60,60,Rejected,San Francisco,Product
APP-3322,Applicant 3322,2026-08-04,5,PhD,HR,73,77,In Progress,London,Marketing
APP-3323,Applicant 3323,2026-08-03,12,High School,Technical,86,94,In Progress,Remote,Sales
APP-3324,Applicant 3324,2026-08-02,4,Bachelors,Screening,99,70,In Progress,Austin,Engineering
APP-3325,Applicant 3325,2026-08-01,11,Masters,Final,71,87,Offer,New York,Product
APP-3326,Applicant 3326,2026-07-31,3,PhD,HR,84,63,Rejected,San Francisco,Marketing
APP-3327,Applicant 3327,2026-07-30,10,High School,Technical,97,80,In Progress,London,Sales
APP-3328,Applicant 3328,2026-07-29,2,Bachelors,Screening,69,97,In Progress,Remote,Engineering
APP-3329,Applicant 3329,2026-07-28,9,Masters,Final,82,73,In Progress,Austin,Product
APP-3330,Applicant 3330,2026-07-27,1,PhD,HR,95,90,Offer,New York,Marketing
APP-3331,Applicant 3331,2026-07-26,8,High School,Technical,67,66,Rejected,San Francisco,Sales
APP-3332,Applicant 3332,2026-07-25,15,Bachelors,Screening,80,83,In Progress,London,Engineering
APP-3333,Applicant 3333,2026-07-24,7,Masters,Final,93,100,In Progress,Remote,Product
APP-3334,Applicant 3334,2026-07-23,14,PhD,HR,65,76,In Progress,Austin,Marketing
APP-3335,Applicant 3335,2026-07-22,6,High School,Technical,78,93,Offer,New York,Sales
APP-3336,Applicant 3336,2026-07-21,13,Bachelors,Screening,91,69,Rejected,San Francisco,Engineering
APP-3337,Applicant 3337,2026-07-20,5,Masters,Final,63,86,In Progress,London,Product
APP-3338,Applicant 3338,2026-07-19,12,PhD,HR,76,62,In Progress,Remote,Marketing
APP-3339,Applicant 3339,2026-07-18,4,High School,Technical,89,79,In Progress,Austin,Sales
APP-3340,Applicant 3340,2026-07-17,11,Bachelors,Screening,61,96,Offer,New York,Engineering
APP-3341,Applicant 3341,2026-07-16,3,Masters,Final,74,72,Rejected,San Francisco,Product
APP-3342,Applicant 3342,2026-07-15,10,PhD,HR,87,89,In Progress,London,Marketing
APP-3343,Applicant 3343,2026-07-14,2,High School,Technical,100,65,In Progress,Remote,Sales
APP-3344,Applicant 3344,2026-07-13,9,Bachelors,Screening,72,82,In Progress,Austin,Engineering
APP-3345,Applicant 3345,2026-07-12,1,Masters,Final,85,99,Offer,New York,Product
APP-3346,Applicant 3346,2026-07-11,8,PhD,HR,98,75,Rejected,San Francisco,Marketing
APP-3347,Applicant 3347,2026-07-10,15,High School,Technical,70,92,In Progress,London,Sales
APP-3348,Applicant 3348,2026-07-09,7,Bachelors,Screening,83,68,In Progress,Remote,Engineering
APP-3349,Applicant 3349,2026-07-08,14,Masters,Final,96,85,In Progress,Austin,Product
APP-3350,Applicant 3350,2026-07-07,6,PhD,HR,68,61,Offer,New York,Marketing
APP-3351,Applicant 3351,2026-07-06,13,High School,Technical,81,78,Rejected,San Francisco,Sales
APP-3352,Applicant 3352,2026-07-05,5,Bachelors,Screening,94,95,In Progress,London,Engineering
APP-3353,Applicant 3353,2026-07-04,12,Masters,Final,66,71,In Progress,Remote,Product
APP-3354,Applicant 3354,2026-07-03,4,PhD,HR,79,88,In Progress,Austin,Marketing
APP-3355,Applicant 3355,2026-07-02,11,High School,Technical,92,64,Offer,New York,Sales
APP-3356,Applicant 3356,2026-07-01,3,Bachelors,Screening,64,81,Rejected,San Francisco,Engineering
APP-3357,Applicant 3357,2026-06-30,10,Masters,Final,77,98,In Progress,London,Product
APP-3358,Applicant 3358,2026-06-29,2,PhD,HR,90,74,In Progress,Remote,Marketing
APP-3359,Applicant 3359,2026-06-28,9,High School,Technical,62,91,In Progress,Austin,Sales
APP-3360,Applicant 3360,2026-06-27,1,Bachelors,Screening,75,67,Offer,New York,Engineering
APP-3361,Applicant 3361,2026-06-26,8,Masters,Final,88,84,Rejected,San Francisco,Product
APP-3362,Applicant 3362,2026-06-25,15,PhD,HR,60,60,In Progress,London,Marketing
APP-3363,Applicant 3363,2026-06-24,7,High School,Technical,73,77,In Progress,Remote,Sales
APP-3364,Applicant 3364,2026-06-23,14,Bachelors,Screening,86,94,In Progress,Austin,Engineering
APP-3365,Applicant 3365,2026-06-22,6,Masters,Final,99,70,Offer,New York,Product
APP-3366,Applicant 3366,2026-06-21,13,PhD,HR,71,87,Rejected,San Francisco,Marketing
APP-3367,Applicant 3367,2026-06-20,5,High School,Technical,84,63,In Progress,London,Sales
APP-3368,Applicant 3368,2026-06-19,12,Bachelors,Screening,97,80,In Progress,Remote,Engineering
APP-3369,Applicant 3369,2026-06-18,4,Masters,Final,69,97,In Progress,Austin,Product
APP-3370,Applicant 3370,2026-06-17,11,PhD,HR,82,73,Offer,New York,Marketing
APP-3371,Applicant 3371,2026-06-16,3,High School,Technical,95,90,Rejected,San Francisco,Sales
APP-3372,Applicant 3372,2026-06-15,10,Bachelors,Screening,67,66,In Progress,London,Engineering
APP-3373,Applicant 3373,2026-06-14,2,Masters,Final,80,83,In Progress,Remote,Product
APP-3374,Applicant 3374,2026-06-13,9,PhD,HR,93,100,In Progress,Austin,Marketing
APP-3375,Applicant 3375,2026-06-12,1,High School,Technical,65,76,Offer,New York,Sales
APP-3376,Applicant 3376,2026-06-11,8,Bachelors,Screening,78,93,Rejected,San Francisco,Engineering
APP-3377,Applicant 3377,2026-06-10,15,Masters,Final,91,69,In Progress,London,Product
APP-3378,Applicant 3378,2026-06-09,7,PhD,HR,63,86,In Progress,Remote,Marketing
APP-3379,Applicant 3379,2026-06-08,14,High School,Technical,76,62,In Progress,Austin,Sales
APP-3380,Applicant 3380,2026-06-07,6,Bachelors,Screening,89,79,Offer,New York,Engineering
APP-3381,Applicant 3381,2026-06-06,13,Masters,Final,61,96,Rejected,San Francisco,Product
APP-3382,Applicant 3382,2026-06-05,5,PhD,HR,74,72,In Progress,London,Marketing
APP-3383,Applicant 3383,2026-06-04,12,High School,Technical,87,89,In Progress,Remote,Sales
APP-3384,Applicant 3384,2026-06-03,4,Bachelors,Screening,100,65,In Progress,Austin,Engineering
APP-3385,Applicant 3385,2026-06-02,11,Masters,Final,72,82,Offer,New York,Product
APP-3386,Applicant 3386,2026-06-01,3,PhD,HR,85,99,Rejected,San Francisco,Marketing
APP-3387,Applicant 3387,2026-05-31,10,High School,Technical,98,75,In Progress,London,Sales
APP-3388,Applicant 3388,2026-05-30,2,Bachelors,Screening,70,92,In Progress,Remote,Engineering
APP-3389,Applicant 3389,2026-05-29,9,Masters,Final,83,68,In Progress,Austin,Product
APP-3390,Applicant 3390,2026-05-28,1,PhD,HR,96,85,Offer,New York,Marketing
APP-3391,Applicant 3391,2026-05-27,8,High School,Technical,68,61,Rejected,San Francisco,Sales
APP-3392,Applicant 3392,2026-05-26,15,Bachelors,Screening,81,78,In Progress,London,Engineering
APP-3393,Applicant 3393,2026-05-25,7,Masters,Final,94,95,In Progress,Remote,Product
APP-3394,Applicant 3394,2026-05-24,14,PhD,HR,66,71,In Progress,Austin,Marketing
APP-3395,Applicant 3395,2026-05-23,6,High School,Technical,79,88,Offer,New York,Sales
APP-3396,Applicant 3396,2026-05-22,13,Bachelors,Screening,92,64,Rejected,San Francisco,Engineering
APP-3397,Applicant 3397,2026-05-21,5,Masters,Final,64,81,In Progress,London,Product
APP-3398,Applicant 3398,2026-05-20,12,PhD,HR,77,98,In Progress,Remote,Marketing
APP-3399,Applicant 3399,2026-05-19,4,High School,Technical,90,74,In Progress,Austin,Sales
APP-3400,Applicant 3400,2026-05-18,11,Bachelors,Screening,62,91,Offer,New York,Engineering
APP-3401,Applicant 3401,2026-05-17,3,Masters,Final,75,67,Rejected,San Francisco,Product
APP-3402,Applicant 3402,2026-05-16,10,PhD,HR,88,84,In Progress,London,Marketing
APP-3403,Applicant 3403,2026-05-15,2,High School,Technical,60,60,In Progress,Remote,Sales
APP-3404,Applicant 3404,2026-05-14,9,Bachelors,Screening,73,77,In Progress,Austin,Engineering
APP-3405,Applicant 3405,2026-05-13,1,Masters,Final,86,94,Offer,New York,Product
APP-3406,Applicant 3406,2026-05-12,8,PhD,HR,99,70,Rejected,San Francisco,Marketing
APP-3407,Applicant 3407,2026-05-11,15,High School,Technical,71,87,In Progress,London,Sales
APP-3408,Applicant 3408,2026-05-10,7,Bachelors,Screening,84,63,In Progress,Remote,Engineering
APP-3409,Applicant 3409,2026-05-09,14,Masters,Final,97,80,In Progress,Austin,Product
APP-3410,Applicant 3410,2026-05-08,6,PhD,HR,69,97,Offer,New York,Marketing
APP-3411,Applicant 3411,2026-05-07,13,High School,Technical,82,73,Rejected,San Francisco,Sales
APP-3412,Applicant 3412,2026-05-06,5,Bachelors,Screening,95,90,In Progress,London,Engineering
APP-3413,Applicant 3413,2026-05-05,12,Masters,Final,67,66,In Progress,Remote,Product
APP-3414,Applicant 3414,2026-05-04,4,PhD,HR,80,83,In Progress,Austin,Marketing
APP-3415,Applicant 3415,2026-05-03,11,High School,Technical,93,100,Offer,New York,Sales
APP-3416,Applicant 3416,2026-05-02,3,Bachelors,Screening,65,76,Rejected,San Francisco,Engineering
APP-3417,Applicant 3417,2026-05-01,10,Masters,Final,78,93,In Progress,London,Product
APP-3418,Applicant 3418,2026-04-30,2,PhD,HR,91,69,In Progress,Remote,Marketing
APP-3419,Applicant 3419,2026-04-29,9,High School,Technical,63,86,In Progress,Austin,Sales
APP-3420,Applicant 3420,2026-04-28,1,Bachelors,Screening,76,62,Offer,New York,Engineering
APP-3421,Applicant 3421,2026-04-27,8,Masters,Final,89,79,Rejected,San Francisco,Product
APP-3422,Applicant 3422,2026-04-26,15,PhD,HR,61,96,In Progress,London,Marketing
APP-3423,Applicant 3423,2026-04-25,7,High School,Technical,74,72,In Progress,Remote,Sales
APP-3424,Applicant 3424,2026-04-24,14,Bachelors,Screening,87,89,In Progress,Austin,Engineering
APP-3425,Applicant 3425,2026-04-23,6,Masters,Final,100,65,Offer,New York,Product
APP-3426,Applicant 3426,2026-04-22,13,PhD,HR,72,82,Rejected,San Francisco,Marketing
APP-3427,Applicant 3427,2026-04-21,5,High School,Technical,85,99,In Progress,London,Sales
APP-3428,Applicant 3428,2026-04-20,12,Bachelors,Screening,98,75,In Progress,Remote,Engineering
APP-3429,Applicant 3429,2026-04-19,4,Masters,Final,70,92,In Progress,Austin,Product
APP-3430,Applicant 3430,2026-04-18,11,PhD,HR,83,68,Offer,New York,Marketing
APP-3431,Applicant 3431,2026-04-17,3,High School,Technical,96,85,Rejected,San Francisco,Sales
APP-3432,Applicant 3432,2026-04-16,10,Bachelors,Screening,68,61,In Progress,London,Engineering
APP-3433,Applicant 3433,2026-04-15,2,Masters,Final,81,78,In Progress,Remote,Product
APP-3434,Applicant 3434,2026-04-14,9,PhD,HR,94,95,In Progress,Austin,Marketing
APP-3435,Applicant 3435,2026-04-13,1,High School,Technical,66,71,Offer,New York,Sales
APP-3436,Applicant 3436,2026-04-12,8,Bachelors,Screening,79,88,Rejected,San Francisco,Engineering
APP-3437,Applicant 3437,2026-04-11,15,Masters,Final,92,64,In Progress,London,Product
APP-3438,Applicant 3438,2026-04-10,7,PhD,HR,64,81,In Progress,Remote,Marketing
APP-3439,Applicant 3439,2026-04-09,14,High School,Technical,77,98,In Progress,Austin,Sales
APP-3440,Applicant 3440,2026-04-08,6,Bachelors,Screening,90,74,Offer,New York,Engineering
APP-3441,Applicant 3441,2026-04-07,13,Masters,Final,62,91,Rejected,San Francisco,Product
APP-3442,Applicant 3442,2026-04-06,5,PhD,HR,75,67,In Progress,London,Marketing
APP-3443,Applicant 3443,2026-04-05,12,High School,Technical,88,84,In Progress,Remote,Sales
APP-3444,Applicant 3444,2026-04-04,4,Bachelors,Screening,60,60,In Progress,Austin,Engineering
APP-3445,Applicant 3445,2026-04-03,11,Masters,Final,73,77,Offer,New York,Product
APP-3446,Applicant 3446,2026-04-02,3,PhD,HR,86,94,Rejected,San Francisco,Marketing
APP-3447,Applicant 3447,2026-04-01,10,High School,Technical,99,70,In Progress,London,Sales
APP-3448,Applicant 3448,2026-03-31,2,Bachelors,Screening,71,87,In Progress,Remote,Engineering
APP-3449,Applicant 3449,2026-03-30,9,Masters,Final,84,63,In Progress,Austin,Product
APP-3450,Applicant 3450,2026-03-29,1,PhD,HR,97,80,Offer,New York,Marketing
APP-3451,Applicant 3451,2026-03-28,8,High School,Technical,69,97,Rejected,San Francisco,Sales
APP-3452,Applicant 3452,2026-03-27,15,Bachelors,Screening,82,73,In Progress,London,Engineering
APP-3453,Applicant 3453,2026-03-26,7,Masters,Final,95,90,In Progress,Remote,Product
APP-3454,Applicant 3454,2026-03-25,14,PhD,HR,67,66,In Progress,Austin,Marketing
APP-3455,Applicant 3455,2026-03-24,6,High School,Technical,80,83,Offer,New York,Sales
APP-3456,Applicant 3456,2026-03-23,13,Bachelors,Screening,93,100,Rejected,San Francisco,Engineering
APP-3457,Applicant 3457,2026-03-22,5,Masters,Final,65,76,In Progress,London,Product
APP-3458,Applicant 3458,2026-03-21,12,PhD,HR,78,93,In Progress,Remote,Marketing
APP-3459,Applicant 3459,2026-03-20,4,High School,Technical,91,69,In Progress,Austin,Sales
APP-3460,Applicant 3460,2026-03-19,11,Bachelors,Screening,63,86,Offer,New York,Engineering
APP-3461,Applicant 3461,2026-03-18,3,Masters,Final,76,62,Rejected,San Francisco,Product
APP-3462,Applicant 3462,2026-03-17,10,PhD,HR,89,79,In Progress,London,Marketing
APP-3463,Applicant 3463,2026-03-16,2,High School,Technical,61,96,In Progress,Remote,Sales
APP-3464,Applicant 3464,2026-03-15,9,Bachelors,Screening,74,72,In Progress,Austin,Engineering
APP-3465,Applicant 3465,2026-03-14,1,Masters,Final,87,89,Offer,New York,Product
APP-3466,Applicant 3466,2026-03-13,8,PhD,HR,100,65,Rejected,San Francisco,Marketing
APP-3467,Applicant 3467,2026-03-12,15,High School,Technical,72,82,In Progress,London,Sales
APP-3468,Applicant 3468,2026-03-11,7,Bachelors,Screening,85,99,In Progress,Remote,Engineering
APP-3469,Applicant 3469,2026-03-10,14,Masters,Final,98,75,In Progress,Austin,Product
APP-3470,Applicant 3470,2026-03-09,6,PhD,HR,70,92,Offer,New York,Marketing
APP-3471,Applicant 3471,2026-03-08,13,High School,Technical,83,68,Rejected,San Francisco,Sales
APP-3472,Applicant 3472,2026-03-07,5,Bachelors,Screening,96,85,In Progress,London,Engineering
APP-3473,Applicant 3473,2026-03-06,12,Masters,Final,68,61,In Progress,Remote,Product
APP-3474,Applicant 3474,2026-03-05,4,PhD,HR,81,78,In Progress,Austin,Marketing
APP-3475,Applicant 3475,2026-03-04,11,High School,Technical,94,95,Offer,New York,Sales
APP-3476,Applicant 3476,2026-03-03,3,Bachelors,Screening,66,71,Rejected,San Francisco,Engineering
APP-3477,Applicant 3477,2026-03-02,10,Masters,Final,79,88,In Progress,London,Product
APP-3478,Applicant 3478,2026-03-01,2,PhD,HR,92,64,In Progress,Remote,Marketing
APP-3479,Applicant 3479,2026-02-28,9,High School,Technical,64,81,In Progress,Austin,Sales
APP-3480,Applicant 3480,2026-02-27,1,Bachelors,Screening,77,98,Offer,New York,Engineering
APP-3481,Applicant 3481,2026-02-26,8,Masters,Final,90,74,Rejected,San Francisco,Product
APP-3482,Applicant 3482,2026-02-25,15,PhD,HR,62,91,In Progress,London,Marketing
APP-3483,Applicant 3483,2026-02-24,7,High School,Technical,75,67,In Progress,Remote,Sales
APP-3484,Applicant 3484,2026-02-23,14,Bachelors,Screening,88,84,In Progress,Austin,Engineering
APP-3485,Applicant 3485,2026-02-22,6,Masters,Final,60,60,Offer,New York,Product
APP-3486,Applicant 3486,2026-02-21,13,PhD,HR,73,77,Rejected,San Francisco,Marketing
APP-3487,Applicant 3487,2026-02-20,5,High School,Technical,86,94,In Progress,London,Sales
APP-3488,Applicant 3488,2026-02-19,12,Bachelors,Screening,99,70,In Progress,Remote,Engineering
APP-3489,Applicant 3489,2026-02-18,4,Masters,Final,71,87,In Progress,Austin,Product
APP-3490,Applicant 3490,2026-02-17,11,PhD,HR,84,63,Offer,New York,Marketing
APP-3491,Applicant 3491,2026-02-16,3,High School,Technical,97,80,Rejected,San Francisco,Sales
APP-3492,Applicant 3492,2026-02-15,10,Bachelors,Screening,69,97,In Progress,London,Engineering
APP-3493,Applicant 3493,2026-02-14,2,Masters,Final,82,73,In Progress,Remote,Product
APP-3494,Applicant 3494,2026-02-13,9,PhD,HR,95,90,In Progress,Austin,Marketing
APP-3495,Applicant 3495,2026-02-12,1,High School,Technical,67,66,Offer,New York,Sales
APP-3496,Applicant 3496,2026-02-11,8,Bachelors,Screening,80,83,Rejected,San Francisco,Engineering
APP-3497,Applicant 3497,2026-02-10,15,Masters,Final,93,100,In Progress,London,Product
APP-3498,Applicant 3498,2026-02-09,7,PhD,HR,65,76,In Progress,Remote,Marketing
APP-3499,Applicant 3499,2026-02-08,14,High School,Technical,78,93,In Progress,Austin,Sales
APP-3500,Applicant 3500,2026-02-07,6,Bachelors,Screening,91,69,Offer,New York,Engineering
APP-3501,Applicant 3501,2026-02-06,13,Masters,Final,63,86,Rejected,San Francisco,Product
APP-3502,Applicant 3502,2026-02-05,5,PhD,HR,76,62,In Progress,London,Marketing
APP-3503,Applicant 3503,2026-02-04,12,High School,Technical,89,79,In Progress,Remote,Sales
APP-3504,Applicant 3504,2026-02-03,4,Bachelors,Screening,61,96,In Progress,Austin,Engineering
APP-3505,Applicant 3505,2026-02-02,11,Masters,Final,74,72,Offer,New York,Product
APP-3506,Applicant 3506,2026-02-01,3,PhD,HR,87,89,Rejected,San Francisco,Marketing
APP-3507,Applicant 3507,2026-01-31,10,High School,Technical,100,65,In Progress,London,Sales
APP-3508,Applicant 3508,2026-01-30,2,Bachelors,Screening,72,82,In Progress,Remote,Engineering
APP-3509,Applicant 3509,2026-01-29,9,Masters,Final,85,99,In Progress,Austin,Product
APP-3510,Applicant 3510,2026-01-28,1,PhD,HR,98,75,Offer,New York,Marketing
APP-3511,Applicant 3511,2026-01-27,8,High School,Technical,70,92,Rejected,San Francisco,Sales
APP-3512,Applicant 3512,2026-01-26,15,Bachelors,Screening,83,68,In Progress,London,Engineering
APP-3513,Applicant 3513,2026-01-25,7,Masters,Final,96,85,In Progress,Remote,Product
APP-3514,Applicant 3514,2026-01-24,14,PhD,HR,68,61,In Progress,Austin,Marketing
APP-3515,Applicant 3515,2026-01-23,6,High School,Technical,81,78,Offer,New York,Sales
APP-3516,Applicant 3516,2026-01-22,13,Bachelors,Screening,94,95,Rejected,San Francisco,Engineering
APP-3517,Applicant 3517,2026-01-21,5,Masters,Final,66,71,In Progress,London,Product
APP-3518,Applicant 3518,2026-01-20,12,PhD,HR,79,88,In Progress,Remote,Marketing
APP-3519,Applicant 3519,2026-01-19,4,High School,Technical,92,64,In Progress,Austin,Sales
APP-3520,Applicant 3520,2026-01-18,11,Bachelors,Screening,64,81,Offer,New York,Engineering
APP-3521,Applicant 3521,2026-01-17,3,Masters,Final,77,98,Rejected,San Francisco,Product
APP-3522,Applicant 3522,2026-01-16,10,PhD,HR,90,74,In Progress,London,Marketing
APP-3523,Applicant 3523,2026-01-15,2,High School,Technical,62,91,In Progress,Remote,Sales
APP-3524,Applicant 3524,2026-01-14,9,Bachelors,Screening,75,67,In Progress,Austin,Engineering
APP-3525,Applicant 3525,2026-01-13,1,Masters,Final,88,84,Offer,New York,Product
APP-3526,Applicant 3526,2026-01-12,8,PhD,HR,60,60,Rejected,San Francisco,Marketing
APP-3527,Applicant 3527,2026-01-11,15,High School,Technical,73,77,In Progress,London,Sales
APP-3528,Applicant 3528,2026-01-10,7,Bachelors,Screening,86,94,In Progress,Remote,Engineering
APP-3529,Applicant 3529,2026-01-09,14,Masters,Final,99,70,In Progress,Austin,Product
APP-3530,Applicant 3530,2026-01-08,6,PhD,HR,71,87,Offer,New York,Marketing
APP-3531,Applicant 3531,2026-01-07,13,High School,Technical,84,63,Rejected,San Francisco,Sales
APP-3532,Applicant 3532,2026-01-06,5,Bachelors,Screening,97,80,In Progress,London,Engineering
APP-3533,Applicant 3533,2026-01-05,12,Masters,Final,69,97,In Progress,Remote,Product
APP-3534,Applicant 3534,2026-01-04,4,PhD,HR,82,73,In Progress,Austin,Marketing
APP-3535,Applicant 3535,2026-01-03,11,High School,Technical,95,90,Offer,New York,Sales
APP-3536,Applicant 3536,2026-01-02,3,Bachelors,Screening,67,66,Rejected,San Francisco,Engineering
APP-3537,Applicant 3537,2026-01-01,10,Masters,Final,80,83,In Progress,London,Product
APP-3538,Applicant 3538,2025-12-31,2,PhD,HR,93,100,In Progress,Remote,Marketing
APP-3539,Applicant 3539,2025-12-30,9,High School,Technical,65,76,In Progress,Austin,Sales
APP-3540,Applicant 3540,2025-12-29,1,Bachelors,Screening,78,93,Offer,New York,Engineering
APP-3541,Applicant 3541,2025-12-28,8,Masters,Final,91,69,Rejected,San Francisco,Product
APP-3542,Applicant 3542,2025-12-27,15,PhD,HR,63,86,In Progress,London,Marketing
APP-3543,Applicant 3543,2025-12-26,7,High School,Technical,76,62,In Progress,Remote,Sales
APP-3544,Applicant 3544,2025-12-25,14,Bachelors,Screening,89,79,In Progress,Austin,Engineering
APP-3545,Applicant 3545,2025-12-24,6,Masters,Final,61,96,Offer,New York,Product
APP-3546,Applicant 3546,2025-12-23,13,PhD,HR,74,72,Rejected,San Francisco,Marketing
APP-3547,Applicant 3547,2025-12-22,5,High School,Technical,87,89,In Progress,London,Sales
APP-3548,Applicant 3548,2025-12-21,12,Bachelors,Screening,100,65,In Progress,Remote,Engineering
APP-3549,Applicant 3549,2025-12-20,4,Masters,Final,72,82,In Progress,Austin,Product
APP-3550,Applicant 3550,2025-12-19,11,PhD,HR,85,99,Offer,New York,Marketing
APP-3551,Applicant 3551,2025-12-18,3,High School,Technical,98,75,Rejected,San Francisco,Sales
APP-3552,Applicant 3552,2025-12-17,10,Bachelors,Screening,70,92,In Progress,London,Engineering
APP-3553,Applicant 3553,2025-12-16,2,Masters,Final,83,68,In Progress,Remote,Product
APP-3554,Applicant 3554,2025-12-15,9,PhD,HR,96,85,In Progress,Austin,Marketing
APP-3555,Applicant 3555,2025-12-14,1,High School,Technical,68,61,Offer,New York,Sales
APP-3556,Applicant 3556,2025-12-13,8,Bachelors,Screening,81,78,Rejected,San Francisco,Engineering
APP-3557,Applicant 3557,2025-12-12,15,Masters,Final,94,95,In Progress,London,Product
APP-3558,Applicant 3558,2025-12-11,7,PhD,HR,66,71,In Progress,Remote,Marketing
APP-3559,Applicant 3559,2025-12-10,14,High School,Technical,79,88,In Progress,Austin,Sales
APP-3560,Applicant 3560,2025-12-09,6,Bachelors,Screening,92,64,Offer,New York,Engineering
APP-3561,Applicant 3561,2025-12-08,13,Masters,Final,64,81,Rejected,San Francisco,Product
APP-3562,Applicant 3562,2025-12-07,5,PhD,HR,77,98,In Progress,London,Marketing
APP-3563,Applicant 3563,2025-12-06,12,High School,Technical,90,74,In Progress,Remote,Sales
APP-3564,Applicant 3564,2025-12-05,4,Bachelors,Screening,62,91,In Progress,Austin,Engineering
APP-3565,Applicant 3565,2025-12-04,11,Masters,Final,75,67,Offer,New York,Product
APP-3566,Applicant 3566,2025-12-03,3,PhD,HR,88,84,Rejected,San Francisco,Marketing
APP-3567,Applicant 3567,2025-12-02,10,High School,Technical,60,60,In Progress,London,Sales
APP-3568,Applicant 3568,2025-12-01,2,Bachelors,Screening,73,77,In Progress,Remote,Engineering
APP-3569,Applicant 3569,2025-11-30,9,Masters,Final,86,94,In Progress,Austin,Product
APP-3570,Applicant 3570,2025-11-29,1,PhD,HR,99,70,Offer,New York,Marketing
APP-3571,Applicant 3571,2025-11-28,8,High School,Technical,71,87,Rejected,San Francisco,Sales
APP-3572,Applicant 3572,2025-11-27,15,Bachelors,Screening,84,63,In Progress,London,Engineering
APP-3573,Applicant 3573,2025-11-26,7,Masters,Final,97,80,In Progress,Remote,Product
APP-3574,Applicant 3574,2025-11-25,14,PhD,HR,69,97,In Progress,Austin,Marketing
APP-3575,Applicant 3575,2025-11-24,6,High School,Technical,82,73,Offer,New York,Sales
APP-3576,Applicant 3576,2025-11-23,13,Bachelors,Screening,95,90,Rejected,San Francisco,Engineering
APP-3577,Applicant 3577,2025-11-22,5,Masters,Final,67,66,In Progress,London,Product
APP-3578,Applicant 3578,2025-11-21,12,PhD,HR,80,83,In Progress,Remote,Marketing
APP-3579,Applicant 3579,2025-11-20,4,High School,Technical,93,100,In Progress,Austin,Sales
APP-3580,Applicant 3580,2025-11-19,11,Bachelors,Screening,65,76,Offer,New York,Engineering
APP-3581,Applicant 3581,2025-11-18,3,Masters,Final,78,93,Rejected,San Francisco,Product
APP-3582,Applicant 3582,2025-11-17,10,PhD,HR,91,69,In Progress,London,Marketing
APP-3583,Applicant 3583,2025-11-16,2,High School,Technical,63,86,In Progress,Remote,Sales
APP-3584,Applicant 3584,2025-11-15,9,Bachelors,Screening,76,62,In Progress,Austin,Engineering
APP-3585,Applicant 3585,2025-11-14,1,Masters,Final,89,79,Offer,New York,Product
APP-3586,Applicant 3586,2025-11-13,8,PhD,HR,61,96,Rejected,San Francisco,Marketing
APP-3587,Applicant 3587,2025-11-12,15,High School,Technical,74,72,In Progress,London,Sales
APP-3588,Applicant 3588,2025-11-11,7,Bachelors,Screening,87,89,In Progress,Remote,Engineering
APP-3589,Applicant 3589,2025-11-10,14,Masters,Final,100,65,In Progress,Austin,Product
APP-3590,Applicant 3590,2025-11-09,6,PhD,HR,72,82,Offer,New York,Marketing
APP-3591,Applicant 3591,2025-11-08,13,High School,Technical,85,99,Rejected,San Francisco,Sales
APP-3592,Applicant 3592,2025-11-07,5,Bachelors,Screening,98,75,In Progress,London,Engineering
APP-3593,Applicant 3593,2025-11-06,12,Masters,Final,70,92,In Progress,Remote,Product
APP-3594,Applicant 3594,2025-11-05,4,PhD,HR,83,68,In Progress,Austin,Marketing
APP-3595,Applicant 3595,2025-11-04,11,High School,Technical,96,85,Offer,New York,Sales
APP-3596,Applicant 3596,2025-11-03,3,Bachelors,Screening,68,61,Rejected,San Francisco,Engineering
APP-3597,Applicant 3597,2025-11-02,10,Masters,Final,81,78,In Progress,London,Product
APP-3598,Applicant 3598,2025-11-01,2,PhD,HR,94,95,In Progress,Remote,Marketing
APP-3599,Applicant 3599,2025-10-31,9,High School,Technical,66,71,In Progress,Austin,Sales
APP-3600,Applicant 3600,2025-10-30,1,Bachelors,Screening,79,88,Offer,New York,Engineering
APP-3601,Applicant 3601,2025-10-29,8,Masters,Final,92,64,Rejected,San Francisco,Product
APP-3602,Applicant 3602,2025-10-28,15,PhD,HR,64,81,In Progress,London,Marketing
APP-3603,Applicant 3603,2025-10-27,7,High School,Technical,77,98,In Progress,Remote,Sales
APP-3604,Applicant 3604,2025-10-26,14,Bachelors,Screening,90,74,In Progress,Austin,Engineering
APP-3605,Applicant 3605,2025-10-25,6,Masters,Final,62,91,Offer,New York,Product
APP-3606,Applicant 3606,2025-10-24,13,PhD,HR,75,67,Rejected,San Francisco,Marketing
APP-3607,Applicant 3607,2025-10-23,5,High School,Technical,88,84,In Progress,London,Sales
APP-3608,Applicant 3608,2025-10-22,12,Bachelors,Screening,60,60,In Progress,Remote,Engineering
APP-3609,Applicant 3609,2025-10-21,4,Masters,Final,73,77,In Progress,Austin,Product
APP-3610,Applicant 3610,2025-10-20,11,PhD,HR,86,94,Offer,New York,Marketing
APP-3611,Applicant 3611,2025-10-19,3,High School,Technical,99,70,Rejected,San Francisco,Sales
APP-3612,Applicant 3612,2025-10-18,10,Bachelors,Screening,71,87,In Progress,London,Engineering
APP-3613,Applicant 3613,2025-10-17,2,Masters,Final,84,63,In Progress,Remote,Product
APP-3614,Applicant 3614,2025-10-16,9,PhD,HR,97,80,In Progress,Austin,Marketing
APP-3615,Applicant 3615,2025-10-15,1,High School,Technical,69,97,Offer,New York,Sales
APP-3616,Applicant 3616,2025-10-14,8,Bachelors,Screening,82,73,Rejected,San Francisco,Engineering
APP-3617,Applicant 3617,2025-10-13,15,Masters,Final,95,90,In Progress,London,Product
APP-3618,Applicant 3618,2025-10-12,7,PhD,HR,67,66,In Progress,Remote,Marketing
APP-3619,Applicant 3619,2025-10-11,14,High School,Technical,80,83,In Progress,Austin,Sales
APP-3620,Applicant 3620,2025-10-10,6,Bachelors,Screening,93,100,Offer,New York,Engineering
APP-3621,Applicant 3621,2025-10-09,13,Masters,Final,65,76,Rejected,San Francisco,Product
APP-3622,Applicant 3622,2025-10-08,5,PhD,HR,78,93,In Progress,London,Marketing
APP-3623,Applicant 3623,2025-10-07,12,High School,Technical,91,69,In Progress,Remote,Sales
APP-3624,Applicant 3624,2025-10-06,4,Bachelors,Screening,63,86,In Progress,Austin,Engineering
APP-3625,Applicant 3625,2025-10-05,11,Masters,Final,76,62,Offer,New York,Product
APP-3626,Applicant 3626,2025-10-04,3,PhD,HR,89,79,Rejected,San Francisco,Marketing
APP-3627,Applicant 3627,2025-10-03,10,High School,Technical,61,96,In Progress,London,Sales
APP-3628,Applicant 3628,2025-10-02,2,Bachelors,Screening,74,72,In Progress,Remote,Engineering
APP-3629,Applicant 3629,2025-10-01,9,Masters,Final,87,89,In Progress,Austin,Product
APP-3630,Applicant 3630,2025-09-30,1,PhD,HR,100,65,Offer,New York,Marketing
APP-3631,Applicant 3631,2025-09-29,8,High School,Technical,72,82,Rejected,San Francisco,Sales
APP-3632,Applicant 3632,2025-09-28,15,Bachelors,Screening,85,99,In Progress,London,Engineering
APP-3633,Applicant 3633,2025-09-27,7,Masters,Final,98,75,In Progress,Remote,Product
APP-3634,Applicant 3634,2025-09-26,14,PhD,HR,70,92,In Progress,Austin,Marketing
APP-3635,Applicant 3635,2025-09-25,6,High School,Technical,83,68,Offer,New York,Sales
APP-3636,Applicant 3636,2025-09-24,13,Bachelors,Screening,96,85,Rejected,San Francisco,Engineering
APP-3637,Applicant 3637,2025-09-23,5,Masters,Final,68,61,In Progress,London,Product
APP-3638,Applicant 3638,2025-09-22,12,PhD,HR,81,78,In Progress,Remote,Marketing
APP-3639,Applicant 3639,2025-09-21,4,High School,Technical,94,95,In Progress,Austin,Sales
APP-3640,Applicant 3640,2025-09-20,11,Bachelors,Screening,66,71,Offer,New York,Engineering
APP-3641,Applicant 3641,2025-09-19,3,Masters,Final,79,88,Rejected,San Francisco,Product
APP-3642,Applicant 3642,2025-09-18,10,PhD,HR,92,64,In Progress,London,Marketing
APP-3643,Applicant 3643,2025-09-17,2,High School,Technical,64,81,In Progress,Remote,Sales
APP-3644,Applicant 3644,2025-09-16,9,Bachelors,Screening,77,98,In Progress,Austin,Engineering
APP-3645,Applicant 3645,2025-09-15,1,Masters,Final,90,74,Offer,New York,Product
APP-3646,Applicant 3646,2025-09-14,8,PhD,HR,62,91,Rejected,San Francisco,Marketing
APP-3647,Applicant 3647,2025-09-13,15,High School,Technical,75,67,In Progress,London,Sales
APP-3648,Applicant 3648,2025-09-12,7,Bachelors,Screening,88,84,In Progress,Remote,Engineering
APP-3649,Applicant 3649,2025-09-11,14,Masters,Final,60,60,In Progress,Austin,Product
APP-3650,Applicant 3650,2026-09-10,6,PhD,HR,73,77,Offer,New York,Marketing
APP-3651,Applicant 3651,2026-09-09,13,High School,Technical,86,94,Rejected,San Francisco,Sales
APP-3652,Applicant 3652,2026-09-08,5,Bachelors,Screening,99,70,In Progress,London,Engineering
APP-3653,Applicant 3653,2026-09-07,12,Masters,Final,71,87,In Progress,Remote,Product
APP-3654,Applicant 3654,2026-09-06,4,PhD,HR,84,63,In Progress,Austin,Marketing
APP-3655,Applicant 3655,2026-09-05,11,High School,Technical,97,80,Offer,New York,Sales
APP-3656,Applicant 3656,2026-09-04,3,Bachelors,Screening,69,97,Rejected,San Francisco,Engineering
APP-3657,Applicant 3657,2026-09-03,10,Masters,Final,82,73,In Progress,London,Product
APP-3658,Applicant 3658,2026-09-02,2,PhD,HR,95,90,In Progress,Remote,Marketing
APP-3659,Applicant 3659,2026-09-01,9,High School,Technical,67,66,In Progress,Austin,Sales
APP-3660,Applicant 3660,2026-08-31,1,Bachelors,Screening,80,83,Offer,New York,Engineering
APP-3661,Applicant 3661,2026-08-30,8,Masters,Final,93,100,Rejected,San Francisco,Product
APP-3662,Applicant 3662,2026-08-29,15,PhD,HR,65,76,In Progress,London,Marketing
APP-3663,Applicant 3663,2026-08-28,7,High School,Technical,78,93,In Progress,Remote,Sales
APP-3664,Applicant 3664,2026-08-27,14,Bachelors,Screening,91,69,In Progress,Austin,Engineering
APP-3665,Applicant 3665,2026-08-26,6,Masters,Final,63,86,Offer,New York,Product
APP-3666,Applicant 3666,2026-08-25,13,PhD,HR,76,62,Rejected,San Francisco,Marketing
APP-3667,Applicant 3667,2026-08-24,5,High School,Technical,89,79,In Progress,London,Sales
APP-3668,Applicant 3668,2026-08-23,12,Bachelors,Screening,61,96,In Progress,Remote,Engineering
APP-3669,Applicant 3669,2026-08-22,4,Masters,Final,74,72,In Progress,Austin,Product
APP-3670,Applicant 3670,2026-08-21,11,PhD,HR,87,89,Offer,New York,Marketing
APP-3671,Applicant 3671,2026-08-20,3,High School,Technical,100,65,Rejected,San Francisco,Sales
APP-3672,Applicant 3672,2026-08-19,10,Bachelors,Screening,72,82,In Progress,London,Engineering
APP-3673,Applicant 3673,2026-08-18,2,Masters,Final,85,99,In Progress,Remote,Product
APP-3674,Applicant 3674,2026-08-17,9,PhD,HR,98,75,In Progress,Austin,Marketing
APP-3675,Applicant 3675,2026-08-16,1,High School,Technical,70,92,Offer,New York,Sales
APP-3676,Applicant 3676,2026-08-15,8,Bachelors,Screening,83,68,Rejected,San Francisco,Engineering
APP-3677,Applicant 3677,2026-08-14,15,Masters,Final,96,85,In Progress,London,Product
APP-3678,Applicant 3678,2026-08-13,7,PhD,HR,68,61,In Progress,Remote,Marketing
APP-3679,Applicant 3679,2026-08-12,14,High School,Technical,81,78,In Progress,Austin,Sales
APP-3680,Applicant 3680,2026-08-11,6,Bachelors,Screening,94,95,Offer,New York,Engineering
APP-3681,Applicant 3681,2026-08-10,13,Masters,Final,66,71,Rejected,San Francisco,Product
APP-3682,Applicant 3682,2026-08-09,5,PhD,HR,79,88,In Progress,London,Marketing
APP-3683,Applicant 3683,2026-08-08,12,High School,Technical,92,64,In Progress,Remote,Sales
APP-3684,Applicant 3684,2026-08-07,4,Bachelors,Screening,64,81,In Progress,Austin,Engineering
APP-3685,Applicant 3685,2026-08-06,11,Masters,Final,77,98,Offer,New York,Product
APP-3686,Applicant 3686,2026-08-05,3,PhD,HR,90,74,Rejected,San Francisco,Marketing
APP-3687,Applicant 3687,2026-08-04,10,High School,Technical,62,91,In Progress,London,Sales
APP-3688,Applicant 3688,2026-08-03,2,Bachelors,Screening,75,67,In Progress,Remote,Engineering
APP-3689,Applicant 3689,2026-08-02,9,Masters,Final,88,84,In Progress,Austin,Product
APP-3690,Applicant 3690,2026-08-01,1,PhD,HR,60,60,Offer,New York,Marketing
APP-3691,Applicant 3691,2026-07-31,8,High School,Technical,73,77,Rejected,San Francisco,Sales
APP-3692,Applicant 3692,2026-07-30,15,Bachelors,Screening,86,94,In Progress,London,Engineering
APP-3693,Applicant 3693,2026-07-29,7,Masters,Final,99,70,In Progress,Remote,Product
APP-3694,Applicant 3694,2026-07-28,14,PhD,HR,71,87,In Progress,Austin,Marketing
APP-3695,Applicant 3695,2026-07-27,6,High School,Technical,84,63,Offer,New York,Sales
APP-3696,Applicant 3696,2026-07-26,13,Bachelors,Screening,97,80,Rejected,San Francisco,Engineering
APP-3697,Applicant 3697,2026-07-25,5,Masters,Final,69,97,In Progress,London,Product
APP-3698,Applicant 3698,2026-07-24,12,PhD,HR,82,73,In Progress,Remote,Marketing
APP-3699,Applicant 3699,2026-07-23,4,High School,Technical,95,90,In Progress,Austin,Sales
APP-3700,Applicant 3700,2026-07-22,11,Bachelors,Screening,67,66,Offer,New York,Engineering
APP-3701,Applicant 3701,2026-07-21,3,Masters,Final,80,83,Rejected,San Francisco,Product
APP-3702,Applicant 3702,2026-07-20,10,PhD,HR,93,100,In Progress,London,Marketing
APP-3703,Applicant 3703,2026-07-19,2,High School,Technical,65,76,In Progress,Remote,Sales
APP-3704,Applicant 3704,2026-07-18,9,Bachelors,Screening,78,93,In Progress,Austin,Engineering
APP-3705,Applicant 3705,2026-07-17,1,Masters,Final,91,69,Offer,New York,Product
APP-3706,Applicant 3706,2026-07-16,8,PhD,HR,63,86,Rejected,San Francisco,Marketing
APP-3707,Applicant 3707,2026-07-15,15,High School,Technical,76,62,In Progress,London,Sales
APP-3708,Applicant 3708,2026-07-14,7,Bachelors,Screening,89,79,In Progress,Remote,Engineering
APP-3709,Applicant 3709,2026-07-13,14,Masters,Final,61,96,In Progress,Austin,Product
APP-3710,Applicant 3710,2026-07-12,6,PhD,HR,74,72,Offer,New York,Marketing
APP-3711,Applicant 3711,2026-07-11,13,High School,Technical,87,89,Rejected,San Francisco,Sales
APP-3712,Applicant 3712,2026-07-10,5,Bachelors,Screening,100,65,In Progress,London,Engineering
APP-3713,Applicant 3713,2026-07-09,12,Masters,Final,72,82,In Progress,Remote,Product
APP-3714,Applicant 3714,2026-07-08,4,PhD,HR,85,99,In Progress,Austin,Marketing
APP-3715,Applicant 3715,2026-07-07,11,High School,Technical,98,75,Offer,New York,Sales
APP-3716,Applicant 3716,2026-07-06,3,Bachelors,Screening,70,92,Rejected,San Francisco,Engineering
APP-3717,Applicant 3717,2026-07-05,10,Masters,Final,83,68,In Progress,London,Product
APP-3718,Applicant 3718,2026-07-04,2,PhD,HR,96,85,In Progress,Remote,Marketing
APP-3719,Applicant 3719,2026-07-03,9,High School,Technical,68,61,In Progress,Austin,Sales
APP-3720,Applicant 3720,2026-07-02,1,Bachelors,Screening,81,78,Offer,New York,Engineering
APP-3721,Applicant 3721,2026-07-01,8,Masters,Final,94,95,Rejected,San Francisco,Product
APP-3722,Applicant 3722,2026-06-30,15,PhD,HR,66,71,In Progress,London,Marketing
APP-3723,Applicant 3723,2026-06-29,7,High School,Technical,79,88,In Progress,Remote,Sales
APP-3724,Applicant 3724,2026-06-28,14,Bachelors,Screening,92,64,In Progress,Austin,Engineering
APP-3725,Applicant 3725,2026-06-27,6,Masters,Final,64,81,Offer,New York,Product
APP-3726,Applicant 3726,2026-06-26,13,PhD,HR,77,98,Rejected,San Francisco,Marketing
APP-3727,Applicant 3727,2026-06-25,5,High School,Technical,90,74,In Progress,London,Sales
APP-3728,Applicant 3728,2026-06-24,12,Bachelors,Screening,62,91,In Progress,Remote,Engineering
APP-3729,Applicant 3729,2026-06-23,4,Masters,Final,75,67,In Progress,Austin,Product
APP-3730,Applicant 3730,2026-06-22,11,PhD,HR,88,84,Offer,New York,Marketing
APP-3731,Applicant 3731,2026-06-21,3,High School,Technical,60,60,Rejected,San Francisco,Sales
APP-3732,Applicant 3732,2026-06-20,10,Bachelors,Screening,73,77,In Progress,London,Engineering
APP-3733,Applicant 3733,2026-06-19,2,Masters,Final,86,94,In Progress,Remote,Product
APP-3734,Applicant 3734,2026-06-18,9,PhD,HR,99,70,In Progress,Austin,Marketing
APP-3735,Applicant 3735,2026-06-17,1,High School,Technical,71,87,Offer,New York,Sales
APP-3736,Applicant 3736,2026-06-16,8,Bachelors,Screening,84,63,Rejected,San Francisco,Engineering
APP-3737,Applicant 3737,2026-06-15,15,Masters,Final,97,80,In Progress,London,Product
APP-3738,Applicant 3738,2026-06-14,7,PhD,HR,69,97,In Progress,Remote,Marketing
APP-3739,Applicant 3739,2026-06-13,14,High School,Technical,82,73,In Progress,Austin,Sales
APP-3740,Applicant 3740,2026-06-12,6,Bachelors,Screening,95,90,Offer,New York,Engineering
APP-3741,Applicant 3741,2026-06-11,13,Masters,Final,67,66,Rejected,San Francisco,Product
APP-3742,Applicant 3742,2026-06-10,5,PhD,HR,80,83,In Progress,London,Marketing
APP-3743,Applicant 3743,2026-06-09,12,High School,Technical,93,100,In Progress,Remote,Sales
APP-3744,Applicant 3744,2026-06-08,4,Bachelors,Screening,65,76,In Progress,Austin,Engineering
APP-3745,Applicant 3745,2026-06-07,11,Masters,Final,78,93,Offer,New York,Product
APP-3746,Applicant 3746,2026-06-06,3,PhD,HR,91,69,Rejected,San Francisco,Marketing
APP-3747,Applicant 3747,2026-06-05,10,High School,Technical,63,86,In Progress,London,Sales
APP-3748,Applicant 3748,2026-06-04,2,Bachelors,Screening,76,62,In Progress,Remote,Engineering
APP-3749,Applicant 3749,2026-06-03,9,Masters,Final,89,79,In Progress,Austin,Product
APP-3750,Applicant 3750,2026-06-02,1,PhD,HR,61,96,Offer,New York,Marketing
APP-3751,Applicant 3751,2026-06-01,8,High School,Technical,74,72,Rejected,San Francisco,Sales
APP-3752,Applicant 3752,2026-05-31,15,Bachelors,Screening,87,89,In Progress,London,Engineering
APP-3753,Applicant 3753,2026-05-30,7,Masters,Final,100,65,In Progress,Remote,Product
APP-3754,Applicant 3754,2026-05-29,14,PhD,HR,72,82,In Progress,Austin,Marketing
APP-3755,Applicant 3755,2026-05-28,6,High School,Technical,85,99,Offer,New York,Sales
APP-3756,Applicant 3756,2026-05-27,13,Bachelors,Screening,98,75,Rejected,San Francisco,Engineering
APP-3757,Applicant 3757,2026-05-26,5,Masters,Final,70,92,In Progress,London,Product
APP-3758,Applicant 3758,2026-05-25,12,PhD,HR,83,68,In Progress,Remote,Marketing
APP-3759,Applicant 3759,2026-05-24,4,High School,Technical,96,85,In Progress,Austin,Sales
APP-3760,Applicant 3760,2026-05-23,11,Bachelors,Screening,68,61,Offer,New York,Engineering
APP-3761,Applicant 3761,2026-05-22,3,Masters,Final,81,78,Rejected,San Francisco,Product
APP-3762,Applicant 3762,2026-05-21,10,PhD,HR,94,95,In Progress,London,Marketing
APP-3763,Applicant 3763,2026-05-20,2,High School,Technical,66,71,In Progress,Remote,Sales
APP-3764,Applicant 3764,2026-05-19,9,Bachelors,Screening,79,88,In Progress,Austin,Engineering
APP-3765,Applicant 3765,2026-05-18,1,Masters,Final,92,64,Offer,New York,Product
APP-3766,Applicant 3766,2026-05-17,8,PhD,HR,64,81,Rejected,San Francisco,Marketing
APP-3767,Applicant 3767,2026-05-16,15,High School,Technical,77,98,In Progress,London,Sales
APP-3768,Applicant 3768,2026-05-15,7,Bachelors,Screening,90,74,In Progress,Remote,Engineering
APP-3769,Applicant 3769,2026-05-14,14,Masters,Final,62,91,In Progress,Austin,Product
APP-3770,Applicant 3770,2026-05-13,6,PhD,HR,75,67,Offer,New York,Marketing
APP-3771,Applicant 3771,2026-05-12,13,High School,Technical,88,84,Rejected,San Francisco,Sales
APP-3772,Applicant 3772,2026-05-11,5,Bachelors,Screening,60,60,In Progress,London,Engineering
APP-3773,Applicant 3773,2026-05-10,12,Masters,Final,73,77,In Progress,Remote,Product
APP-3774,Applicant 3774,2026-05-09,4,PhD,HR,86,94,In Progress,Austin,Marketing
APP-3775,Applicant 3775,2026-05-08,11,High School,Technical,99,70,Offer,New York,Sales
APP-3776,Applicant 3776,2026-05-07,3,Bachelors,Screening,71,87,Rejected,San Francisco,Engineering
APP-3777,Applicant 3777,2026-05-06,10,Masters,Final,84,63,In Progress,London,Product
APP-3778,Applicant 3778,2026-05-05,2,PhD,HR,97,80,In Progress,Remote,Marketing
APP-3779,Applicant 3779,2026-05-04,9,High School,Technical,69,97,In Progress,Austin,Sales
APP-3780,Applicant 3780,2026-05-03,1,Bachelors,Screening,82,73,Offer,New York,Engineering
APP-3781,Applicant 3781,2026-05-02,8,Masters,Final,95,90,Rejected,San Francisco,Product
APP-3782,Applicant 3782,2026-05-01,15,PhD,HR,67,66,In Progress,London,Marketing
APP-3783,Applicant 3783,2026-04-30,7,High School,Technical,80,83,In Progress,Remote,Sales
APP-3784,Applicant 3784,2026-04-29,14,Bachelors,Screening,93,100,In Progress,Austin,Engineering
APP-3785,Applicant 3785,2026-04-28,6,Masters,Final,65,76,Offer,New York,Product
APP-3786,Applicant 3786,2026-04-27,13,PhD,HR,78,93,Rejected,San Francisco,Marketing
APP-3787,Applicant 3787,2026-04-26,5,High School,Technical,91,69,In Progress,London,Sales
APP-3788,Applicant 3788,2026-04-25,12,Bachelors,Screening,63,86,In Progress,Remote,Engineering
APP-3789,Applicant 3789,2026-04-24,4,Masters,Final,76,62,In Progress,Austin,Product
APP-3790,Applicant 3790,2026-04-23,11,PhD,HR,89,79,Offer,New York,Marketing
APP-3791,Applicant 3791,2026-04-22,3,High School,Technical,61,96,Rejected,San Francisco,Sales
APP-3792,Applicant 3792,2026-04-21,10,Bachelors,Screening,74,72,In Progress,London,Engineering
APP-3793,Applicant 3793,2026-04-20,2,Masters,Final,87,89,In Progress,Remote,Product
APP-3794,Applicant 3794,2026-04-19,9,PhD,HR,100,65,In Progress,Austin,Marketing
APP-3795,Applicant 3795,2026-04-18,1,High School,Technical,72,82,Offer,New York,Sales
APP-3796,Applicant 3796,2026-04-17,8,Bachelors,Screening,85,99,Rejected,San Francisco,Engineering
APP-3797,Applicant 3797,2026-04-16,15,Masters,Final,98,75,In Progress,London,Product
APP-3798,Applicant 3798,2026-04-15,7,PhD,HR,70,92,In Progress,Remote,Marketing
APP-3799,Applicant 3799,2026-04-14,14,High School,Technical,83,68,In Progress,Austin,Sales
APP-3800,Applicant 3800,2026-04-13,6,Bachelors,Screening,96,85,Offer,New York,Engineering
APP-3801,Applicant 3801,2026-04-12,13,Masters,Final,68,61,Rejected,San Francisco,Product
APP-3802,Applicant 3802,2026-04-11,5,PhD,HR,81,78,In Progress,London,Marketing
APP-3803,Applicant 3803,2026-04-10,12,High School,Technical,94,95,In Progress,Remote,Sales
APP-3804,Applicant 3804,2026-04-09,4,Bachelors,Screening,66,71,In Progress,Austin,Engineering
APP-3805,Applicant 3805,2026-04-08,11,Masters,Final,79,88,Offer,New York,Product
APP-3806,Applicant 3806,2026-04-07,3,PhD,HR,92,64,Rejected,San Francisco,Marketing
APP-3807,Applicant 3807,2026-04-06,10,High School,Technical,64,81,In Progress,London,Sales
APP-3808,Applicant 3808,2026-04-05,2,Bachelors,Screening,77,98,In Progress,Remote,Engineering
APP-3809,Applicant 3809,2026-04-04,9,Masters,Final,90,74,In Progress,Austin,Product
APP-3810,Applicant 3810,2026-04-03,1,PhD,HR,62,91,Offer,New York,Marketing
APP-3811,Applicant 3811,2026-04-02,8,High School,Technical,75,67,Rejected,San Francisco,Sales
APP-3812,Applicant 3812,2026-04-01,15,Bachelors,Screening,88,84,In Progress,London,Engineering
APP-3813,Applicant 3813,2026-03-31,7,Masters,Final,60,60,In Progress,Remote,Product
APP-3814,Applicant 3814,2026-03-30,14,PhD,HR,73,77,In Progress,Austin,Marketing
APP-3815,Applicant 3815,2026-03-29,6,High School,Technical,86,94,Offer,New York,Sales
APP-3816,Applicant 3816,2026-03-28,13,Bachelors,Screening,99,70,Rejected,San Francisco,Engineering
APP-3817,Applicant 3817,2026-03-27,5,Masters,Final,71,87,In Progress,London,Product
APP-3818,Applicant 3818,2026-03-26,12,PhD,HR,84,63,In Progress,Remote,Marketing
APP-3819,Applicant 3819,2026-03-25,4,High School,Technical,97,80,In Progress,Austin,Sales
APP-3820,Applicant 3820,2026-03-24,11,Bachelors,Screening,69,97,Offer,New York,Engineering
APP-3821,Applicant 3821,2026-03-23,3,Masters,Final,82,73,Rejected,San Francisco,Product
APP-3822,Applicant 3822,2026-03-22,10,PhD,HR,95,90,In Progress,London,Marketing
APP-3823,Applicant 3823,2026-03-21,2,High School,Technical,67,66,In Progress,Remote,Sales
APP-3824,Applicant 3824,2026-03-20,9,Bachelors,Screening,80,83,In Progress,Austin,Engineering
APP-3825,Applicant 3825,2026-03-19,1,Masters,Final,93,100,Offer,New York,Product
APP-3826,Applicant 3826,2026-03-18,8,PhD,HR,65,76,Rejected,San Francisco,Marketing
APP-3827,Applicant 3827,2026-03-17,15,High School,Technical,78,93,In Progress,London,Sales
APP-3828,Applicant 3828,2026-03-16,7,Bachelors,Screening,91,69,In Progress,Remote,Engineering
APP-3829,Applicant 3829,2026-03-15,14,Masters,Final,63,86,In Progress,Austin,Product
APP-3830,Applicant 3830,2026-03-14,6,PhD,HR,76,62,Offer,New York,Marketing
APP-3831,Applicant 3831,2026-03-13,13,High School,Technical,89,79,Rejected,San Francisco,Sales
APP-3832,Applicant 3832,2026-03-12,5,Bachelors,Screening,61,96,In Progress,London,Engineering
APP-3833,Applicant 3833,2026-03-11,12,Masters,Final,74,72,In Progress,Remote,Product
APP-3834,Applicant 3834,2026-03-10,4,PhD,HR,87,89,In Progress,Austin,Marketing
APP-3835,Applicant 3835,2026-03-09,11,High School,Technical,100,65,Offer,New York,Sales
APP-3836,Applicant 3836,2026-03-08,3,Bachelors,Screening,72,82,Rejected,San Francisco,Engineering
APP-3837,Applicant 3837,2026-03-07,10,Masters,Final,85,99,In Progress,London,Product
APP-3838,Applicant 3838,2026-03-06,2,PhD,HR,98,75,In Progress,Remote,Marketing
APP-3839,Applicant 3839,2026-03-05,9,High School,Technical,70,92,In Progress,Austin,Sales
APP-3840,Applicant 3840,2026-03-04,1,Bachelors,Screening,83,68,Offer,New York,Engineering
APP-3841,Applicant 3841,2026-03-03,8,Masters,Final,96,85,Rejected,San Francisco,Product
APP-3842,Applicant 3842,2026-03-02,15,PhD,HR,68,61,In Progress,London,Marketing
APP-3843,Applicant 3843,2026-03-01,7,High School,Technical,81,78,In Progress,Remote,Sales
APP-3844,Applicant 3844,2026-02-28,14,Bachelors,Screening,94,95,In Progress,Austin,Engineering
APP-3845,Applicant 3845,2026-02-27,6,Masters,Final,66,71,Offer,New York,Product
APP-3846,Applicant 3846,2026-02-26,13,PhD,HR,79,88,Rejected,San Francisco,Marketing
APP-3847,Applicant 3847,2026-02-25,5,High School,Technical,92,64,In Progress,London,Sales
APP-3848,Applicant 3848,2026-02-24,12,Bachelors,Screening,64,81,In Progress,Remote,Engineering
APP-3849,Applicant 3849,2026-02-23,4,Masters,Final,77,98,In Progress,Austin,Product
APP-3850,Applicant 3850,2026-02-22,11,PhD,HR,90,74,Offer,New York,Marketing
APP-3851,Applicant 3851,2026-02-21,3,High School,Technical,62,91,Rejected,San Francisco,Sales
APP-3852,Applicant 3852,2026-02-20,10,Bachelors,Screening,75,67,In Progress,London,Engineering
APP-3853,Applicant 3853,2026-02-19,2,Masters,Final,88,84,In Progress,Remote,Product
APP-3854,Applicant 3854,2026-02-18,9,PhD,HR,60,60,In Progress,Austin,Marketing
APP-3855,Applicant 3855,2026-02-17,1,High School,Technical,73,77,Offer,New York,Sales
APP-3856,Applicant 3856,2026-02-16,8,Bachelors,Screening,86,94,Rejected,San Francisco,Engineering
APP-3857,Applicant 3857,2026-02-15,15,Masters,Final,99,70,In Progress,London,Product
APP-3858,Applicant 3858,2026-02-14,7,PhD,HR,71,87,In Progress,Remote,Marketing
APP-3859,Applicant 3859,2026-02-13,14,High School,Technical,84,63,In Progress,Austin,Sales
APP-3860,Applicant 3860,2026-02-12,6,Bachelors,Screening,97,80,Offer,New York,Engineering
APP-3861,Applicant 3861,2026-02-11,13,Masters,Final,69,97,Rejected,San Francisco,Product
APP-3862,Applicant 3862,2026-02-10,5,PhD,HR,82,73,In Progress,London,Marketing
APP-3863,Applicant 3863,2026-02-09,12,High School,Technical,95,90,In Progress,Remote,Sales
APP-3864,Applicant 3864,2026-02-08,4,Bachelors,Screening,67,66,In Progress,Austin,Engineering
APP-3865,Applicant 3865,2026-02-07,11,Masters,Final,80,83,Offer,New York,Product
APP-3866,Applicant 3866,2026-02-06,3,PhD,HR,93,100,Rejected,San Francisco,Marketing
APP-3867,Applicant 3867,2026-02-05,10,High School,Technical,65,76,In Progress,London,Sales
APP-3868,Applicant 3868,2026-02-04,2,Bachelors,Screening,78,93,In Progress,Remote,Engineering
APP-3869,Applicant 3869,2026-02-03,9,Masters,Final,91,69,In Progress,Austin,Product
APP-3870,Applicant 3870,2026-02-02,1,PhD,HR,63,86,Offer,New York,Marketing
APP-3871,Applicant 3871,2026-02-01,8,High School,Technical,76,62,Rejected,San Francisco,Sales
APP-3872,Applicant 3872,2026-01-31,15,Bachelors,Screening,89,79,In Progress,London,Engineering
APP-3873,Applicant 3873,2026-01-30,7,Masters,Final,61,96,In Progress,Remote,Product
APP-3874,Applicant 3874,2026-01-29,14,PhD,HR,74,72,In Progress,Austin,Marketing
APP-3875,Applicant 3875,2026-01-28,6,High School,Technical,87,89,Offer,New York,Sales
APP-3876,Applicant 3876,2026-01-27,13,Bachelors,Screening,100,65,Rejected,San Francisco,Engineering
APP-3877,Applicant 3877,2026-01-26,5,Masters,Final,72,82,In Progress,London,Product
APP-3878,Applicant 3878,2026-01-25,12,PhD,HR,85,99,In Progress,Remote,Marketing
APP-3879,Applicant 3879,2026-01-24,4,High School,Technical,98,75,In Progress,Austin,Sales
APP-3880,Applicant 3880,2026-01-23,11,Bachelors,Screening,70,92,Offer,New York,Engineering
APP-3881,Applicant 3881,2026-01-22,3,Masters,Final,83,68,Rejected,San Francisco,Product
APP-3882,Applicant 3882,2026-01-21,10,PhD,HR,96,85,In Progress,London,Marketing
APP-3883,Applicant 3883,2026-01-20,2,High School,Technical,68,61,In Progress,Remote,Sales
APP-3884,Applicant 3884,2026-01-19,9,Bachelors,Screening,81,78,In Progress,Austin,Engineering
APP-3885,Applicant 3885,2026-01-18,1,Masters,Final,94,95,Offer,New York,Product
APP-3886,Applicant 3886,2026-01-17,8,PhD,HR,66,71,Rejected,San Francisco,Marketing
APP-3887,Applicant 3887,2026-01-16,15,High School,Technical,79,88,In Progress,London,Sales
APP-3888,Applicant 3888,2026-01-15,7,Bachelors,Screening,92,64,In Progress,Remote,Engineering
APP-3889,Applicant 3889,2026-01-14,14,Masters,Final,64,81,In Progress,Austin,Product
APP-3890,Applicant 3890,2026-01-13,6,PhD,HR,77,98,Offer,New York,Marketing
APP-3891,Applicant 3891,2026-01-12,13,High School,Technical,90,74,Rejected,San Francisco,Sales
APP-3892,Applicant 3892,2026-01-11,5,Bachelors,Screening,62,91,In Progress,London,Engineering
APP-3893,Applicant 3893,2026-01-10,12,Masters,Final,75,67,In Progress,Remote,Product
APP-3894,Applicant 3894,2026-01-09,4,PhD,HR,88,84,In Progress,Austin,Marketing
APP-3895,Applicant 3895,2026-01-08,11,High School,Technical,60,60,Offer,New York,Sales
APP-3896,Applicant 3896,2026-01-07,3,Bachelors,Screening,73,77,Rejected,San Francisco,Engineering
APP-3897,Applicant 3897,2026-01-06,10,Masters,Final,86,94,In Progress,London,Product
APP-3898,Applicant 3898,2026-01-05,2,PhD,HR,99,70,In Progress,Remote,Marketing
APP-3899,Applicant 3899,2026-01-04,9,High School,Technical,71,87,In Progress,Austin,Sales
APP-3900,Applicant 3900,2026-01-03,1,Bachelors,Screening,84,63,Offer,New York,Engineering
APP-3901,Applicant 3901,2026-01-02,8,Masters,Final,97,80,Rejected,San Francisco,Product
APP-3902,Applicant 3902,2026-01-01,15,PhD,HR,69,97,In Progress,London,Marketing
APP-3903,Applicant 3903,2025-12-31,7,High School,Technical,82,73,In Progress,Remote,Sales
APP-3904,Applicant 3904,2025-12-30,14,Bachelors,Screening,95,90,In Progress,Austin,Engineering
APP-3905,Applicant 3905,2025-12-29,6,Masters,Final,67,66,Offer,New York,Product
APP-3906,Applicant 3906,2025-12-28,13,PhD,HR,80,83,Rejected,San Francisco,Marketing
APP-3907,Applicant 3907,2025-12-27,5,High School,Technical,93,100,In Progress,London,Sales
APP-3908,Applicant 3908,2025-12-26,12,Bachelors,Screening,65,76,In Progress,Remote,Engineering
APP-3909,Applicant 3909,2025-12-25,4,Masters,Final,78,93,In Progress,Austin,Product
APP-3910,Applicant 3910,2025-12-24,11,PhD,HR,91,69,Offer,New York,Marketing
APP-3911,Applicant 3911,2025-12-23,3,High School,Technical,63,86,Rejected,San Francisco,Sales
APP-3912,Applicant 3912,2025-12-22,10,Bachelors,Screening,76,62,In Progress,London,Engineering
APP-3913,Applicant 3913,2025-12-21,2,Masters,Final,89,79,In Progress,Remote,Product
APP-3914,Applicant 3914,2025-12-20,9,PhD,HR,61,96,In Progress,Austin,Marketing
APP-3915,Applicant 3915,2025-12-19,1,High School,Technical,74,72,Offer,New York,Sales
APP-3916,Applicant 3916,2025-12-18,8,Bachelors,Screening,87,89,Rejected,San Francisco,Engineering
APP-3917,Applicant 3917,2025-12-17,15,Masters,Final,100,65,In Progress,London,Product
APP-3918,Applicant 3918,2025-12-16,7,PhD,HR,72,82,In Progress,Remote,Marketing
APP-3919,Applicant 3919,2025-12-15,14,High School,Technical,85,99,In Progress,Austin,Sales
APP-3920,Applicant 3920,2025-12-14,6,Bachelors,Screening,98,75,Offer,New York,Engineering
APP-3921,Applicant 3921,2025-12-13,13,Masters,Final,70,92,Rejected,San Francisco,Product
APP-3922,Applicant 3922,2025-12-12,5,PhD,HR,83,68,In Progress,London,Marketing
APP-3923,Applicant 3923,2025-12-11,12,High School,Technical,96,85,In Progress,Remote,Sales
APP-3924,Applicant 3924,2025-12-10,4,Bachelors,Screening,68,61,In Progress,Austin,Engineering
APP-3925,Applicant 3925,2025-12-09,11,Masters,Final,81,78,Offer,New York,Product
APP-3926,Applicant 3926,2025-12-08,3,PhD,HR,94,95,Rejected,San Francisco,Marketing
APP-3927,Applicant 3927,2025-12-07,10,High School,Technical,66,71,In Progress,London,Sales
APP-3928,Applicant 3928,2025-12-06,2,Bachelors,Screening,79,88,In Progress,Remote,Engineering
APP-3929,Applicant 3929,2025-12-05,9,Masters,Final,92,64,In Progress,Austin,Product
APP-3930,Applicant 3930,2025-12-04,1,PhD,HR,64,81,Offer,New York,Marketing
APP-3931,Applicant 3931,2025-12-03,8,High School,Technical,77,98,Rejected,San Francisco,Sales
APP-3932,Applicant 3932,2025-12-02,15,Bachelors,Screening,90,74,In Progress,London,Engineering
APP-3933,Applicant 3933,2025-12-01,7,Masters,Final,62,91,In Progress,Remote,Product
APP-3934,Applicant 3934,2025-11-30,14,PhD,HR,75,67,In Progress,Austin,Marketing
APP-3935,Applicant 3935,2025-11-29,6,High School,Technical,88,84,Offer,New York,Sales
APP-3936,Applicant 3936,2025-11-28,13,Bachelors,Screening,60,60,Rejected,San Francisco,Engineering
APP-3937,Applicant 3937,2025-11-27,5,Masters,Final,73,77,In Progress,London,Product
APP-3938,Applicant 3938,2025-11-26,12,PhD,HR,86,94,In Progress,Remote,Marketing
APP-3939,Applicant 3939,2025-11-25,4,High School,Technical,99,70,In Progress,Austin,Sales
APP-3940,Applicant 3940,2025-11-24,11,Bachelors,Screening,71,87,Offer,New York,Engineering
APP-3941,Applicant 3941,2025-11-23,3,Masters,Final,84,63,Rejected,San Francisco,Product
APP-3942,Applicant 3942,2025-11-22,10,PhD,HR,97,80,In Progress,London,Marketing
APP-3943,Applicant 3943,2025-11-21,2,High School,Technical,69,97,In Progress,Remote,Sales
APP-3944,Applicant 3944,2025-11-20,9,Bachelors,Screening,82,73,In Progress,Austin,Engineering
APP-3945,Applicant 3945,2025-11-19,1,Masters,Final,95,90,Offer,New York,Product
APP-3946,Applicant 3946,2025-11-18,8,PhD,HR,67,66,Rejected,San Francisco,Marketing
APP-3947,Applicant 3947,2025-11-17,15,High School,Technical,80,83,In Progress,London,Sales
APP-3948,Applicant 3948,2025-11-16,7,Bachelors,Screening,93,100,In Progress,Remote,Engineering
APP-3949,Applicant 3949,2025-11-15,14,Masters,Final,65,76,In Progress,Austin,Product
APP-3950,Applicant 3950,2025-11-14,6,PhD,HR,78,93,Offer,New York,Marketing
APP-3951,Applicant 3951,2025-11-13,13,High School,Technical,91,69,Rejected,San Francisco,Sales
APP-3952,Applicant 3952,2025-11-12,5,Bachelors,Screening,63,86,In Progress,London,Engineering
APP-3953,Applicant 3953,2025-11-11,12,Masters,Final,76,62,In Progress,Remote,Product
APP-3954,Applicant 3954,2025-11-10,4,PhD,HR,89,79,In Progress,Austin,Marketing
APP-3955,Applicant 3955,2025-11-09,11,High School,Technical,61,96,Offer,New York,Sales
APP-3956,Applicant 3956,2025-11-08,3,Bachelors,Screening,74,72,Rejected,San Francisco,Engineering
APP-3957,Applicant 3957,2025-11-07,10,Masters,Final,87,89,In Progress,London,Product
APP-3958,Applicant 3958,2025-11-06,2,PhD,HR,100,65,In Progress,Remote,Marketing
APP-3959,Applicant 3959,2025-11-05,9,High School,Technical,72,82,In Progress,Austin,Sales
APP-3960,Applicant 3960,2025-11-04,1,Bachelors,Screening,85,99,Offer,New York,Engineering
APP-3961,Applicant 3961,2025-11-03,8,Masters,Final,98,75,Rejected,San Francisco,Product
APP-3962,Applicant 3962,2025-11-02,15,PhD,HR,70,92,In Progress,London,Marketing
APP-3963,Applicant 3963,2025-11-01,7,High School,Technical,83,68,In Progress,Remote,Sales
APP-3964,Applicant 3964,2025-10-31,14,Bachelors,Screening,96,85,In Progress,Austin,Engineering
APP-3965,Applicant 3965,2025-10-30,6,Masters,Final,68,61,Offer,New York,Product
APP-3966,Applicant 3966,2025-10-29,13,PhD,HR,81,78,Rejected,San Francisco,Marketing
APP-3967,Applicant 3967,2025-10-28,5,High School,Technical,94,95,In Progress,London,Sales
APP-3968,Applicant 3968,2025-10-27,12,Bachelors,Screening,66,71,In Progress,Remote,Engineering
APP-3969,Applicant 3969,2025-10-26,4,Masters,Final,79,88,In Progress,Austin,Product
APP-3970,Applicant 3970,2025-10-25,11,PhD,HR,92,64,Offer,New York,Marketing
APP-3971,Applicant 3971,2025-10-24,3,High School,Technical,64,81,Rejected,San Francisco,Sales
APP-3972,Applicant 3972,2025-10-23,10,Bachelors,Screening,77,98,In Progress,London,Engineering
APP-3973,Applicant 3973,2025-10-22,2,Masters,Final,90,74,In Progress,Remote,Product
APP-3974,Applicant 3974,2025-10-21,9,PhD,HR,62,91,In Progress,Austin,Marketing
APP-3975,Applicant 3975,2025-10-20,1,High School,Technical,75,67,Offer,New York,Sales
APP-3976,Applicant 3976,2025-10-19,8,Bachelors,Screening,88,84,Rejected,San Francisco,Engineering
APP-3977,Applicant 3977,2025-10-18,15,Masters,Final,60,60,In Progress,London,Product
APP-3978,Applicant 3978,2025-10-17,7,PhD,HR,73,77,In Progress,Remote,Marketing
APP-3979,Applicant 3979,2025-10-16,14,High School,Technical,86,94,In Progress,Austin,Sales
APP-3980,Applicant 3980,2025-10-15,6,Bachelors,Screening,99,70,Offer,New York,Engineering
APP-3981,Applicant 3981,2025-10-14,13,Masters,Final,71,87,Rejected,San Francisco,Product
APP-3982,Applicant 3982,2025-10-13,5,PhD,HR,84,63,In Progress,London,Marketing
APP-3983,Applicant 3983,2025-10-12,12,High School,Technical,97,80,In Progress,Remote,Sales
APP-3984,Applicant 3984,2025-10-11,4,Bachelors,Screening,69,97,In Progress,Austin,Engineering
APP-3985,Applicant 3985,2025-10-10,11,Masters,Final,82,73,Offer,New York,Product
APP-3986,Applicant 3986,2025-10-09,3,PhD,HR,95,90,Rejected,San Francisco,Marketing
APP-3987,Applicant 3987,2025-10-08,10,High School,Technical,67,66,In Progress,London,Sales
APP-3988,Applicant 3988,2025-10-07,2,Bachelors,Screening,80,83,In Progress,Remote,Engineering
APP-3989,Applicant 3989,2025-10-06,9,Masters,Final,93,100,In Progress,Austin,Product
APP-3990,Applicant 3990,2025-10-05,1,PhD,HR,65,76,Offer,New York,Marketing
APP-3991,Applicant 3991,2025-10-04,8,High School,Technical,78,93,Rejected,San Francisco,Sales
APP-3992,Applicant 3992,2025-10-03,15,Bachelors,Screening,91,69,In Progress,London,Engineering
APP-3993,Applicant 3993,2025-10-02,7,Masters,Final,63,86,In Progress,Remote,Product
APP-3994,Applicant 3994,2025-10-01,14,PhD,HR,76,62,In Progress,Austin,Marketing
APP-3995,Applicant 3995,2025-09-30,6,High School,Technical,89,79,Offer,New York,Sales
APP-3996,Applicant 3996,2025-09-29,13,Bachelors,Screening,61,96,Rejected,San Francisco,Engineering
APP-3997,Applicant 3997,2025-09-28,5,Masters,Final,74,72,In Progress,London,Product
APP-3998,Applicant 3998,2025-09-27,12,PhD,HR,87,89,In Progress,Remote,Marketing
APP-3999,Applicant 3999,2025-09-26,4,High School,Technical,100,65,In Progress,Austin,Sales
APP-4000,Applicant 4000,2025-09-25,11,Bachelors,Screening,72,82,Offer,New York,Engineering
APP-4001,Applicant 4001,2025-09-24,3,Masters,Final,85,99,Rejected,San Francisco,Product
APP-4002,Applicant 4002,2025-09-23,10,PhD,HR,98,75,In Progress,London,Marketing
APP-4003,Applicant 4003,2025-09-22,2,High School,Technical,70,92,In Progress,Remote,Sales
APP-4004,Applicant 4004,2025-09-21,9,Bachelors,Screening,83,68,In Progress,Austin,Engineering
APP-4005,Applicant 4005,2025-09-20,1,Masters,Final,96,85,Offer,New York,Product
APP-4006,Applicant 4006,2025-09-19,8,PhD,HR,68,61,Rejected,San Francisco,Marketing
APP-4007,Applicant 4007,2025-09-18,15,High School,Technical,81,78,In Progress,London,Sales
APP-4008,Applicant 4008,2025-09-17,7,Bachelors,Screening,94,95,In Progress,Remote,Engineering
APP-4009,Applicant 4009,2025-09-16,14,Masters,Final,66,71,In Progress,Austin,Product
APP-4010,Applicant 4010,2025-09-15,6,PhD,HR,79,88,Offer,New York,Marketing
APP-4011,Applicant 4011,2025-09-14,13,High School,Technical,92,64,Rejected,San Francisco,Sales
APP-4012,Applicant 4012,2025-09-13,5,Bachelors,Screening,64,81,In Progress,London,Engineering
APP-4013,Applicant 4013,2025-09-12,12,Masters,Final,77,98,In Progress,Remote,Product
APP-4014,Applicant 4014,2025-09-11,4,PhD,HR,90,74,In Progress,Austin,Marketing
APP-4015,Applicant 4015,2026-09-10,11,High School,Technical,62,91,Offer,New York,Sales
APP-4016,Applicant 4016,2026-09-09,3,Bachelors,Screening,75,67,Rejected,San Francisco,Engineering
APP-4017,Applicant 4017,2026-09-08,10,Masters,Final,88,84,In Progress,London,Product
APP-4018,Applicant 4018,2026-09-07,2,PhD,HR,60,60,In Progress,Remote,Marketing
APP-4019,Applicant 4019,2026-09-06,9,High School,Technical,73,77,In Progress,Austin,Sales
APP-4020,Applicant 4020,2026-09-05,1,Bachelors,Screening,86,94,Offer,New York,Engineering
APP-4021,Applicant 4021,2026-09-04,8,Masters,Final,99,70,Rejected,San Francisco,Product
APP-4022,Applicant 4022,2026-09-03,15,PhD,HR,71,87,In Progress,London,Marketing
APP-4023,Applicant 4023,2026-09-02,7,High School,Technical,84,63,In Progress,Remote,Sales
APP-4024,Applicant 4024,2026-09-01,14,Bachelors,Screening,97,80,In Progress,Austin,Engineering
APP-4025,Applicant 4025,2026-08-31,6,Masters,Final,69,97,Offer,New York,Product
APP-4026,Applicant 4026,2026-08-30,13,PhD,HR,82,73,Rejected,San Francisco,Marketing
APP-4027,Applicant 4027,2026-08-29,5,High School,Technical,95,90,In Progress,London,Sales
APP-4028,Applicant 4028,2026-08-28,12,Bachelors,Screening,67,66,In Progress,Remote,Engineering
APP-4029,Applicant 4029,2026-08-27,4,Masters,Final,80,83,In Progress,Austin,Product
APP-4030,Applicant 4030,2026-08-26,11,PhD,HR,93,100,Offer,New York,Marketing
APP-4031,Applicant 4031,2026-08-25,3,High School,Technical,65,76,Rejected,San Francisco,Sales
APP-4032,Applicant 4032,2026-08-24,10,Bachelors,Screening,78,93,In Progress,London,Engineering
APP-4033,Applicant 4033,2026-08-23,2,Masters,Final,91,69,In Progress,Remote,Product
APP-4034,Applicant 4034,2026-08-22,9,PhD,HR,63,86,In Progress,Austin,Marketing
APP-4035,Applicant 4035,2026-08-21,1,High School,Technical,76,62,Offer,New York,Sales
APP-4036,Applicant 4036,2026-08-20,8,Bachelors,Screening,89,79,Rejected,San Francisco,Engineering
APP-4037,Applicant 4037,2026-08-19,15,Masters,Final,61,96,In Progress,London,Product
APP-4038,Applicant 4038,2026-08-18,7,PhD,HR,74,72,In Progress,Remote,Marketing
APP-4039,Applicant 4039,2026-08-17,14,High School,Technical,87,89,In Progress,Austin,Sales
APP-4040,Applicant 4040,2026-08-16,6,Bachelors,Screening,100,65,Offer,New York,Engineering
APP-4041,Applicant 4041,2026-08-15,13,Masters,Final,72,82,Rejected,San Francisco,Product
APP-4042,Applicant 4042,2026-08-14,5,PhD,HR,85,99,In Progress,London,Marketing
APP-4043,Applicant 4043,2026-08-13,12,High School,Technical,98,75,In Progress,Remote,Sales
APP-4044,Applicant 4044,2026-08-12,4,Bachelors,Screening,70,92,In Progress,Austin,Engineering
APP-4045,Applicant 4045,2026-08-11,11,Masters,Final,83,68,Offer,New York,Product
APP-4046,Applicant 4046,2026-08-10,3,PhD,HR,96,85,Rejected,San Francisco,Marketing
APP-4047,Applicant 4047,2026-08-09,10,High School,Technical,68,61,In Progress,London,Sales
APP-4048,Applicant 4048,2026-08-08,2,Bachelors,Screening,81,78,In Progress,Remote,Engineering
APP-4049,Applicant 4049,2026-08-07,9,Masters,Final,94,95,In Progress,Austin,Product
APP-4050,Applicant 4050,2026-08-06,1,PhD,HR,66,71,Offer,New York,Marketing
APP-4051,Applicant 4051,2026-08-05,8,High School,Technical,79,88,Rejected,San Francisco,Sales
APP-4052,Applicant 4052,2026-08-04,15,Bachelors,Screening,92,64,In Progress,London,Engineering
APP-4053,Applicant 4053,2026-08-03,7,Masters,Final,64,81,In Progress,Remote,Product
APP-4054,Applicant 4054,2026-08-02,14,PhD,HR,77,98,In Progress,Austin,Marketing
APP-4055,Applicant 4055,2026-08-01,6,High School,Technical,90,74,Offer,New York,Sales
APP-4056,Applicant 4056,2026-07-31,13,Bachelors,Screening,62,91,Rejected,San Francisco,Engineering
APP-4057,Applicant 4057,2026-07-30,5,Masters,Final,75,67,In Progress,London,Product
APP-4058,Applicant 4058,2026-07-29,12,PhD,HR,88,84,In Progress,Remote,Marketing
APP-4059,Applicant 4059,2026-07-28,4,High School,Technical,60,60,In Progress,Austin,Sales
APP-4060,Applicant 4060,2026-07-27,11,Bachelors,Screening,73,77,Offer,New York,Engineering
APP-4061,Applicant 4061,2026-07-26,3,Masters,Final,86,94,Rejected,San Francisco,Product
APP-4062,Applicant 4062,2026-07-25,10,PhD,HR,99,70,In Progress,London,Marketing
APP-4063,Applicant 4063,2026-07-24,2,High School,Technical,71,87,In Progress,Remote,Sales
APP-4064,Applicant 4064,2026-07-23,9,Bachelors,Screening,84,63,In Progress,Austin,Engineering
APP-4065,Applicant 4065,2026-07-22,1,Masters,Final,97,80,Offer,New York,Product
APP-4066,Applicant 4066,2026-07-21,8,PhD,HR,69,97,Rejected,San Francisco,Marketing
APP-4067,Applicant 4067,2026-07-20,15,High School,Technical,82,73,In Progress,London,Sales
APP-4068,Applicant 4068,2026-07-19,7,Bachelors,Screening,95,90,In Progress,Remote,Engineering
APP-4069,Applicant 4069,2026-07-18,14,Masters,Final,67,66,In Progress,Austin,Product
APP-4070,Applicant 4070,2026-07-17,6,PhD,HR,80,83,Offer,New York,Marketing
APP-4071,Applicant 4071,2026-07-16,13,High School,Technical,93,100,Rejected,San Francisco,Sales
APP-4072,Applicant 4072,2026-07-15,5,Bachelors,Screening,65,76,In Progress,London,Engineering
APP-4073,Applicant 4073,2026-07-14,12,Masters,Final,78,93,In Progress,Remote,Product
APP-4074,Applicant 4074,2026-07-13,4,PhD,HR,91,69,In Progress,Austin,Marketing
APP-4075,Applicant 4075,2026-07-12,11,High School,Technical,63,86,Offer,New York,Sales
APP-4076,Applicant 4076,2026-07-11,3,Bachelors,Screening,76,62,Rejected,San Francisco,Engineering
APP-4077,Applicant 4077,2026-07-10,10,Masters,Final,89,79,In Progress,London,Product
APP-4078,Applicant 4078,2026-07-09,2,PhD,HR,61,96,In Progress,Remote,Marketing
APP-4079,Applicant 4079,2026-07-08,9,High School,Technical,74,72,In Progress,Austin,Sales
APP-4080,Applicant 4080,2026-07-07,1,Bachelors,Screening,87,89,Offer,New York,Engineering
APP-4081,Applicant 4081,2026-07-06,8,Masters,Final,100,65,Rejected,San Francisco,Product
APP-4082,Applicant 4082,2026-07-05,15,PhD,HR,72,82,In Progress,London,Marketing
APP-4083,Applicant 4083,2026-07-04,7,High School,Technical,85,99,In Progress,Remote,Sales
APP-4084,Applicant 4084,2026-07-03,14,Bachelors,Screening,98,75,In Progress,Austin,Engineering
APP-4085,Applicant 4085,2026-07-02,6,Masters,Final,70,92,Offer,New York,Product
APP-4086,Applicant 4086,2026-07-01,13,PhD,HR,83,68,Rejected,San Francisco,Marketing
APP-4087,Applicant 4087,2026-06-30,5,High School,Technical,96,85,In Progress,London,Sales
APP-4088,Applicant 4088,2026-06-29,12,Bachelors,Screening,68,61,In Progress,Remote,Engineering
APP-4089,Applicant 4089,2026-06-28,4,Masters,Final,81,78,In Progress,Austin,Product
APP-4090,Applicant 4090,2026-06-27,11,PhD,HR,94,95,Offer,New York,Marketing
APP-4091,Applicant 4091,2026-06-26,3,High School,Technical,66,71,Rejected,San Francisco,Sales
APP-4092,Applicant 4092,2026-06-25,10,Bachelors,Screening,79,88,In Progress,London,Engineering
APP-4093,Applicant 4093,2026-06-24,2,Masters,Final,92,64,In Progress,Remote,Product
APP-4094,Applicant 4094,2026-06-23,9,PhD,HR,64,81,In Progress,Austin,Marketing
APP-4095,Applicant 4095,2026-06-22,1,High School,Technical,77,98,Offer,New York,Sales
APP-4096,Applicant 4096,2026-06-21,8,Bachelors,Screening,90,74,Rejected,San Francisco,Engineering
APP-4097,Applicant 4097,2026-06-20,15,Masters,Final,62,91,In Progress,London,Product
APP-4098,Applicant 4098,2026-06-19,7,PhD,HR,75,67,In Progress,Remote,Marketing
APP-4099,Applicant 4099,2026-06-18,14,High School,Technical,88,84,In Progress,Austin,Sales
APP-4100,Applicant 4100,2026-06-17,6,Bachelors,Screening,60,60,Offer,New York,Engineering
APP-4101,Applicant 4101,2026-06-16,13,Masters,Final,73,77,Rejected,San Francisco,Product
APP-4102,Applicant 4102,2026-06-15,5,PhD,HR,86,94,In Progress,London,Marketing
APP-4103,Applicant 4103,2026-06-14,12,High School,Technical,99,70,In Progress,Remote,Sales
APP-4104,Applicant 4104,2026-06-13,4,Bachelors,Screening,71,87,In Progress,Austin,Engineering
APP-4105,Applicant 4105,2026-06-12,11,Masters,Final,84,63,Offer,New York,Product
APP-4106,Applicant 4106,2026-06-11,3,PhD,HR,97,80,Rejected,San Francisco,Marketing
APP-4107,Applicant 4107,2026-06-10,10,High School,Technical,69,97,In Progress,London,Sales
APP-4108,Applicant 4108,2026-06-09,2,Bachelors,Screening,82,73,In Progress,Remote,Engineering
APP-4109,Applicant 4109,2026-06-08,9,Masters,Final,95,90,In Progress,Austin,Product
APP-4110,Applicant 4110,2026-06-07,1,PhD,HR,67,66,Offer,New York,Marketing
APP-4111,Applicant 4111,2026-06-06,8,High School,Technical,80,83,Rejected,San Francisco,Sales
APP-4112,Applicant 4112,2026-06-05,15,Bachelors,Screening,93,100,In Progress,London,Engineering
APP-4113,Applicant 4113,2026-06-04,7,Masters,Final,65,76,In Progress,Remote,Product
APP-4114,Applicant 4114,2026-06-03,14,PhD,HR,78,93,In Progress,Austin,Marketing
APP-4115,Applicant 4115,2026-06-02,6,High School,Technical,91,69,Offer,New York,Sales
APP-4116,Applicant 4116,2026-06-01,13,Bachelors,Screening,63,86,Rejected,San Francisco,Engineering
APP-4117,Applicant 4117,2026-05-31,5,Masters,Final,76,62,In Progress,London,Product
APP-4118,Applicant 4118,2026-05-30,12,PhD,HR,89,79,In Progress,Remote,Marketing
APP-4119,Applicant 4119,2026-05-29,4,High School,Technical,61,96,In Progress,Austin,Sales
APP-4120,Applicant 4120,2026-05-28,11,Bachelors,Screening,74,72,Offer,New York,Engineering
APP-4121,Applicant 4121,2026-05-27,3,Masters,Final,87,89,Rejected,San Francisco,Product
APP-4122,Applicant 4122,2026-05-26,10,PhD,HR,100,65,In Progress,London,Marketing
APP-4123,Applicant 4123,2026-05-25,2,High School,Technical,72,82,In Progress,Remote,Sales
APP-4124,Applicant 4124,2026-05-24,9,Bachelors,Screening,85,99,In Progress,Austin,Engineering
APP-4125,Applicant 4125,2026-05-23,1,Masters,Final,98,75,Offer,New York,Product
APP-4126,Applicant 4126,2026-05-22,8,PhD,HR,70,92,Rejected,San Francisco,Marketing
APP-4127,Applicant 4127,2026-05-21,15,High School,Technical,83,68,In Progress,London,Sales
APP-4128,Applicant 4128,2026-05-20,7,Bachelors,Screening,96,85,In Progress,Remote,Engineering
APP-4129,Applicant 4129,2026-05-19,14,Masters,Final,68,61,In Progress,Austin,Product
APP-4130,Applicant 4130,2026-05-18,6,PhD,HR,81,78,Offer,New York,Marketing
APP-4131,Applicant 4131,2026-05-17,13,High School,Technical,94,95,Rejected,San Francisco,Sales
APP-4132,Applicant 4132,2026-05-16,5,Bachelors,Screening,66,71,In Progress,London,Engineering
APP-4133,Applicant 4133,2026-05-15,12,Masters,Final,79,88,In Progress,Remote,Product
APP-4134,Applicant 4134,2026-05-14,4,PhD,HR,92,64,In Progress,Austin,Marketing
APP-4135,Applicant 4135,2026-05-13,11,High School,Technical,64,81,Offer,New York,Sales
APP-4136,Applicant 4136,2026-05-12,3,Bachelors,Screening,77,98,Rejected,San Francisco,Engineering
APP-4137,Applicant 4137,2026-05-11,10,Masters,Final,90,74,In Progress,London,Product
APP-4138,Applicant 4138,2026-05-10,2,PhD,HR,62,91,In Progress,Remote,Marketing
APP-4139,Applicant 4139,2026-05-09,9,High School,Technical,75,67,In Progress,Austin,Sales
APP-4140,Applicant 4140,2026-05-08,1,Bachelors,Screening,88,84,Offer,New York,Engineering
APP-4141,Applicant 4141,2026-05-07,8,Masters,Final,60,60,Rejected,San Francisco,Product
APP-4142,Applicant 4142,2026-05-06,15,PhD,HR,73,77,In Progress,London,Marketing
APP-4143,Applicant 4143,2026-05-05,7,High School,Technical,86,94,In Progress,Remote,Sales
APP-4144,Applicant 4144,2026-05-04,14,Bachelors,Screening,99,70,In Progress,Austin,Engineering
APP-4145,Applicant 4145,2026-05-03,6,Masters,Final,71,87,Offer,New York,Product
APP-4146,Applicant 4146,2026-05-02,13,PhD,HR,84,63,Rejected,San Francisco,Marketing
APP-4147,Applicant 4147,2026-05-01,5,High School,Technical,97,80,In Progress,London,Sales
APP-4148,Applicant 4148,2026-04-30,12,Bachelors,Screening,69,97,In Progress,Remote,Engineering
APP-4149,Applicant 4149,2026-04-29,4,Masters,Final,82,73,In Progress,Austin,Product
APP-4150,Applicant 4150,2026-04-28,11,PhD,HR,95,90,Offer,New York,Marketing
APP-4151,Applicant 4151,2026-04-27,3,High School,Technical,67,66,Rejected,San Francisco,Sales
APP-4152,Applicant 4152,2026-04-26,10,Bachelors,Screening,80,83,In Progress,London,Engineering
APP-4153,Applicant 4153,2026-04-25,2,Masters,Final,93,100,In Progress,Remote,Product
APP-4154,Applicant 4154,2026-04-24,9,PhD,HR,65,76,In Progress,Austin,Marketing
APP-4155,Applicant 4155,2026-04-23,1,High School,Technical,78,93,Offer,New York,Sales
APP-4156,Applicant 4156,2026-04-22,8,Bachelors,Screening,91,69,Rejected,San Francisco,Engineering
APP-4157,Applicant 4157,2026-04-21,15,Masters,Final,63,86,In Progress,London,Product
APP-4158,Applicant 4158,2026-04-20,7,PhD,HR,76,62,In Progress,Remote,Marketing
APP-4159,Applicant 4159,2026-04-19,14,High School,Technical,89,79,In Progress,Austin,Sales
APP-4160,Applicant 4160,2026-04-18,6,Bachelors,Screening,61,96,Offer,New York,Engineering
APP-4161,Applicant 4161,2026-04-17,13,Masters,Final,74,72,Rejected,San Francisco,Product
APP-4162,Applicant 4162,2026-04-16,5,PhD,HR,87,89,In Progress,London,Marketing
APP-4163,Applicant 4163,2026-04-15,12,High School,Technical,100,65,In Progress,Remote,Sales
APP-4164,Applicant 4164,2026-04-14,4,Bachelors,Screening,72,82,In Progress,Austin,Engineering
APP-4165,Applicant 4165,2026-04-13,11,Masters,Final,85,99,Offer,New York,Product
APP-4166,Applicant 4166,2026-04-12,3,PhD,HR,98,75,Rejected,San Francisco,Marketing
APP-4167,Applicant 4167,2026-04-11,10,High School,Technical,70,92,In Progress,London,Sales
APP-4168,Applicant 4168,2026-04-10,2,Bachelors,Screening,83,68,In Progress,Remote,Engineering
APP-4169,Applicant 4169,2026-04-09,9,Masters,Final,96,85,In Progress,Austin,Product
APP-4170,Applicant 4170,2026-04-08,1,PhD,HR,68,61,Offer,New York,Marketing
APP-4171,Applicant 4171,2026-04-07,8,High School,Technical,81,78,Rejected,San Francisco,Sales
APP-4172,Applicant 4172,2026-04-06,15,Bachelors,Screening,94,95,In Progress,London,Engineering
APP-4173,Applicant 4173,2026-04-05,7,Masters,Final,66,71,In Progress,Remote,Product
APP-4174,Applicant 4174,2026-04-04,14,PhD,HR,79,88,In Progress,Austin,Marketing
APP-4175,Applicant 4175,2026-04-03,6,High School,Technical,92,64,Offer,New York,Sales
APP-4176,Applicant 4176,2026-04-02,13,Bachelors,Screening,64,81,Rejected,San Francisco,Engineering
APP-4177,Applicant 4177,2026-04-01,5,Masters,Final,77,98,In Progress,London,Product
APP-4178,Applicant 4178,2026-03-31,12,PhD,HR,90,74,In Progress,Remote,Marketing
APP-4179,Applicant 4179,2026-03-30,4,High School,Technical,62,91,In Progress,Austin,Sales
APP-4180,Applicant 4180,2026-03-29,11,Bachelors,Screening,75,67,Offer,New York,Engineering
APP-4181,Applicant 4181,2026-03-28,3,Masters,Final,88,84,Rejected,San Francisco,Product
APP-4182,Applicant 4182,2026-03-27,10,PhD,HR,60,60,In Progress,London,Marketing
APP-4183,Applicant 4183,2026-03-26,2,High School,Technical,73,77,In Progress,Remote,Sales
APP-4184,Applicant 4184,2026-03-25,9,Bachelors,Screening,86,94,In Progress,Austin,Engineering
APP-4185,Applicant 4185,2026-03-24,1,Masters,Final,99,70,Offer,New York,Product
APP-4186,Applicant 4186,2026-03-23,8,PhD,HR,71,87,Rejected,San Francisco,Marketing
APP-4187,Applicant 4187,2026-03-22,15,High School,Technical,84,63,In Progress,London,Sales
APP-4188,Applicant 4188,2026-03-21,7,Bachelors,Screening,97,80,In Progress,Remote,Engineering
APP-4189,Applicant 4189,2026-03-20,14,Masters,Final,69,97,In Progress,Austin,Product
APP-4190,Applicant 4190,2026-03-19,6,PhD,HR,82,73,Offer,New York,Marketing
APP-4191,Applicant 4191,2026-03-18,13,High School,Technical,95,90,Rejected,San Francisco,Sales
APP-4192,Applicant 4192,2026-03-17,5,Bachelors,Screening,67,66,In Progress,London,Engineering
APP-4193,Applicant 4193,2026-03-16,12,Masters,Final,80,83,In Progress,Remote,Product
APP-4194,Applicant 4194,2026-03-15,4,PhD,HR,93,100,In Progress,Austin,Marketing
APP-4195,Applicant 4195,2026-03-14,11,High School,Technical,65,76,Offer,New York,Sales
APP-4196,Applicant 4196,2026-03-13,3,Bachelors,Screening,78,93,Rejected,San Francisco,Engineering
APP-4197,Applicant 4197,2026-03-12,10,Masters,Final,91,69,In Progress,London,Product
APP-4198,Applicant 4198,2026-03-11,2,PhD,HR,63,86,In Progress,Remote,Marketing
APP-4199,Applicant 4199,2026-03-10,9,High School,Technical,76,62,In Progress,Austin,Sales
APP-4200,Applicant 4200,2026-03-09,1,Bachelors,Screening,89,79,Offer,New York,Engineering
APP-4201,Applicant 4201,2026-03-08,8,Masters,Final,61,96,Rejected,San Francisco,Product
APP-4202,Applicant 4202,2026-03-07,15,PhD,HR,74,72,In Progress,London,Marketing
APP-4203,Applicant 4203,2026-03-06,7,High School,Technical,87,89,In Progress,Remote,Sales
APP-4204,Applicant 4204,2026-03-05,14,Bachelors,Screening,100,65,In Progress,Austin,Engineering
APP-4205,Applicant 4205,2026-03-04,6,Masters,Final,72,82,Offer,New York,Product
APP-4206,Applicant 4206,2026-03-03,13,PhD,HR,85,99,Rejected,San Francisco,Marketing
APP-4207,Applicant 4207,2026-03-02,5,High School,Technical,98,75,In Progress,London,Sales
APP-4208,Applicant 4208,2026-03-01,12,Bachelors,Screening,70,92,In Progress,Remote,Engineering
APP-4209,Applicant 4209,2026-02-28,4,Masters,Final,83,68,In Progress,Austin,Product
APP-4210,Applicant 4210,2026-02-27,11,PhD,HR,96,85,Offer,New York,Marketing
APP-4211,Applicant 4211,2026-02-26,3,High School,Technical,68,61,Rejected,San Francisco,Sales
APP-4212,Applicant 4212,2026-02-25,10,Bachelors,Screening,81,78,In Progress,London,Engineering
APP-4213,Applicant 4213,2026-02-24,2,Masters,Final,94,95,In Progress,Remote,Product
APP-4214,Applicant 4214,2026-02-23,9,PhD,HR,66,71,In Progress,Austin,Marketing
APP-4215,Applicant 4215,2026-02-22,1,High School,Technical,79,88,Offer,New York,Sales
APP-4216,Applicant 4216,2026-02-21,8,Bachelors,Screening,92,64,Rejected,San Francisco,Engineering
APP-4217,Applicant 4217,2026-02-20,15,Masters,Final,64,81,In Progress,London,Product
APP-4218,Applicant 4218,2026-02-19,7,PhD,HR,77,98,In Progress,Remote,Marketing
APP-4219,Applicant 4219,2026-02-18,14,High School,Technical,90,74,In Progress,Austin,Sales
APP-4220,Applicant 4220,2026-02-17,6,Bachelors,Screening,62,91,Offer,New York,Engineering
APP-4221,Applicant 4221,2026-02-16,13,Masters,Final,75,67,Rejected,San Francisco,Product
APP-4222,Applicant 4222,2026-02-15,5,PhD,HR,88,84,In Progress,London,Marketing
APP-4223,Applicant 4223,2026-02-14,12,High School,Technical,60,60,In Progress,Remote,Sales
APP-4224,Applicant 4224,2026-02-13,4,Bachelors,Screening,73,77,In Progress,Austin,Engineering
APP-4225,Applicant 4225,2026-02-12,11,Masters,Final,86,94,Offer,New York,Product
APP-4226,Applicant 4226,2026-02-11,3,PhD,HR,99,70,Rejected,San Francisco,Marketing
APP-4227,Applicant 4227,2026-02-10,10,High School,Technical,71,87,In Progress,London,Sales
APP-4228,Applicant 4228,2026-02-09,2,Bachelors,Screening,84,63,In Progress,Remote,Engineering
APP-4229,Applicant 4229,2026-02-08,9,Masters,Final,97,80,In Progress,Austin,Product
APP-4230,Applicant 4230,2026-02-07,1,PhD,HR,69,97,Offer,New York,Marketing
APP-4231,Applicant 4231,2026-02-06,8,High School,Technical,82,73,Rejected,San Francisco,Sales
APP-4232,Applicant 4232,2026-02-05,15,Bachelors,Screening,95,90,In Progress,London,Engineering
APP-4233,Applicant 4233,2026-02-04,7,Masters,Final,67,66,In Progress,Remote,Product
APP-4234,Applicant 4234,2026-02-03,14,PhD,HR,80,83,In Progress,Austin,Marketing
APP-4235,Applicant 4235,2026-02-02,6,High School,Technical,93,100,Offer,New York,Sales
APP-4236,Applicant 4236,2026-02-01,13,Bachelors,Screening,65,76,Rejected,San Francisco,Engineering
APP-4237,Applicant 4237,2026-01-31,5,Masters,Final,78,93,In Progress,London,Product
APP-4238,Applicant 4238,2026-01-30,12,PhD,HR,91,69,In Progress,Remote,Marketing
APP-4239,Applicant 4239,2026-01-29,4,High School,Technical,63,86,In Progress,Austin,Sales
APP-4240,Applicant 4240,2026-01-28,11,Bachelors,Screening,76,62,Offer,New York,Engineering
APP-4241,Applicant 4241,2026-01-27,3,Masters,Final,89,79,Rejected,San Francisco,Product
APP-4242,Applicant 4242,2026-01-26,10,PhD,HR,61,96,In Progress,London,Marketing
APP-4243,Applicant 4243,2026-01-25,2,High School,Technical,74,72,In Progress,Remote,Sales
APP-4244,Applicant 4244,2026-01-24,9,Bachelors,Screening,87,89,In Progress,Austin,Engineering
APP-4245,Applicant 4245,2026-01-23,1,Masters,Final,100,65,Offer,New York,Product
APP-4246,Applicant 4246,2026-01-22,8,PhD,HR,72,82,Rejected,San Francisco,Marketing
APP-4247,Applicant 4247,2026-01-21,15,High School,Technical,85,99,In Progress,London,Sales
APP-4248,Applicant 4248,2026-01-20,7,Bachelors,Screening,98,75,In Progress,Remote,Engineering
APP-4249,Applicant 4249,2026-01-19,14,Masters,Final,70,92,In Progress,Austin,Product
APP-4250,Applicant 4250,2026-01-18,6,PhD,HR,83,68,Offer,New York,Marketing
APP-4251,Applicant 4251,2026-01-17,13,High School,Technical,96,85,Rejected,San Francisco,Sales
APP-4252,Applicant 4252,2026-01-16,5,Bachelors,Screening,68,61,In Progress,London,Engineering
APP-4253,Applicant 4253,2026-01-15,12,Masters,Final,81,78,In Progress,Remote,Product
APP-4254,Applicant 4254,2026-01-14,4,PhD,HR,94,95,In Progress,Austin,Marketing
APP-4255,Applicant 4255,2026-01-13,11,High School,Technical,66,71,Offer,New York,Sales
APP-4256,Applicant 4256,2026-01-12,3,Bachelors,Screening,79,88,Rejected,San Francisco,Engineering
APP-4257,Applicant 4257,2026-01-11,10,Masters,Final,92,64,In Progress,London,Product
APP-4258,Applicant 4258,2026-01-10,2,PhD,HR,64,81,In Progress,Remote,Marketing
APP-4259,Applicant 4259,2026-01-09,9,High School,Technical,77,98,In Progress,Austin,Sales
APP-4260,Applicant 4260,2026-01-08,1,Bachelors,Screening,90,74,Offer,New York,Engineering
APP-4261,Applicant 4261,2026-01-07,8,Masters,Final,62,91,Rejected,San Francisco,Product
APP-4262,Applicant 4262,2026-01-06,15,PhD,HR,75,67,In Progress,London,Marketing
APP-4263,Applicant 4263,2026-01-05,7,High School,Technical,88,84,In Progress,Remote,Sales
APP-4264,Applicant 4264,2026-01-04,14,Bachelors,Screening,60,60,In Progress,Austin,Engineering
APP-4265,Applicant 4265,2026-01-03,6,Masters,Final,73,77,Offer,New York,Product
APP-4266,Applicant 4266,2026-01-02,13,PhD,HR,86,94,Rejected,San Francisco,Marketing
APP-4267,Applicant 4267,2026-01-01,5,High School,Technical,99,70,In Progress,London,Sales
APP-4268,Applicant 4268,2025-12-31,12,Bachelors,Screening,71,87,In Progress,Remote,Engineering
APP-4269,Applicant 4269,2025-12-30,4,Masters,Final,84,63,In Progress,Austin,Product
APP-4270,Applicant 4270,2025-12-29,11,PhD,HR,97,80,Offer,New York,Marketing
APP-4271,Applicant 4271,2025-12-28,3,High School,Technical,69,97,Rejected,San Francisco,Sales
APP-4272,Applicant 4272,2025-12-27,10,Bachelors,Screening,82,73,In Progress,London,Engineering
APP-4273,Applicant 4273,2025-12-26,2,Masters,Final,95,90,In Progress,Remote,Product
APP-4274,Applicant 4274,2025-12-25,9,PhD,HR,67,66,In Progress,Austin,Marketing
APP-4275,Applicant 4275,2025-12-24,1,High School,Technical,80,83,Offer,New York,Sales
APP-4276,Applicant 4276,2025-12-23,8,Bachelors,Screening,93,100,Rejected,San Francisco,Engineering
APP-4277,Applicant 4277,2025-12-22,15,Masters,Final,65,76,In Progress,London,Product
APP-4278,Applicant 4278,2025-12-21,7,PhD,HR,78,93,In Progress,Remote,Marketing
APP-4279,Applicant 4279,2025-12-20,14,High School,Technical,91,69,In Progress,Austin,Sales
APP-4280,Applicant 4280,2025-12-19,6,Bachelors,Screening,63,86,Offer,New York,Engineering
APP-4281,Applicant 4281,2025-12-18,13,Masters,Final,76,62,Rejected,San Francisco,Product
APP-4282,Applicant 4282,2025-12-17,5,PhD,HR,89,79,In Progress,London,Marketing
APP-4283,Applicant 4283,2025-12-16,12,High School,Technical,61,96,In Progress,Remote,Sales
APP-4284,Applicant 4284,2025-12-15,4,Bachelors,Screening,74,72,In Progress,Austin,Engineering
APP-4285,Applicant 4285,2025-12-14,11,Masters,Final,87,89,Offer,New York,Product
APP-4286,Applicant 4286,2025-12-13,3,PhD,HR,100,65,Rejected,San Francisco,Marketing
APP-4287,Applicant 4287,2025-12-12,10,High School,Technical,72,82,In Progress,London,Sales
APP-4288,Applicant 4288,2025-12-11,2,Bachelors,Screening,85,99,In Progress,Remote,Engineering
APP-4289,Applicant 4289,2025-12-10,9,Masters,Final,98,75,In Progress,Austin,Product
APP-4290,Applicant 4290,2025-12-09,1,PhD,HR,70,92,Offer,New York,Marketing
APP-4291,Applicant 4291,2025-12-08,8,High School,Technical,83,68,Rejected,San Francisco,Sales
APP-4292,Applicant 4292,2025-12-07,15,Bachelors,Screening,96,85,In Progress,London,Engineering
APP-4293,Applicant 4293,2025-12-06,7,Masters,Final,68,61,In Progress,Remote,Product
APP-4294,Applicant 4294,2025-12-05,14,PhD,HR,81,78,In Progress,Austin,Marketing
APP-4295,Applicant 4295,2025-12-04,6,High School,Technical,94,95,Offer,New York,Sales
APP-4296,Applicant 4296,2025-12-03,13,Bachelors,Screening,66,71,Rejected,San Francisco,Engineering
APP-4297,Applicant 4297,2025-12-02,5,Masters,Final,79,88,In Progress,London,Product
APP-4298,Applicant 4298,2025-12-01,12,PhD,HR,92,64,In Progress,Remote,Marketing
APP-4299,Applicant 4299,2025-11-30,4,High School,Technical,64,81,In Progress,Austin,Sales
APP-4300,Applicant 4300,2025-11-29,11,Bachelors,Screening,77,98,Offer,New York,Engineering
APP-4301,Applicant 4301,2025-11-28,3,Masters,Final,90,74,Rejected,San Francisco,Product
APP-4302,Applicant 4302,2025-11-27,10,PhD,HR,62,91,In Progress,London,Marketing
APP-4303,Applicant 4303,2025-11-26,2,High School,Technical,75,67,In Progress,Remote,Sales
APP-4304,Applicant 4304,2025-11-25,9,Bachelors,Screening,88,84,In Progress,Austin,Engineering
APP-4305,Applicant 4305,2025-11-24,1,Masters,Final,60,60,Offer,New York,Product
APP-4306,Applicant 4306,2025-11-23,8,PhD,HR,73,77,Rejected,San Francisco,Marketing
APP-4307,Applicant 4307,2025-11-22,15,High School,Technical,86,94,In Progress,London,Sales
APP-4308,Applicant 4308,2025-11-21,7,Bachelors,Screening,99,70,In Progress,Remote,Engineering
APP-4309,Applicant 4309,2025-11-20,14,Masters,Final,71,87,In Progress,Austin,Product
APP-4310,Applicant 4310,2025-11-19,6,PhD,HR,84,63,Offer,New York,Marketing
APP-4311,Applicant 4311,2025-11-18,13,High School,Technical,97,80,Rejected,San Francisco,Sales
APP-4312,Applicant 4312,2025-11-17,5,Bachelors,Screening,69,97,In Progress,London,Engineering
APP-4313,Applicant 4313,2025-11-16,12,Masters,Final,82,73,In Progress,Remote,Product
APP-4314,Applicant 4314,2025-11-15,4,PhD,HR,95,90,In Progress,Austin,Marketing
APP-4315,Applicant 4315,2025-11-14,11,High School,Technical,67,66,Offer,New York,Sales
APP-4316,Applicant 4316,2025-11-13,3,Bachelors,Screening,80,83,Rejected,San Francisco,Engineering
APP-4317,Applicant 4317,2025-11-12,10,Masters,Final,93,100,In Progress,London,Product
APP-4318,Applicant 4318,2025-11-11,2,PhD,HR,65,76,In Progress,Remote,Marketing
APP-4319,Applicant 4319,2025-11-10,9,High School,Technical,78,93,In Progress,Austin,Sales
APP-4320,Applicant 4320,2025-11-09,1,Bachelors,Screening,91,69,Offer,New York,Engineering
APP-4321,Applicant 4321,2025-11-08,8,Masters,Final,63,86,Rejected,San Francisco,Product
APP-4322,Applicant 4322,2025-11-07,15,PhD,HR,76,62,In Progress,London,Marketing
APP-4323,Applicant 4323,2025-11-06,7,High School,Technical,89,79,In Progress,Remote,Sales
APP-4324,Applicant 4324,2025-11-05,14,Bachelors,Screening,61,96,In Progress,Austin,Engineering
APP-4325,Applicant 4325,2025-11-04,6,Masters,Final,74,72,Offer,New York,Product
APP-4326,Applicant 4326,2025-11-03,13,PhD,HR,87,89,Rejected,San Francisco,Marketing
APP-4327,Applicant 4327,2025-11-02,5,High School,Technical,100,65,In Progress,London,Sales
APP-4328,Applicant 4328,2025-11-01,12,Bachelors,Screening,72,82,In Progress,Remote,Engineering
APP-4329,Applicant 4329,2025-10-31,4,Masters,Final,85,99,In Progress,Austin,Product
APP-4330,Applicant 4330,2025-10-30,11,PhD,HR,98,75,Offer,New York,Marketing
APP-4331,Applicant 4331,2025-10-29,3,High School,Technical,70,92,Rejected,San Francisco,Sales
APP-4332,Applicant 4332,2025-10-28,10,Bachelors,Screening,83,68,In Progress,London,Engineering
APP-4333,Applicant 4333,2025-10-27,2,Masters,Final,96,85,In Progress,Remote,Product
APP-4334,Applicant 4334,2025-10-26,9,PhD,HR,68,61,In Progress,Austin,Marketing
APP-4335,Applicant 4335,2025-10-25,1,High School,Technical,81,78,Offer,New York,Sales
APP-4336,Applicant 4336,2025-10-24,8,Bachelors,Screening,94,95,Rejected,San Francisco,Engineering
APP-4337,Applicant 4337,2025-10-23,15,Masters,Final,66,71,In Progress,London,Product
APP-4338,Applicant 4338,2025-10-22,7,PhD,HR,79,88,In Progress,Remote,Marketing
APP-4339,Applicant 4339,2025-10-21,14,High School,Technical,92,64,In Progress,Austin,Sales
APP-4340,Applicant 4340,2025-10-20,6,Bachelors,Screening,64,81,Offer,New York,Engineering
APP-4341,Applicant 4341,2025-10-19,13,Masters,Final,77,98,Rejected,San Francisco,Product
APP-4342,Applicant 4342,2025-10-18,5,PhD,HR,90,74,In Progress,London,Marketing
APP-4343,Applicant 4343,2025-10-17,12,High School,Technical,62,91,In Progress,Remote,Sales
APP-4344,Applicant 4344,2025-10-16,4,Bachelors,Screening,75,67,In Progress,Austin,Engineering
APP-4345,Applicant 4345,2025-10-15,11,Masters,Final,88,84,Offer,New York,Product
APP-4346,Applicant 4346,2025-10-14,3,PhD,HR,60,60,Rejected,San Francisco,Marketing
APP-4347,Applicant 4347,2025-10-13,10,High School,Technical,73,77,In Progress,London,Sales
APP-4348,Applicant 4348,2025-10-12,2,Bachelors,Screening,86,94,In Progress,Remote,Engineering
APP-4349,Applicant 4349,2025-10-11,9,Masters,Final,99,70,In Progress,Austin,Product
APP-4350,Applicant 4350,2025-10-10,1,PhD,HR,71,87,Offer,New York,Marketing
APP-4351,Applicant 4351,2025-10-09,8,High School,Technical,84,63,Rejected,San Francisco,Sales
APP-4352,Applicant 4352,2025-10-08,15,Bachelors,Screening,97,80,In Progress,London,Engineering
APP-4353,Applicant 4353,2025-10-07,7,Masters,Final,69,97,In Progress,Remote,Product
APP-4354,Applicant 4354,2025-10-06,14,PhD,HR,82,73,In Progress,Austin,Marketing
APP-4355,Applicant 4355,2025-10-05,6,High School,Technical,95,90,Offer,New York,Sales
APP-4356,Applicant 4356,2025-10-04,13,Bachelors,Screening,67,66,Rejected,San Francisco,Engineering
APP-4357,Applicant 4357,2025-10-03,5,Masters,Final,80,83,In Progress,London,Product
APP-4358,Applicant 4358,2025-10-02,12,PhD,HR,93,100,In Progress,Remote,Marketing
APP-4359,Applicant 4359,2025-10-01,4,High School,Technical,65,76,In Progress,Austin,Sales
APP-4360,Applicant 4360,2025-09-30,11,Bachelors,Screening,78,93,Offer,New York,Engineering
APP-4361,Applicant 4361,2025-09-29,3,Masters,Final,91,69,Rejected,San Francisco,Product
APP-4362,Applicant 4362,2025-09-28,10,PhD,HR,63,86,In Progress,London,Marketing
APP-4363,Applicant 4363,2025-09-27,2,High School,Technical,76,62,In Progress,Remote,Sales
APP-4364,Applicant 4364,2025-09-26,9,Bachelors,Screening,89,79,In Progress,Austin,Engineering
APP-4365,Applicant 4365,2025-09-25,1,Masters,Final,61,96,Offer,New York,Product
APP-4366,Applicant 4366,2025-09-24,8,PhD,HR,74,72,Rejected,San Francisco,Marketing
APP-4367,Applicant 4367,2025-09-23,15,High School,Technical,87,89,In Progress,London,Sales
APP-4368,Applicant 4368,2025-09-22,7,Bachelors,Screening,100,65,In Progress,Remote,Engineering
APP-4369,Applicant 4369,2025-09-21,14,Masters,Final,72,82,In Progress,Austin,Product
APP-4370,Applicant 4370,2025-09-20,6,PhD,HR,85,99,Offer,New York,Marketing
APP-4371,Applicant 4371,2025-09-19,13,High School,Technical,98,75,Rejected,San Francisco,Sales
APP-4372,Applicant 4372,2025-09-18,5,Bachelors,Screening,70,92,In Progress,London,Engineering
APP-4373,Applicant 4373,2025-09-17,12,Masters,Final,83,68,In Progress,Remote,Product
APP-4374,Applicant 4374,2025-09-16,4,PhD,HR,96,85,In Progress,Austin,Marketing
APP-4375,Applicant 4375,2025-09-15,11,High School,Technical,68,61,Offer,New York,Sales
APP-4376,Applicant 4376,2025-09-14,3,Bachelors,Screening,81,78,Rejected,San Francisco,Engineering
APP-4377,Applicant 4377,2025-09-13,10,Masters,Final,94,95,In Progress,London,Product
APP-4378,Applicant 4378,2025-09-12,2,PhD,HR,66,71,In Progress,Remote,Marketing
APP-4379,Applicant 4379,2025-09-11,9,High School,Technical,79,88,In Progress,Austin,Sales
APP-4380,Applicant 4380,2026-09-10,1,Bachelors,Screening,92,64,Offer,New York,Engineering
APP-4381,Applicant 4381,2026-09-09,8,Masters,Final,64,81,Rejected,San Francisco,Product
APP-4382,Applicant 4382,2026-09-08,15,PhD,HR,77,98,In Progress,London,Marketing
APP-4383,Applicant 4383,2026-09-07,7,High School,Technical,90,74,In Progress,Remote,Sales
APP-4384,Applicant 4384,2026-09-06,14,Bachelors,Screening,62,91,In Progress,Austin,Engineering
APP-4385,Applicant 4385,2026-09-05,6,Masters,Final,75,67,Offer,New York,Product
APP-4386,Applicant 4386,2026-09-04,13,PhD,HR,88,84,Rejected,San Francisco,Marketing
APP-4387,Applicant 4387,2026-09-03,5,High School,Technical,60,60,In Progress,London,Sales
APP-4388,Applicant 4388,2026-09-02,12,Bachelors,Screening,73,77,In Progress,Remote,Engineering
APP-4389,Applicant 4389,2026-09-01,4,Masters,Final,86,94,In Progress,Austin,Product
APP-4390,Applicant 4390,2026-08-31,11,PhD,HR,99,70,Offer,New York,Marketing
APP-4391,Applicant 4391,2026-08-30,3,High School,Technical,71,87,Rejected,San Francisco,Sales
APP-4392,Applicant 4392,2026-08-29,10,Bachelors,Screening,84,63,In Progress,London,Engineering
APP-4393,Applicant 4393,2026-08-28,2,Masters,Final,97,80,In Progress,Remote,Product
APP-4394,Applicant 4394,2026-08-27,9,PhD,HR,69,97,In Progress,Austin,Marketing
APP-4395,Applicant 4395,2026-08-26,1,High School,Technical,82,73,Offer,New York,Sales
APP-4396,Applicant 4396,2026-08-25,8,Bachelors,Screening,95,90,Rejected,San Francisco,Engineering
APP-4397,Applicant 4397,2026-08-24,15,Masters,Final,67,66,In Progress,London,Product
APP-4398,Applicant 4398,2026-08-23,7,PhD,HR,80,83,In Progress,Remote,Marketing
APP-4399,Applicant 4399,2026-08-22,14,High School,Technical,93,100,In Progress,Austin,Sales
APP-4400,Applicant 4400,2026-08-21,6,Bachelors,Screening,65,76,Offer,New York,Engineering
APP-4401,Applicant 4401,2026-08-20,13,Masters,Final,78,93,Rejected,San Francisco,Product
APP-4402,Applicant 4402,2026-08-19,5,PhD,HR,91,69,In Progress,London,Marketing
APP-4403,Applicant 4403,2026-08-18,12,High School,Technical,63,86,In Progress,Remote,Sales
APP-4404,Applicant 4404,2026-08-17,4,Bachelors,Screening,76,62,In Progress,Austin,Engineering
APP-4405,Applicant 4405,2026-08-16,11,Masters,Final,89,79,Offer,New York,Product
APP-4406,Applicant 4406,2026-08-15,3,PhD,HR,61,96,Rejected,San Francisco,Marketing
APP-4407,Applicant 4407,2026-08-14,10,High School,Technical,74,72,In Progress,London,Sales
APP-4408,Applicant 4408,2026-08-13,2,Bachelors,Screening,87,89,In Progress,Remote,Engineering
APP-4409,Applicant 4409,2026-08-12,9,Masters,Final,100,65,In Progress,Austin,Product
APP-4410,Applicant 4410,2026-08-11,1,PhD,HR,72,82,Offer,New York,Marketing
APP-4411,Applicant 4411,2026-08-10,8,High School,Technical,85,99,Rejected,San Francisco,Sales
APP-4412,Applicant 4412,2026-08-09,15,Bachelors,Screening,98,75,In Progress,London,Engineering
APP-4413,Applicant 4413,2026-08-08,7,Masters,Final,70,92,In Progress,Remote,Product
APP-4414,Applicant 4414,2026-08-07,14,PhD,HR,83,68,In Progress,Austin,Marketing
APP-4415,Applicant 4415,2026-08-06,6,High School,Technical,96,85,Offer,New York,Sales
APP-4416,Applicant 4416,2026-08-05,13,Bachelors,Screening,68,61,Rejected,San Francisco,Engineering
APP-4417,Applicant 4417,2026-08-04,5,Masters,Final,81,78,In Progress,London,Product
APP-4418,Applicant 4418,2026-08-03,12,PhD,HR,94,95,In Progress,Remote,Marketing
APP-4419,Applicant 4419,2026-08-02,4,High School,Technical,66,71,In Progress,Austin,Sales
APP-4420,Applicant 4420,2026-08-01,11,Bachelors,Screening,79,88,Offer,New York,Engineering
APP-4421,Applicant 4421,2026-07-31,3,Masters,Final,92,64,Rejected,San Francisco,Product
APP-4422,Applicant 4422,2026-07-30,10,PhD,HR,64,81,In Progress,London,Marketing
APP-4423,Applicant 4423,2026-07-29,2,High School,Technical,77,98,In Progress,Remote,Sales
APP-4424,Applicant 4424,2026-07-28,9,Bachelors,Screening,90,74,In Progress,Austin,Engineering
APP-4425,Applicant 4425,2026-07-27,1,Masters,Final,62,91,Offer,New York,Product
APP-4426,Applicant 4426,2026-07-26,8,PhD,HR,75,67,Rejected,San Francisco,Marketing
APP-4427,Applicant 4427,2026-07-25,15,High School,Technical,88,84,In Progress,London,Sales
APP-4428,Applicant 4428,2026-07-24,7,Bachelors,Screening,60,60,In Progress,Remote,Engineering
APP-4429,Applicant 4429,2026-07-23,14,Masters,Final,73,77,In Progress,Austin,Product
APP-4430,Applicant 4430,2026-07-22,6,PhD,HR,86,94,Offer,New York,Marketing
APP-4431,Applicant 4431,2026-07-21,13,High School,Technical,99,70,Rejected,San Francisco,Sales
APP-4432,Applicant 4432,2026-07-20,5,Bachelors,Screening,71,87,In Progress,London,Engineering
APP-4433,Applicant 4433,2026-07-19,12,Masters,Final,84,63,In Progress,Remote,Product
APP-4434,Applicant 4434,2026-07-18,4,PhD,HR,97,80,In Progress,Austin,Marketing
APP-4435,Applicant 4435,2026-07-17,11,High School,Technical,69,97,Offer,New York,Sales
APP-4436,Applicant 4436,2026-07-16,3,Bachelors,Screening,82,73,Rejected,San Francisco,Engineering
APP-4437,Applicant 4437,2026-07-15,10,Masters,Final,95,90,In Progress,London,Product
APP-4438,Applicant 4438,2026-07-14,2,PhD,HR,67,66,In Progress,Remote,Marketing
APP-4439,Applicant 4439,2026-07-13,9,High School,Technical,80,83,In Progress,Austin,Sales
APP-4440,Applicant 4440,2026-07-12,1,Bachelors,Screening,93,100,Offer,New York,Engineering
APP-4441,Applicant 4441,2026-07-11,8,Masters,Final,65,76,Rejected,San Francisco,Product
APP-4442,Applicant 4442,2026-07-10,15,PhD,HR,78,93,In Progress,London,Marketing
APP-4443,Applicant 4443,2026-07-09,7,High School,Technical,91,69,In Progress,Remote,Sales
APP-4444,Applicant 4444,2026-07-08,14,Bachelors,Screening,63,86,In Progress,Austin,Engineering
APP-4445,Applicant 4445,2026-07-07,6,Masters,Final,76,62,Offer,New York,Product
APP-4446,Applicant 4446,2026-07-06,13,PhD,HR,89,79,Rejected,San Francisco,Marketing
APP-4447,Applicant 4447,2026-07-05,5,High School,Technical,61,96,In Progress,London,Sales
APP-4448,Applicant 4448,2026-07-04,12,Bachelors,Screening,74,72,In Progress,Remote,Engineering
APP-4449,Applicant 4449,2026-07-03,4,Masters,Final,87,89,In Progress,Austin,Product
APP-4450,Applicant 4450,2026-07-02,11,PhD,HR,100,65,Offer,New York,Marketing
APP-4451,Applicant 4451,2026-07-01,3,High School,Technical,72,82,Rejected,San Francisco,Sales
APP-4452,Applicant 4452,2026-06-30,10,Bachelors,Screening,85,99,In Progress,London,Engineering
APP-4453,Applicant 4453,2026-06-29,2,Masters,Final,98,75,In Progress,Remote,Product
APP-4454,Applicant 4454,2026-06-28,9,PhD,HR,70,92,In Progress,Austin,Marketing
APP-4455,Applicant 4455,2026-06-27,1,High School,Technical,83,68,Offer,New York,Sales
APP-4456,Applicant 4456,2026-06-26,8,Bachelors,Screening,96,85,Rejected,San Francisco,Engineering
APP-4457,Applicant 4457,2026-06-25,15,Masters,Final,68,61,In Progress,London,Product
APP-4458,Applicant 4458,2026-06-24,7,PhD,HR,81,78,In Progress,Remote,Marketing
APP-4459,Applicant 4459,2026-06-23,14,High School,Technical,94,95,In Progress,Austin,Sales
APP-4460,Applicant 4460,2026-06-22,6,Bachelors,Screening,66,71,Offer,New York,Engineering
APP-4461,Applicant 4461,2026-06-21,13,Masters,Final,79,88,Rejected,San Francisco,Product
APP-4462,Applicant 4462,2026-06-20,5,PhD,HR,92,64,In Progress,London,Marketing
APP-4463,Applicant 4463,2026-06-19,12,High School,Technical,64,81,In Progress,Remote,Sales
APP-4464,Applicant 4464,2026-06-18,4,Bachelors,Screening,77,98,In Progress,Austin,Engineering
APP-4465,Applicant 4465,2026-06-17,11,Masters,Final,90,74,Offer,New York,Product
APP-4466,Applicant 4466,2026-06-16,3,PhD,HR,62,91,Rejected,San Francisco,Marketing
APP-4467,Applicant 4467,2026-06-15,10,High School,Technical,75,67,In Progress,London,Sales
APP-4468,Applicant 4468,2026-06-14,2,Bachelors,Screening,88,84,In Progress,Remote,Engineering
APP-4469,Applicant 4469,2026-06-13,9,Masters,Final,60,60,In Progress,Austin,Product
APP-4470,Applicant 4470,2026-06-12,1,PhD,HR,73,77,Offer,New York,Marketing
APP-4471,Applicant 4471,2026-06-11,8,High School,Technical,86,94,Rejected,San Francisco,Sales
APP-4472,Applicant 4472,2026-06-10,15,Bachelors,Screening,99,70,In Progress,London,Engineering
APP-4473,Applicant 4473,2026-06-09,7,Masters,Final,71,87,In Progress,Remote,Product
APP-4474,Applicant 4474,2026-06-08,14,PhD,HR,84,63,In Progress,Austin,Marketing
APP-4475,Applicant 4475,2026-06-07,6,High School,Technical,97,80,Offer,New York,Sales
APP-4476,Applicant 4476,2026-06-06,13,Bachelors,Screening,69,97,Rejected,San Francisco,Engineering
APP-4477,Applicant 4477,2026-06-05,5,Masters,Final,82,73,In Progress,London,Product
APP-4478,Applicant 4478,2026-06-04,12,PhD,HR,95,90,In Progress,Remote,Marketing
APP-4479,Applicant 4479,2026-06-03,4,High School,Technical,67,66,In Progress,Austin,Sales
APP-4480,Applicant 4480,2026-06-02,11,Bachelors,Screening,80,83,Offer,New York,Engineering
APP-4481,Applicant 4481,2026-06-01,3,Masters,Final,93,100,Rejected,San Francisco,Product
APP-4482,Applicant 4482,2026-05-31,10,PhD,HR,65,76,In Progress,London,Marketing
APP-4483,Applicant 4483,2026-05-30,2,High School,Technical,78,93,In Progress,Remote,Sales
APP-4484,Applicant 4484,2026-05-29,9,Bachelors,Screening,91,69,In Progress,Austin,Engineering
APP-4485,Applicant 4485,2026-05-28,1,Masters,Final,63,86,Offer,New York,Product
APP-4486,Applicant 4486,2026-05-27,8,PhD,HR,76,62,Rejected,San Francisco,Marketing
APP-4487,Applicant 4487,2026-05-26,15,High School,Technical,89,79,In Progress,London,Sales
APP-4488,Applicant 4488,2026-05-25,7,Bachelors,Screening,61,96,In Progress,Remote,Engineering
APP-4489,Applicant 4489,2026-05-24,14,Masters,Final,74,72,In Progress,Austin,Product
APP-4490,Applicant 4490,2026-05-23,6,PhD,HR,87,89,Offer,New York,Marketing
APP-4491,Applicant 4491,2026-05-22,13,High School,Technical,100,65,Rejected,San Francisco,Sales
APP-4492,Applicant 4492,2026-05-21,5,Bachelors,Screening,72,82,In Progress,London,Engineering
APP-4493,Applicant 4493,2026-05-20,12,Masters,Final,85,99,In Progress,Remote,Product
APP-4494,Applicant 4494,2026-05-19,4,PhD,HR,98,75,In Progress,Austin,Marketing
APP-4495,Applicant 4495,2026-05-18,11,High School,Technical,70,92,Offer,New York,Sales
APP-4496,Applicant 4496,2026-05-17,3,Bachelors,Screening,83,68,Rejected,San Francisco,Engineering
APP-4497,Applicant 4497,2026-05-16,10,Masters,Final,96,85,In Progress,London,Product
APP-4498,Applicant 4498,2026-05-15,2,PhD,HR,68,61,In Progress,Remote,Marketing
APP-4499,Applicant 4499,2026-05-14,9,High School,Technical,81,78,In Progress,Austin,Sales
APP-4500,Applicant 4500,2026-05-13,1,Bachelors,Screening,94,95,Offer,New York,Engineering
APP-4501,Applicant 4501,2026-05-12,8,Masters,Final,66,71,Rejected,San Francisco,Product
APP-4502,Applicant 4502,2026-05-11,15,PhD,HR,79,88,In Progress,London,Marketing
APP-4503,Applicant 4503,2026-05-10,7,High School,Technical,92,64,In Progress,Remote,Sales
APP-4504,Applicant 4504,2026-05-09,14,Bachelors,Screening,64,81,In Progress,Austin,Engineering
APP-4505,Applicant 4505,2026-05-08,6,Masters,Final,77,98,Offer,New York,Product
APP-4506,Applicant 4506,2026-05-07,13,PhD,HR,90,74,Rejected,San Francisco,Marketing
APP-4507,Applicant 4507,2026-05-06,5,High School,Technical,62,91,In Progress,London,Sales
APP-4508,Applicant 4508,2026-05-05,12,Bachelors,Screening,75,67,In Progress,Remote,Engineering
APP-4509,Applicant 4509,2026-05-04,4,Masters,Final,88,84,In Progress,Austin,Product
APP-4510,Applicant 4510,2026-05-03,11,PhD,HR,60,60,Offer,New York,Marketing
APP-4511,Applicant 4511,2026-05-02,3,High School,Technical,73,77,Rejected,San Francisco,Sales
APP-4512,Applicant 4512,2026-05-01,10,Bachelors,Screening,86,94,In Progress,London,Engineering
APP-4513,Applicant 4513,2026-04-30,2,Masters,Final,99,70,In Progress,Remote,Product
APP-4514,Applicant 4514,2026-04-29,9,PhD,HR,71,87,In Progress,Austin,Marketing
APP-4515,Applicant 4515,2026-04-28,1,High School,Technical,84,63,Offer,New York,Sales
APP-4516,Applicant 4516,2026-04-27,8,Bachelors,Screening,97,80,Rejected,San Francisco,Engineering
APP-4517,Applicant 4517,2026-04-26,15,Masters,Final,69,97,In Progress,London,Product
APP-4518,Applicant 4518,2026-04-25,7,PhD,HR,82,73,In Progress,Remote,Marketing
APP-4519,Applicant 4519,2026-04-24,14,High School,Technical,95,90,In Progress,Austin,Sales
APP-4520,Applicant 4520,2026-04-23,6,Bachelors,Screening,67,66,Offer,New York,Engineering
APP-4521,Applicant 4521,2026-04-22,13,Masters,Final,80,83,Rejected,San Francisco,Product
APP-4522,Applicant 4522,2026-04-21,5,PhD,HR,93,100,In Progress,London,Marketing
APP-4523,Applicant 4523,2026-04-20,12,High School,Technical,65,76,In Progress,Remote,Sales
APP-4524,Applicant 4524,2026-04-19,4,Bachelors,Screening,78,93,In Progress,Austin,Engineering
APP-4525,Applicant 4525,2026-04-18,11,Masters,Final,91,69,Offer,New York,Product
APP-4526,Applicant 4526,2026-04-17,3,PhD,HR,63,86,Rejected,San Francisco,Marketing
APP-4527,Applicant 4527,2026-04-16,10,High School,Technical,76,62,In Progress,London,Sales
APP-4528,Applicant 4528,2026-04-15,2,Bachelors,Screening,89,79,In Progress,Remote,Engineering
APP-4529,Applicant 4529,2026-04-14,9,Masters,Final,61,96,In Progress,Austin,Product
APP-4530,Applicant 4530,2026-04-13,1,PhD,HR,74,72,Offer,New York,Marketing
APP-4531,Applicant 4531,2026-04-12,8,High School,Technical,87,89,Rejected,San Francisco,Sales
APP-4532,Applicant 4532,2026-04-11,15,Bachelors,Screening,100,65,In Progress,London,Engineering
APP-4533,Applicant 4533,2026-04-10,7,Masters,Final,72,82,In Progress,Remote,Product
APP-4534,Applicant 4534,2026-04-09,14,PhD,HR,85,99,In Progress,Austin,Marketing
APP-4535,Applicant 4535,2026-04-08,6,High School,Technical,98,75,Offer,New York,Sales
APP-4536,Applicant 4536,2026-04-07,13,Bachelors,Screening,70,92,Rejected,San Francisco,Engineering
APP-4537,Applicant 4537,2026-04-06,5,Masters,Final,83,68,In Progress,London,Product
APP-4538,Applicant 4538,2026-04-05,12,PhD,HR,96,85,In Progress,Remote,Marketing
APP-4539,Applicant 4539,2026-04-04,4,High School,Technical,68,61,In Progress,Austin,Sales
APP-4540,Applicant 4540,2026-04-03,11,Bachelors,Screening,81,78,Offer,New York,Engineering
APP-4541,Applicant 4541,2026-04-02,3,Masters,Final,94,95,Rejected,San Francisco,Product
APP-4542,Applicant 4542,2026-04-01,10,PhD,HR,66,71,In Progress,London,Marketing
APP-4543,Applicant 4543,2026-03-31,2,High School,Technical,79,88,In Progress,Remote,Sales
APP-4544,Applicant 4544,2026-03-30,9,Bachelors,Screening,92,64,In Progress,Austin,Engineering
APP-4545,Applicant 4545,2026-03-29,1,Masters,Final,64,81,Offer,New York,Product
APP-4546,Applicant 4546,2026-03-28,8,PhD,HR,77,98,Rejected,San Francisco,Marketing
APP-4547,Applicant 4547,2026-03-27,15,High School,Technical,90,74,In Progress,London,Sales
APP-4548,Applicant 4548,2026-03-26,7,Bachelors,Screening,62,91,In Progress,Remote,Engineering
APP-4549,Applicant 4549,2026-03-25,14,Masters,Final,75,67,In Progress,Austin,Product
APP-4550,Applicant 4550,2026-03-24,6,PhD,HR,88,84,Offer,New York,Marketing
APP-4551,Applicant 4551,2026-03-23,13,High School,Technical,60,60,Rejected,San Francisco,Sales
APP-4552,Applicant 4552,2026-03-22,5,Bachelors,Screening,73,77,In Progress,London,Engineering
APP-4553,Applicant 4553,2026-03-21,12,Masters,Final,86,94,In Progress,Remote,Product
APP-4554,Applicant 4554,2026-03-20,4,PhD,HR,99,70,In Progress,Austin,Marketing
APP-4555,Applicant 4555,2026-03-19,11,High School,Technical,71,87,Offer,New York,Sales
APP-4556,Applicant 4556,2026-03-18,3,Bachelors,Screening,84,63,Rejected,San Francisco,Engineering
APP-4557,Applicant 4557,2026-03-17,10,Masters,Final,97,80,In Progress,London,Product
APP-4558,Applicant 4558,2026-03-16,2,PhD,HR,69,97,In Progress,Remote,Marketing
APP-4559,Applicant 4559,2026-03-15,9,High School,Technical,82,73,In Progress,Austin,Sales
APP-4560,Applicant 4560,2026-03-14,1,Bachelors,Screening,95,90,Offer,New York,Engineering
APP-4561,Applicant 4561,2026-03-13,8,Masters,Final,67,66,Rejected,San Francisco,Product
APP-4562,Applicant 4562,2026-03-12,15,PhD,HR,80,83,In Progress,London,Marketing
APP-4563,Applicant 4563,2026-03-11,7,High School,Technical,93,100,In Progress,Remote,Sales
APP-4564,Applicant 4564,2026-03-10,14,Bachelors,Screening,65,76,In Progress,Austin,Engineering
APP-4565,Applicant 4565,2026-03-09,6,Masters,Final,78,93,Offer,New York,Product
APP-4566,Applicant 4566,2026-03-08,13,PhD,HR,91,69,Rejected,San Francisco,Marketing
APP-4567,Applicant 4567,2026-03-07,5,High School,Technical,63,86,In Progress,London,Sales
APP-4568,Applicant 4568,2026-03-06,12,Bachelors,Screening,76,62,In Progress,Remote,Engineering
APP-4569,Applicant 4569,2026-03-05,4,Masters,Final,89,79,In Progress,Austin,Product
APP-4570,Applicant 4570,2026-03-04,11,PhD,HR,61,96,Offer,New York,Marketing
APP-4571,Applicant 4571,2026-03-03,3,High School,Technical,74,72,Rejected,San Francisco,Sales
APP-4572,Applicant 4572,2026-03-02,10,Bachelors,Screening,87,89,In Progress,London,Engineering
APP-4573,Applicant 4573,2026-03-01,2,Masters,Final,100,65,In Progress,Remote,Product
APP-4574,Applicant 4574,2026-02-28,9,PhD,HR,72,82,In Progress,Austin,Marketing
APP-4575,Applicant 4575,2026-02-27,1,High School,Technical,85,99,Offer,New York,Sales
APP-4576,Applicant 4576,2026-02-26,8,Bachelors,Screening,98,75,Rejected,San Francisco,Engineering
APP-4577,Applicant 4577,2026-02-25,15,Masters,Final,70,92,In Progress,London,Product
APP-4578,Applicant 4578,2026-02-24,7,PhD,HR,83,68,In Progress,Remote,Marketing
APP-4579,Applicant 4579,2026-02-23,14,High School,Technical,96,85,In Progress,Austin,Sales
APP-4580,Applicant 4580,2026-02-22,6,Bachelors,Screening,68,61,Offer,New York,Engineering
APP-4581,Applicant 4581,2026-02-21,13,Masters,Final,81,78,Rejected,San Francisco,Product
APP-4582,Applicant 4582,2026-02-20,5,PhD,HR,94,95,In Progress,London,Marketing
APP-4583,Applicant 4583,2026-02-19,12,High School,Technical,66,71,In Progress,Remote,Sales
APP-4584,Applicant 4584,2026-02-18,4,Bachelors,Screening,79,88,In Progress,Austin,Engineering
APP-4585,Applicant 4585,2026-02-17,11,Masters,Final,92,64,Offer,New York,Product
APP-4586,Applicant 4586,2026-02-16,3,PhD,HR,64,81,Rejected,San Francisco,Marketing
APP-4587,Applicant 4587,2026-02-15,10,High School,Technical,77,98,In Progress,London,Sales
APP-4588,Applicant 4588,2026-02-14,2,Bachelors,Screening,90,74,In Progress,Remote,Engineering
APP-4589,Applicant 4589,2026-02-13,9,Masters,Final,62,91,In Progress,Austin,Product
APP-4590,Applicant 4590,2026-02-12,1,PhD,HR,75,67,Offer,New York,Marketing
APP-4591,Applicant 4591,2026-02-11,8,High School,Technical,88,84,Rejected,San Francisco,Sales
APP-4592,Applicant 4592,2026-02-10,15,Bachelors,Screening,60,60,In Progress,London,Engineering
APP-4593,Applicant 4593,2026-02-09,7,Masters,Final,73,77,In Progress,Remote,Product
APP-4594,Applicant 4594,2026-02-08,14,PhD,HR,86,94,In Progress,Austin,Marketing
APP-4595,Applicant 4595,2026-02-07,6,High School,Technical,99,70,Offer,New York,Sales
APP-4596,Applicant 4596,2026-02-06,13,Bachelors,Screening,71,87,Rejected,San Francisco,Engineering
APP-4597,Applicant 4597,2026-02-05,5,Masters,Final,84,63,In Progress,London,Product
APP-4598,Applicant 4598,2026-02-04,12,PhD,HR,97,80,In Progress,Remote,Marketing
APP-4599,Applicant 4599,2026-02-03,4,High School,Technical,69,97,In Progress,Austin,Sales
APP-4600,Applicant 4600,2026-02-02,11,Bachelors,Screening,82,73,Offer,New York,Engineering
APP-4601,Applicant 4601,2026-02-01,3,Masters,Final,95,90,Rejected,San Francisco,Product
APP-4602,Applicant 4602,2026-01-31,10,PhD,HR,67,66,In Progress,London,Marketing
APP-4603,Applicant 4603,2026-01-30,2,High School,Technical,80,83,In Progress,Remote,Sales
APP-4604,Applicant 4604,2026-01-29,9,Bachelors,Screening,93,100,In Progress,Austin,Engineering
APP-4605,Applicant 4605,2026-01-28,1,Masters,Final,65,76,Offer,New York,Product
APP-4606,Applicant 4606,2026-01-27,8,PhD,HR,78,93,Rejected,San Francisco,Marketing
APP-4607,Applicant 4607,2026-01-26,15,High School,Technical,91,69,In Progress,London,Sales
APP-4608,Applicant 4608,2026-01-25,7,Bachelors,Screening,63,86,In Progress,Remote,Engineering
APP-4609,Applicant 4609,2026-01-24,14,Masters,Final,76,62,In Progress,Austin,Product
APP-4610,Applicant 4610,2026-01-23,6,PhD,HR,89,79,Offer,New York,Marketing
APP-4611,Applicant 4611,2026-01-22,13,High School,Technical,61,96,Rejected,San Francisco,Sales
APP-4612,Applicant 4612,2026-01-21,5,Bachelors,Screening,74,72,In Progress,London,Engineering
APP-4613,Applicant 4613,2026-01-20,12,Masters,Final,87,89,In Progress,Remote,Product
APP-4614,Applicant 4614,2026-01-19,4,PhD,HR,100,65,In Progress,Austin,Marketing
APP-4615,Applicant 4615,2026-01-18,11,High School,Technical,72,82,Offer,New York,Sales
APP-4616,Applicant 4616,2026-01-17,3,Bachelors,Screening,85,99,Rejected,San Francisco,Engineering
APP-4617,Applicant 4617,2026-01-16,10,Masters,Final,98,75,In Progress,London,Product
APP-4618,Applicant 4618,2026-01-15,2,PhD,HR,70,92,In Progress,Remote,Marketing
APP-4619,Applicant 4619,2026-01-14,9,High School,Technical,83,68,In Progress,Austin,Sales
APP-4620,Applicant 4620,2026-01-13,1,Bachelors,Screening,96,85,Offer,New York,Engineering
APP-4621,Applicant 4621,2026-01-12,8,Masters,Final,68,61,Rejected,San Francisco,Product
APP-4622,Applicant 4622,2026-01-11,15,PhD,HR,81,78,In Progress,London,Marketing
APP-4623,Applicant 4623,2026-01-10,7,High School,Technical,94,95,In Progress,Remote,Sales
APP-4624,Applicant 4624,2026-01-09,14,Bachelors,Screening,66,71,In Progress,Austin,Engineering
APP-4625,Applicant 4625,2026-01-08,6,Masters,Final,79,88,Offer,New York,Product
APP-4626,Applicant 4626,2026-01-07,13,PhD,HR,92,64,Rejected,San Francisco,Marketing
APP-4627,Applicant 4627,2026-01-06,5,High School,Technical,64,81,In Progress,London,Sales
APP-4628,Applicant 4628,2026-01-05,12,Bachelors,Screening,77,98,In Progress,Remote,Engineering
APP-4629,Applicant 4629,2026-01-04,4,Masters,Final,90,74,In Progress,Austin,Product
APP-4630,Applicant 4630,2026-01-03,11,PhD,HR,62,91,Offer,New York,Marketing
APP-4631,Applicant 4631,2026-01-02,3,High School,Technical,75,67,Rejected,San Francisco,Sales
APP-4632,Applicant 4632,2026-01-01,10,Bachelors,Screening,88,84,In Progress,London,Engineering
APP-4633,Applicant 4633,2025-12-31,2,Masters,Final,60,60,In Progress,Remote,Product
APP-4634,Applicant 4634,2025-12-30,9,PhD,HR,73,77,In Progress,Austin,Marketing
APP-4635,Applicant 4635,2025-12-29,1,High School,Technical,86,94,Offer,New York,Sales
APP-4636,Applicant 4636,2025-12-28,8,Bachelors,Screening,99,70,Rejected,San Francisco,Engineering
APP-4637,Applicant 4637,2025-12-27,15,Masters,Final,71,87,In Progress,London,Product
APP-4638,Applicant 4638,2025-12-26,7,PhD,HR,84,63,In Progress,Remote,Marketing
APP-4639,Applicant 4639,2025-12-25,14,High School,Technical,97,80,In Progress,Austin,Sales
APP-4640,Applicant 4640,2025-12-24,6,Bachelors,Screening,69,97,Offer,New York,Engineering
APP-4641,Applicant 4641,2025-12-23,13,Masters,Final,82,73,Rejected,San Francisco,Product
APP-4642,Applicant 4642,2025-12-22,5,PhD,HR,95,90,In Progress,London,Marketing
APP-4643,Applicant 4643,2025-12-21,12,High School,Technical,67,66,In Progress,Remote,Sales
APP-4644,Applicant 4644,2025-12-20,4,Bachelors,Screening,80,83,In Progress,Austin,Engineering
APP-4645,Applicant 4645,2025-12-19,11,Masters,Final,93,100,Offer,New York,Product
APP-4646,Applicant 4646,2025-12-18,3,PhD,HR,65,76,Rejected,San Francisco,Marketing
APP-4647,Applicant 4647,2025-12-17,10,High School,Technical,78,93,In Progress,London,Sales
APP-4648,Applicant 4648,2025-12-16,2,Bachelors,Screening,91,69,In Progress,Remote,Engineering
APP-4649,Applicant 4649,2025-12-15,9,Masters,Final,63,86,In Progress,Austin,Product
APP-4650,Applicant 4650,2025-12-14,1,PhD,HR,76,62,Offer,New York,Marketing
APP-4651,Applicant 4651,2025-12-13,8,High School,Technical,89,79,Rejected,San Francisco,Sales
APP-4652,Applicant 4652,2025-12-12,15,Bachelors,Screening,61,96,In Progress,London,Engineering
APP-4653,Applicant 4653,2025-12-11,7,Masters,Final,74,72,In Progress,Remote,Product
APP-4654,Applicant 4654,2025-12-10,14,PhD,HR,87,89,In Progress,Austin,Marketing
APP-4655,Applicant 4655,2025-12-09,6,High School,Technical,100,65,Offer,New York,Sales
APP-4656,Applicant 4656,2025-12-08,13,Bachelors,Screening,72,82,Rejected,San Francisco,Engineering
APP-4657,Applicant 4657,2025-12-07,5,Masters,Final,85,99,In Progress,London,Product
APP-4658,Applicant 4658,2025-12-06,12,PhD,HR,98,75,In Progress,Remote,Marketing
APP-4659,Applicant 4659,2025-12-05,4,High School,Technical,70,92,In Progress,Austin,Sales
APP-4660,Applicant 4660,2025-12-04,11,Bachelors,Screening,83,68,Offer,New York,Engineering
APP-4661,Applicant 4661,2025-12-03,3,Masters,Final,96,85,Rejected,San Francisco,Product
APP-4662,Applicant 4662,2025-12-02,10,PhD,HR,68,61,In Progress,London,Marketing
APP-4663,Applicant 4663,2025-12-01,2,High School,Technical,81,78,In Progress,Remote,Sales
APP-4664,Applicant 4664,2025-11-30,9,Bachelors,Screening,94,95,In Progress,Austin,Engineering
APP-4665,Applicant 4665,2025-11-29,1,Masters,Final,66,71,Offer,New York,Product
APP-4666,Applicant 4666,2025-11-28,8,PhD,HR,79,88,Rejected,San Francisco,Marketing
APP-4667,Applicant 4667,2025-11-27,15,High School,Technical,92,64,In Progress,London,Sales
APP-4668,Applicant 4668,2025-11-26,7,Bachelors,Screening,64,81,In Progress,Remote,Engineering
APP-4669,Applicant 4669,2025-11-25,14,Masters,Final,77,98,In Progress,Austin,Product
APP-4670,Applicant 4670,2025-11-24,6,PhD,HR,90,74,Offer,New York,Marketing
APP-4671,Applicant 4671,2025-11-23,13,High School,Technical,62,91,Rejected,San Francisco,Sales
APP-4672,Applicant 4672,2025-11-22,5,Bachelors,Screening,75,67,In Progress,London,Engineering
APP-4673,Applicant 4673,2025-11-21,12,Masters,Final,88,84,In Progress,Remote,Product
APP-4674,Applicant 4674,2025-11-20,4,PhD,HR,60,60,In Progress,Austin,Marketing
APP-4675,Applicant 4675,2025-11-19,11,High School,Technical,73,77,Offer,New York,Sales
APP-4676,Applicant 4676,2025-11-18,3,Bachelors,Screening,86,94,Rejected,San Francisco,Engineering
APP-4677,Applicant 4677,2025-11-17,10,Masters,Final,99,70,In Progress,London,Product
APP-4678,Applicant 4678,2025-11-16,2,PhD,HR,71,87,In Progress,Remote,Marketing
APP-4679,Applicant 4679,2025-11-15,9,High School,Technical,84,63,In Progress,Austin,Sales
APP-4680,Applicant 4680,2025-11-14,1,Bachelors,Screening,97,80,Offer,New York,Engineering
APP-4681,Applicant 4681,2025-11-13,8,Masters,Final,69,97,Rejected,San Francisco,Product
APP-4682,Applicant 4682,2025-11-12,15,PhD,HR,82,73,In Progress,London,Marketing
APP-4683,Applicant 4683,2025-11-11,7,High School,Technical,95,90,In Progress,Remote,Sales
APP-4684,Applicant 4684,2025-11-10,14,Bachelors,Screening,67,66,In Progress,Austin,Engineering
APP-4685,Applicant 4685,2025-11-09,6,Masters,Final,80,83,Offer,New York,Product
APP-4686,Applicant 4686,2025-11-08,13,PhD,HR,93,100,Rejected,San Francisco,Marketing
APP-4687,Applicant 4687,2025-11-07,5,High School,Technical,65,76,In Progress,London,Sales
APP-4688,Applicant 4688,2025-11-06,12,Bachelors,Screening,78,93,In Progress,Remote,Engineering
APP-4689,Applicant 4689,2025-11-05,4,Masters,Final,91,69,In Progress,Austin,Product
APP-4690,Applicant 4690,2025-11-04,11,PhD,HR,63,86,Offer,New York,Marketing
APP-4691,Applicant 4691,2025-11-03,3,High School,Technical,76,62,Rejected,San Francisco,Sales
APP-4692,Applicant 4692,2025-11-02,10,Bachelors,Screening,89,79,In Progress,London,Engineering
APP-4693,Applicant 4693,2025-11-01,2,Masters,Final,61,96,In Progress,Remote,Product
APP-4694,Applicant 4694,2025-10-31,9,PhD,HR,74,72,In Progress,Austin,Marketing
APP-4695,Applicant 4695,2025-10-30,1,High School,Technical,87,89,Offer,New York,Sales
APP-4696,Applicant 4696,2025-10-29,8,Bachelors,Screening,100,65,Rejected,San Francisco,Engineering
APP-4697,Applicant 4697,2025-10-28,15,Masters,Final,72,82,In Progress,London,Product
APP-4698,Applicant 4698,2025-10-27,7,PhD,HR,85,99,In Progress,Remote,Marketing
APP-4699,Applicant 4699,2025-10-26,14,High School,Technical,98,75,In Progress,Austin,Sales
APP-4700,Applicant 4700,2025-10-25,6,Bachelors,Screening,70,92,Offer,New York,Engineering
APP-4701,Applicant 4701,2025-10-24,13,Masters,Final,83,68,Rejected,San Francisco,Product
APP-4702,Applicant 4702,2025-10-23,5,PhD,HR,96,85,In Progress,London,Marketing
APP-4703,Applicant 4703,2025-10-22,12,High School,Technical,68,61,In Progress,Remote,Sales
APP-4704,Applicant 4704,2025-10-21,4,Bachelors,Screening,81,78,In Progress,Austin,Engineering
APP-4705,Applicant 4705,2025-10-20,11,Masters,Final,94,95,Offer,New York,Product
APP-4706,Applicant 4706,2025-10-19,3,PhD,HR,66,71,Rejected,San Francisco,Marketing
APP-4707,Applicant 4707,2025-10-18,10,High School,Technical,79,88,In Progress,London,Sales
APP-4708,Applicant 4708,2025-10-17,2,Bachelors,Screening,92,64,In Progress,Remote,Engineering
APP-4709,Applicant 4709,2025-10-16,9,Masters,Final,64,81,In Progress,Austin,Product
APP-4710,Applicant 4710,2025-10-15,1,PhD,HR,77,98,Offer,New York,Marketing
APP-4711,Applicant 4711,2025-10-14,8,High School,Technical,90,74,Rejected,San Francisco,Sales
APP-4712,Applicant 4712,2025-10-13,15,Bachelors,Screening,62,91,In Progress,London,Engineering
APP-4713,Applicant 4713,2025-10-12,7,Masters,Final,75,67,In Progress,Remote,Product
APP-4714,Applicant 4714,2025-10-11,14,PhD,HR,88,84,In Progress,Austin,Marketing
APP-4715,Applicant 4715,2025-10-10,6,High School,Technical,60,60,Offer,New York,Sales
APP-4716,Applicant 4716,2025-10-09,13,Bachelors,Screening,73,77,Rejected,San Francisco,Engineering
APP-4717,Applicant 4717,2025-10-08,5,Masters,Final,86,94,In Progress,London,Product
APP-4718,Applicant 4718,2025-10-07,12,PhD,HR,99,70,In Progress,Remote,Marketing
APP-4719,Applicant 4719,2025-10-06,4,High School,Technical,71,87,In Progress,Austin,Sales
APP-4720,Applicant 4720,2025-10-05,11,Bachelors,Screening,84,63,Offer,New York,Engineering
APP-4721,Applicant 4721,2025-10-04,3,Masters,Final,97,80,Rejected,San Francisco,Product
APP-4722,Applicant 4722,2025-10-03,10,PhD,HR,69,97,In Progress,London,Marketing
APP-4723,Applicant 4723,2025-10-02,2,High School,Technical,82,73,In Progress,Remote,Sales
APP-4724,Applicant 4724,2025-10-01,9,Bachelors,Screening,95,90,In Progress,Austin,Engineering
APP-4725,Applicant 4725,2025-09-30,1,Masters,Final,67,66,Offer,New York,Product
APP-4726,Applicant 4726,2025-09-29,8,PhD,HR,80,83,Rejected,San Francisco,Marketing
APP-4727,Applicant 4727,2025-09-28,15,High School,Technical,93,100,In Progress,London,Sales
APP-4728,Applicant 4728,2025-09-27,7,Bachelors,Screening,65,76,In Progress,Remote,Engineering
APP-4729,Applicant 4729,2025-09-26,14,Masters,Final,78,93,In Progress,Austin,Product
APP-4730,Applicant 4730,2025-09-25,6,PhD,HR,91,69,Offer,New York,Marketing
APP-4731,Applicant 4731,2025-09-24,13,High School,Technical,63,86,Rejected,San Francisco,Sales
APP-4732,Applicant 4732,2025-09-23,5,Bachelors,Screening,76,62,In Progress,London,Engineering
APP-4733,Applicant 4733,2025-09-22,12,Masters,Final,89,79,In Progress,Remote,Product
APP-4734,Applicant 4734,2025-09-21,4,PhD,HR,61,96,In Progress,Austin,Marketing
APP-4735,Applicant 4735,2025-09-20,11,High School,Technical,74,72,Offer,New York,Sales
APP-4736,Applicant 4736,2025-09-19,3,Bachelors,Screening,87,89,Rejected,San Francisco,Engineering
APP-4737,Applicant 4737,2025-09-18,10,Masters,Final,100,65,In Progress,London,Product
APP-4738,Applicant 4738,2025-09-17,2,PhD,HR,72,82,In Progress,Remote,Marketing
APP-4739,Applicant 4739,2025-09-16,9,High School,Technical,85,99,In Progress,Austin,Sales
APP-4740,Applicant 4740,2025-09-15,1,Bachelors,Screening,98,75,Offer,New York,Engineering
APP-4741,Applicant 4741,2025-09-14,8,Masters,Final,70,92,Rejected,San Francisco,Product
APP-4742,Applicant 4742,2025-09-13,15,PhD,HR,83,68,In Progress,London,Marketing
APP-4743,Applicant 4743,2025-09-12,7,High School,Technical,96,85,In Progress,Remote,Sales
APP-4744,Applicant 4744,2025-09-11,14,Bachelors,Screening,68,61,In Progress,Austin,Engineering
APP-4745,Applicant 4745,2026-09-10,6,Masters,Final,81,78,Offer,New York,Product
APP-4746,Applicant 4746,2026-09-09,13,PhD,HR,94,95,Rejected,San Francisco,Marketing
APP-4747,Applicant 4747,2026-09-08,5,High School,Technical,66,71,In Progress,London,Sales
APP-4748,Applicant 4748,2026-09-07,12,Bachelors,Screening,79,88,In Progress,Remote,Engineering
APP-4749,Applicant 4749,2026-09-06,4,Masters,Final,92,64,In Progress,Austin,Product
APP-4750,Applicant 4750,2026-09-05,11,PhD,HR,64,81,Offer,New York,Marketing
APP-4751,Applicant 4751,2026-09-04,3,High School,Technical,77,98,Rejected,San Francisco,Sales
APP-4752,Applicant 4752,2026-09-03,10,Bachelors,Screening,90,74,In Progress,London,Engineering
APP-4753,Applicant 4753,2026-09-02,2,Masters,Final,62,91,In Progress,Remote,Product
APP-4754,Applicant 4754,2026-09-01,9,PhD,HR,75,67,In Progress,Austin,Marketing
APP-4755,Applicant 4755,2026-08-31,1,High School,Technical,88,84,Offer,New York,Sales
APP-4756,Applicant 4756,2026-08-30,8,Bachelors,Screening,60,60,Rejected,San Francisco,Engineering
APP-4757,Applicant 4757,2026-08-29,15,Masters,Final,73,77,In Progress,London,Product
APP-4758,Applicant 4758,2026-08-28,7,PhD,HR,86,94,In Progress,Remote,Marketing
APP-4759,Applicant 4759,2026-08-27,14,High School,Technical,99,70,In Progress,Austin,Sales
APP-4760,Applicant 4760,2026-08-26,6,Bachelors,Screening,71,87,Offer,New York,Engineering
APP-4761,Applicant 4761,2026-08-25,13,Masters,Final,84,63,Rejected,San Francisco,Product
APP-4762,Applicant 4762,2026-08-24,5,PhD,HR,97,80,In Progress,London,Marketing
APP-4763,Applicant 4763,2026-08-23,12,High School,Technical,69,97,In Progress,Remote,Sales
APP-4764,Applicant 4764,2026-08-22,4,Bachelors,Screening,82,73,In Progress,Austin,Engineering
APP-4765,Applicant 4765,2026-08-21,11,Masters,Final,95,90,Offer,New York,Product
APP-4766,Applicant 4766,2026-08-20,3,PhD,HR,67,66,Rejected,San Francisco,Marketing
APP-4767,Applicant 4767,2026-08-19,10,High School,Technical,80,83,In Progress,London,Sales
APP-4768,Applicant 4768,2026-08-18,2,Bachelors,Screening,93,100,In Progress,Remote,Engineering
APP-4769,Applicant 4769,2026-08-17,9,Masters,Final,65,76,In Progress,Austin,Product
APP-4770,Applicant 4770,2026-08-16,1,PhD,HR,78,93,Offer,New York,Marketing
APP-4771,Applicant 4771,2026-08-15,8,High School,Technical,91,69,Rejected,San Francisco,Sales
APP-4772,Applicant 4772,2026-08-14,15,Bachelors,Screening,63,86,In Progress,London,Engineering
APP-4773,Applicant 4773,2026-08-13,7,Masters,Final,76,62,In Progress,Remote,Product
APP-4774,Applicant 4774,2026-08-12,14,PhD,HR,89,79,In Progress,Austin,Marketing
APP-4775,Applicant 4775,2026-08-11,6,High School,Technical,61,96,Offer,New York,Sales
APP-4776,Applicant 4776,2026-08-10,13,Bachelors,Screening,74,72,Rejected,San Francisco,Engineering
APP-4777,Applicant 4777,2026-08-09,5,Masters,Final,87,89,In Progress,London,Product
APP-4778,Applicant 4778,2026-08-08,12,PhD,HR,100,65,In Progress,Remote,Marketing
APP-4779,Applicant 4779,2026-08-07,4,High School,Technical,72,82,In Progress,Austin,Sales
APP-4780,Applicant 4780,2026-08-06,11,Bachelors,Screening,85,99,Offer,New York,Engineering
APP-4781,Applicant 4781,2026-08-05,3,Masters,Final,98,75,Rejected,San Francisco,Product
APP-4782,Applicant 4782,2026-08-04,10,PhD,HR,70,92,In Progress,London,Marketing
APP-4783,Applicant 4783,2026-08-03,2,High School,Technical,83,68,In Progress,Remote,Sales
APP-4784,Applicant 4784,2026-08-02,9,Bachelors,Screening,96,85,In Progress,Austin,Engineering
APP-4785,Applicant 4785,2026-08-01,1,Masters,Final,68,61,Offer,New York,Product
APP-4786,Applicant 4786,2026-07-31,8,PhD,HR,81,78,Rejected,San Francisco,Marketing
APP-4787,Applicant 4787,2026-07-30,15,High School,Technical,94,95,In Progress,London,Sales
APP-4788,Applicant 4788,2026-07-29,7,Bachelors,Screening,66,71,In Progress,Remote,Engineering
APP-4789,Applicant 4789,2026-07-28,14,Masters,Final,79,88,In Progress,Austin,Product
APP-4790,Applicant 4790,2026-07-27,6,PhD,HR,92,64,Offer,New York,Marketing
APP-4791,Applicant 4791,2026-07-26,13,High School,Technical,64,81,Rejected,San Francisco,Sales
APP-4792,Applicant 4792,2026-07-25,5,Bachelors,Screening,77,98,In Progress,London,Engineering
APP-4793,Applicant 4793,2026-07-24,12,Masters,Final,90,74,In Progress,Remote,Product
APP-4794,Applicant 4794,2026-07-23,4,PhD,HR,62,91,In Progress,Austin,Marketing
APP-4795,Applicant 4795,2026-07-22,11,High School,Technical,75,67,Offer,New York,Sales
APP-4796,Applicant 4796,2026-07-21,3,Bachelors,Screening,88,84,Rejected,San Francisco,Engineering
APP-4797,Applicant 4797,2026-07-20,10,Masters,Final,60,60,In Progress,London,Product
APP-4798,Applicant 4798,2026-07-19,2,PhD,HR,73,77,In Progress,Remote,Marketing
APP-4799,Applicant 4799,2026-07-18,9,High School,Technical,86,94,In Progress,Austin,Sales
APP-4800,Applicant 4800,2026-07-17,1,Bachelors,Screening,99,70,Offer,New York,Engineering
APP-4801,Applicant 4801,2026-07-16,8,Masters,Final,71,87,Rejected,San Francisco,Product
APP-4802,Applicant 4802,2026-07-15,15,PhD,HR,84,63,In Progress,London,Marketing
APP-4803,Applicant 4803,2026-07-14,7,High School,Technical,97,80,In Progress,Remote,Sales
APP-4804,Applicant 4804,2026-07-13,14,Bachelors,Screening,69,97,In Progress,Austin,Engineering
APP-4805,Applicant 4805,2026-07-12,6,Masters,Final,82,73,Offer,New York,Product
APP-4806,Applicant 4806,2026-07-11,13,PhD,HR,95,90,Rejected,San Francisco,Marketing
APP-4807,Applicant 4807,2026-07-10,5,High School,Technical,67,66,In Progress,London,Sales
APP-4808,Applicant 4808,2026-07-09,12,Bachelors,Screening,80,83,In Progress,Remote,Engineering
APP-4809,Applicant 4809,2026-07-08,4,Masters,Final,93,100,In Progress,Austin,Product
APP-4810,Applicant 4810,2026-07-07,11,PhD,HR,65,76,Offer,New York,Marketing
APP-4811,Applicant 4811,2026-07-06,3,High School,Technical,78,93,Rejected,San Francisco,Sales
APP-4812,Applicant 4812,2026-07-05,10,Bachelors,Screening,91,69,In Progress,London,Engineering
APP-4813,Applicant 4813,2026-07-04,2,Masters,Final,63,86,In Progress,Remote,Product
APP-4814,Applicant 4814,2026-07-03,9,PhD,HR,76,62,In Progress,Austin,Marketing
APP-4815,Applicant 4815,2026-07-02,1,High School,Technical,89,79,Offer,New York,Sales
APP-4816,Applicant 4816,2026-07-01,8,Bachelors,Screening,61,96,Rejected,San Francisco,Engineering
APP-4817,Applicant 4817,2026-06-30,15,Masters,Final,74,72,In Progress,London,Product
APP-4818,Applicant 4818,2026-06-29,7,PhD,HR,87,89,In Progress,Remote,Marketing
APP-4819,Applicant 4819,2026-06-28,14,High School,Technical,100,65,In Progress,Austin,Sales
APP-4820,Applicant 4820,2026-06-27,6,Bachelors,Screening,72,82,Offer,New York,Engineering
APP-4821,Applicant 4821,2026-06-26,13,Masters,Final,85,99,Rejected,San Francisco,Product
APP-4822,Applicant 4822,2026-06-25,5,PhD,HR,98,75,In Progress,London,Marketing
APP-4823,Applicant 4823,2026-06-24,12,High School,Technical,70,92,In Progress,Remote,Sales
APP-4824,Applicant 4824,2026-06-23,4,Bachelors,Screening,83,68,In Progress,Austin,Engineering
APP-4825,Applicant 4825,2026-06-22,11,Masters,Final,96,85,Offer,New York,Product
APP-4826,Applicant 4826,2026-06-21,3,PhD,HR,68,61,Rejected,San Francisco,Marketing
APP-4827,Applicant 4827,2026-06-20,10,High School,Technical,81,78,In Progress,London,Sales
APP-4828,Applicant 4828,2026-06-19,2,Bachelors,Screening,94,95,In Progress,Remote,Engineering
APP-4829,Applicant 4829,2026-06-18,9,Masters,Final,66,71,In Progress,Austin,Product
APP-4830,Applicant 4830,2026-06-17,1,PhD,HR,79,88,Offer,New York,Marketing
APP-4831,Applicant 4831,2026-06-16,8,High School,Technical,92,64,Rejected,San Francisco,Sales
APP-4832,Applicant 4832,2026-06-15,15,Bachelors,Screening,64,81,In Progress,London,Engineering
APP-4833,Applicant 4833,2026-06-14,7,Masters,Final,77,98,In Progress,Remote,Product
APP-4834,Applicant 4834,2026-06-13,14,PhD,HR,90,74,In Progress,Austin,Marketing
APP-4835,Applicant 4835,2026-06-12,6,High School,Technical,62,91,Offer,New York,Sales
APP-4836,Applicant 4836,2026-06-11,13,Bachelors,Screening,75,67,Rejected,San Francisco,Engineering
APP-4837,Applicant 4837,2026-06-10,5,Masters,Final,88,84,In Progress,London,Product
APP-4838,Applicant 4838,2026-06-09,12,PhD,HR,60,60,In Progress,Remote,Marketing
APP-4839,Applicant 4839,2026-06-08,4,High School,Technical,73,77,In Progress,Austin,Sales
APP-4840,Applicant 4840,2026-06-07,11,Bachelors,Screening,86,94,Offer,New York,Engineering
APP-4841,Applicant 4841,2026-06-06,3,Masters,Final,99,70,Rejected,San Francisco,Product
APP-4842,Applicant 4842,2026-06-05,10,PhD,HR,71,87,In Progress,London,Marketing
APP-4843,Applicant 4843,2026-06-04,2,High School,Technical,84,63,In Progress,Remote,Sales
APP-4844,Applicant 4844,2026-06-03,9,Bachelors,Screening,97,80,In Progress,Austin,Engineering
APP-4845,Applicant 4845,2026-06-02,1,Masters,Final,69,97,Offer,New York,Product
APP-4846,Applicant 4846,2026-06-01,8,PhD,HR,82,73,Rejected,San Francisco,Marketing
APP-4847,Applicant 4847,2026-05-31,15,High School,Technical,95,90,In Progress,London,Sales
APP-4848,Applicant 4848,2026-05-30,7,Bachelors,Screening,67,66,In Progress,Remote,Engineering
APP-4849,Applicant 4849,2026-05-29,14,Masters,Final,80,83,In Progress,Austin,Product
APP-4850,Applicant 4850,2026-05-28,6,PhD,HR,93,100,Offer,New York,Marketing
APP-4851,Applicant 4851,2026-05-27,13,High School,Technical,65,76,Rejected,San Francisco,Sales
APP-4852,Applicant 4852,2026-05-26,5,Bachelors,Screening,78,93,In Progress,London,Engineering
APP-4853,Applicant 4853,2026-05-25,12,Masters,Final,91,69,In Progress,Remote,Product
APP-4854,Applicant 4854,2026-05-24,4,PhD,HR,63,86,In Progress,Austin,Marketing
APP-4855,Applicant 4855,2026-05-23,11,High School,Technical,76,62,Offer,New York,Sales
APP-4856,Applicant 4856,2026-05-22,3,Bachelors,Screening,89,79,Rejected,San Francisco,Engineering
APP-4857,Applicant 4857,2026-05-21,10,Masters,Final,61,96,In Progress,London,Product
APP-4858,Applicant 4858,2026-05-20,2,PhD,HR,74,72,In Progress,Remote,Marketing
APP-4859,Applicant 4859,2026-05-19,9,High School,Technical,87,89,In Progress,Austin,Sales
APP-4860,Applicant 4860,2026-05-18,1,Bachelors,Screening,100,65,Offer,New York,Engineering
APP-4861,Applicant 4861,2026-05-17,8,Masters,Final,72,82,Rejected,San Francisco,Product
APP-4862,Applicant 4862,2026-05-16,15,PhD,HR,85,99,In Progress,London,Marketing
APP-4863,Applicant 4863,2026-05-15,7,High School,Technical,98,75,In Progress,Remote,Sales
APP-4864,Applicant 4864,2026-05-14,14,Bachelors,Screening,70,92,In Progress,Austin,Engineering
APP-4865,Applicant 4865,2026-05-13,6,Masters,Final,83,68,Offer,New York,Product
APP-4866,Applicant 4866,2026-05-12,13,PhD,HR,96,85,Rejected,San Francisco,Marketing
APP-4867,Applicant 4867,2026-05-11,5,High School,Technical,68,61,In Progress,London,Sales
APP-4868,Applicant 4868,2026-05-10,12,Bachelors,Screening,81,78,In Progress,Remote,Engineering
APP-4869,Applicant 4869,2026-05-09,4,Masters,Final,94,95,In Progress,Austin,Product
APP-4870,Applicant 4870,2026-05-08,11,PhD,HR,66,71,Offer,New York,Marketing
APP-4871,Applicant 4871,2026-05-07,3,High School,Technical,79,88,Rejected,San Francisco,Sales
APP-4872,Applicant 4872,2026-05-06,10,Bachelors,Screening,92,64,In Progress,London,Engineering
APP-4873,Applicant 4873,2026-05-05,2,Masters,Final,64,81,In Progress,Remote,Product
APP-4874,Applicant 4874,2026-05-04,9,PhD,HR,77,98,In Progress,Austin,Marketing
APP-4875,Applicant 4875,2026-05-03,1,High School,Technical,90,74,Offer,New York,Sales
APP-4876,Applicant 4876,2026-05-02,8,Bachelors,Screening,62,91,Rejected,San Francisco,Engineering
APP-4877,Applicant 4877,2026-05-01,15,Masters,Final,75,67,In Progress,London,Product
APP-4878,Applicant 4878,2026-04-30,7,PhD,HR,88,84,In Progress,Remote,Marketing
APP-4879,Applicant 4879,2026-04-29,14,High School,Technical,60,60,In Progress,Austin,Sales
APP-4880,Applicant 4880,2026-04-28,6,Bachelors,Screening,73,77,Offer,New York,Engineering
APP-4881,Applicant 4881,2026-04-27,13,Masters,Final,86,94,Rejected,San Francisco,Product
APP-4882,Applicant 4882,2026-04-26,5,PhD,HR,99,70,In Progress,London,Marketing
APP-4883,Applicant 4883,2026-04-25,12,High School,Technical,71,87,In Progress,Remote,Sales
APP-4884,Applicant 4884,2026-04-24,4,Bachelors,Screening,84,63,In Progress,Austin,Engineering
APP-4885,Applicant 4885,2026-04-23,11,Masters,Final,97,80,Offer,New York,Product
APP-4886,Applicant 4886,2026-04-22,3,PhD,HR,69,97,Rejected,San Francisco,Marketing
APP-4887,Applicant 4887,2026-04-21,10,High School,Technical,82,73,In Progress,London,Sales
APP-4888,Applicant 4888,2026-04-20,2,Bachelors,Screening,95,90,In Progress,Remote,Engineering
APP-4889,Applicant 4889,2026-04-19,9,Masters,Final,67,66,In Progress,Austin,Product
APP-4890,Applicant 4890,2026-04-18,1,PhD,HR,80,83,Offer,New York,Marketing
APP-4891,Applicant 4891,2026-04-17,8,High School,Technical,93,100,Rejected,San Francisco,Sales
APP-4892,Applicant 4892,2026-04-16,15,Bachelors,Screening,65,76,In Progress,London,Engineering
APP-4893,Applicant 4893,2026-04-15,7,Masters,Final,78,93,In Progress,Remote,Product
APP-4894,Applicant 4894,2026-04-14,14,PhD,HR,91,69,In Progress,Austin,Marketing
APP-4895,Applicant 4895,2026-04-13,6,High School,Technical,63,86,Offer,New York,Sales
APP-4896,Applicant 4896,2026-04-12,13,Bachelors,Screening,76,62,Rejected,San Francisco,Engineering
APP-4897,Applicant 4897,2026-04-11,5,Masters,Final,89,79,In Progress,London,Product
APP-4898,Applicant 4898,2026-04-10,12,PhD,HR,61,96,In Progress,Remote,Marketing
APP-4899,Applicant 4899,2026-04-09,4,High School,Technical,74,72,In Progress,Austin,Sales
APP-4900,Applicant 4900,2026-04-08,11,Bachelors,Screening,87,89,Offer,New York,Engineering
APP-4901,Applicant 4901,2026-04-07,3,Masters,Final,100,65,Rejected,San Francisco,Product
APP-4902,Applicant 4902,2026-04-06,10,PhD,HR,72,82,In Progress,London,Marketing
APP-4903,Applicant 4903,2026-04-05,2,High School,Technical,85,99,In Progress,Remote,Sales
APP-4904,Applicant 4904,2026-04-04,9,Bachelors,Screening,98,75,In Progress,Austin,Engineering
APP-4905,Applicant 4905,2026-04-03,1,Masters,Final,70,92,Offer,New York,Product
APP-4906,Applicant 4906,2026-04-02,8,PhD,HR,83,68,Rejected,San Francisco,Marketing
APP-4907,Applicant 4907,2026-04-01,15,High School,Technical,96,85,In Progress,London,Sales
APP-4908,Applicant 4908,2026-03-31,7,Bachelors,Screening,68,61,In Progress,Remote,Engineering
APP-4909,Applicant 4909,2026-03-30,14,Masters,Final,81,78,In Progress,Austin,Product
APP-4910,Applicant 4910,2026-03-29,6,PhD,HR,94,95,Offer,New York,Marketing
APP-4911,Applicant 4911,2026-03-28,13,High School,Technical,66,71,Rejected,San Francisco,Sales
APP-4912,Applicant 4912,2026-03-27,5,Bachelors,Screening,79,88,In Progress,London,Engineering
APP-4913,Applicant 4913,2026-03-26,12,Masters,Final,92,64,In Progress,Remote,Product
APP-4914,Applicant 4914,2026-03-25,4,PhD,HR,64,81,In Progress,Austin,Marketing
APP-4915,Applicant 4915,2026-03-24,11,High School,Technical,77,98,Offer,New York,Sales
APP-4916,Applicant 4916,2026-03-23,3,Bachelors,Screening,90,74,Rejected,San Francisco,Engineering
APP-4917,Applicant 4917,2026-03-22,10,Masters,Final,62,91,In Progress,London,Product
APP-4918,Applicant 4918,2026-03-21,2,PhD,HR,75,67,In Progress,Remote,Marketing
APP-4919,Applicant 4919,2026-03-20,9,High School,Technical,88,84,In Progress,Austin,Sales
APP-4920,Applicant 4920,2026-03-19,1,Bachelors,Screening,60,60,Offer,New York,Engineering
APP-4921,Applicant 4921,2026-03-18,8,Masters,Final,73,77,Rejected,San Francisco,Product
APP-4922,Applicant 4922,2026-03-17,15,PhD,HR,86,94,In Progress,London,Marketing
APP-4923,Applicant 4923,2026-03-16,7,High School,Technical,99,70,In Progress,Remote,Sales
APP-4924,Applicant 4924,2026-03-15,14,Bachelors,Screening,71,87,In Progress,Austin,Engineering
APP-4925,Applicant 4925,2026-03-14,6,Masters,Final,84,63,Offer,New York,Product
APP-4926,Applicant 4926,2026-03-13,13,PhD,HR,97,80,Rejected,San Francisco,Marketing
APP-4927,Applicant 4927,2026-03-12,5,High School,Technical,69,97,In Progress,London,Sales
APP-4928,Applicant 4928,2026-03-11,12,Bachelors,Screening,82,73,In Progress,Remote,Engineering
APP-4929,Applicant 4929,2026-03-10,4,Masters,Final,95,90,In Progress,Austin,Product
APP-4930,Applicant 4930,2026-03-09,11,PhD,HR,67,66,Offer,New York,Marketing
APP-4931,Applicant 4931,2026-03-08,3,High School,Technical,80,83,Rejected,San Francisco,Sales
APP-4932,Applicant 4932,2026-03-07,10,Bachelors,Screening,93,100,In Progress,London,Engineering
APP-4933,Applicant 4933,2026-03-06,2,Masters,Final,65,76,In Progress,Remote,Product
APP-4934,Applicant 4934,2026-03-05,9,PhD,HR,78,93,In Progress,Austin,Marketing
APP-4935,Applicant 4935,2026-03-04,1,High School,Technical,91,69,Offer,New York,Sales
APP-4936,Applicant 4936,2026-03-03,8,Bachelors,Screening,63,86,Rejected,San Francisco,Engineering
APP-4937,Applicant 4937,2026-03-02,15,Masters,Final,76,62,In Progress,London,Product
APP-4938,Applicant 4938,2026-03-01,7,PhD,HR,89,79,In Progress,Remote,Marketing
APP-4939,Applicant 4939,2026-02-28,14,High School,Technical,61,96,In Progress,Austin,Sales
APP-4940,Applicant 4940,2026-02-27,6,Bachelors,Screening,74,72,Offer,New York,Engineering
APP-4941,Applicant 4941,2026-02-26,13,Masters,Final,87,89,Rejected,San Francisco,Product
APP-4942,Applicant 4942,2026-02-25,5,PhD,HR,100,65,In Progress,London,Marketing
APP-4943,Applicant 4943,2026-02-24,12,High School,Technical,72,82,In Progress,Remote,Sales
APP-4944,Applicant 4944,2026-02-23,4,Bachelors,Screening,85,99,In Progress,Austin,Engineering
APP-4945,Applicant 4945,2026-02-22,11,Masters,Final,98,75,Offer,New York,Product
APP-4946,Applicant 4946,2026-02-21,3,PhD,HR,70,92,Rejected,San Francisco,Marketing
APP-4947,Applicant 4947,2026-02-20,10,High School,Technical,83,68,In Progress,London,Sales
APP-4948,Applicant 4948,2026-02-19,2,Bachelors,Screening,96,85,In Progress,Remote,Engineering
APP-4949,Applicant 4949,2026-02-18,9,Masters,Final,68,61,In Progress,Austin,Product
APP-4950,Applicant 4950,2026-02-17,1,PhD,HR,81,78,Offer,New York,Marketing
APP-4951,Applicant 4951,2026-02-16,8,High School,Technical,94,95,Rejected,San Francisco,Sales
APP-4952,Applicant 4952,2026-02-15,15,Bachelors,Screening,66,71,In Progress,London,Engineering
APP-4953,Applicant 4953,2026-02-14,7,Masters,Final,79,88,In Progress,Remote,Product
APP-4954,Applicant 4954,2026-02-13,14,PhD,HR,92,64,In Progress,Austin,Marketing
APP-4955,Applicant 4955,2026-02-12,6,High School,Technical,64,81,Offer,New York,Sales
APP-4956,Applicant 4956,2026-02-11,13,Bachelors,Screening,77,98,Rejected,San Francisco,Engineering
APP-4957,Applicant 4957,2026-02-10,5,Masters,Final,90,74,In Progress,London,Product
APP-4958,Applicant 4958,2026-02-09,12,PhD,HR,62,91,In Progress,Remote,Marketing
APP-4959,Applicant 4959,2026-02-08,4,High School,Technical,75,67,In Progress,Austin,Sales
APP-4960,Applicant 4960,2026-02-07,11,Bachelors,Screening,88,84,Offer,New York,Engineering
APP-4961,Applicant 4961,2026-02-06,3,Masters,Final,60,60,Rejected,San Francisco,Product
APP-4962,Applicant 4962,2026-02-05,10,PhD,HR,73,77,In Progress,London,Marketing
APP-4963,Applicant 4963,2026-02-04,2,High School,Technical,86,94,In Progress,Remote,Sales
APP-4964,Applicant 4964,2026-02-03,9,Bachelors,Screening,99,70,In Progress,Austin,Engineering
APP-4965,Applicant 4965,2026-02-02,1,Masters,Final,71,87,Offer,New York,Product
APP-4966,Applicant 4966,2026-02-01,8,PhD,HR,84,63,Rejected,San Francisco,Marketing
APP-4967,Applicant 4967,2026-01-31,15,High School,Technical,97,80,In Progress,London,Sales
APP-4968,Applicant 4968,2026-01-30,7,Bachelors,Screening,69,97,In Progress,Remote,Engineering
APP-4969,Applicant 4969,2026-01-29,14,Masters,Final,82,73,In Progress,Austin,Product
APP-4970,Applicant 4970,2026-01-28,6,PhD,HR,95,90,Offer,New York,Marketing
APP-4971,Applicant 4971,2026-01-27,13,High School,Technical,67,66,Rejected,San Francisco,Sales
APP-4972,Applicant 4972,2026-01-26,5,Bachelors,Screening,80,83,In Progress,London,Engineering
APP-4973,Applicant 4973,2026-01-25,12,Masters,Final,93,100,In Progress,Remote,Product
APP-4974,Applicant 4974,2026-01-24,4,PhD,HR,65,76,In Progress,Austin,Marketing
APP-4975,Applicant 4975,2026-01-23,11,High School,Technical,78,93,Offer,New York,Sales
APP-4976,Applicant 4976,2026-01-22,3,Bachelors,Screening,91,69,Rejected,San Francisco,Engineering
APP-4977,Applicant 4977,2026-01-21,10,Masters,Final,63,86,In Progress,London,Product
APP-4978,Applicant 4978,2026-01-20,2,PhD,HR,76,62,In Progress,Remote,Marketing
APP-4979,Applicant 4979,2026-01-19,9,High School,Technical,89,79,In Progress,Austin,Sales
APP-4980,Applicant 4980,2026-01-18,1,Bachelors,Screening,61,96,Offer,New York,Engineering
APP-4981,Applicant 4981,2026-01-17,8,Masters,Final,74,72,Rejected,San Francisco,Product
APP-4982,Applicant 4982,2026-01-16,15,PhD,HR,87,89,In Progress,London,Marketing
APP-4983,Applicant 4983,2026-01-15,7,High School,Technical,100,65,In Progress,Remote,Sales
APP-4984,Applicant 4984,2026-01-14,14,Bachelors,Screening,72,82,In Progress,Austin,Engineering
APP-4985,Applicant 4985,2026-01-13,6,Masters,Final,85,99,Offer,New York,Product
APP-4986,Applicant 4986,2026-01-12,13,PhD,HR,98,75,Rejected,San Francisco,Marketing
APP-4987,Applicant 4987,2026-01-11,5,High School,Technical,70,92,In Progress,London,Sales
APP-4988,Applicant 4988,2026-01-10,12,Bachelors,Screening,83,68,In Progress,Remote,Engineering
APP-4989,Applicant 4989,2026-01-09,4,Masters,Final,96,85,In Progress,Austin,Product
APP-4990,Applicant 4990,2026-01-08,11,PhD,HR,68,61,Offer,New York,Marketing
APP-4991,Applicant 4991,2026-01-07,3,High School,Technical,81,78,Rejected,San Francisco,Sales
APP-4992,Applicant 4992,2026-01-06,10,Bachelors,Screening,94,95,In Progress,London,Engineering
APP-4993,Applicant 4993,2026-01-05,2,Masters,Final,66,71,In Progress,Remote,Product
APP-4994,Applicant 4994,2026-01-04,9,PhD,HR,79,88,In Progress,Austin,Marketing
APP-4995,Applicant 4995,2026-01-03,1,High School,Technical,92,64,Offer,New York,Sales
APP-4996,Applicant 4996,2026-01-02,8,Bachelors,Screening,64,81,Rejected,San Francisco,Engineering
APP-4997,Applicant 4997,2026-01-01,15,Masters,Final,77,98,In Progress,London,Product
APP-4998,Applicant 4998,2025-12-31,7,PhD,HR,90,74,In Progress,Remote,Marketing
APP-4999,Applicant 4999,2025-12-30,14,High School,Technical,62,91,In Progress,Austin,Sales
APP-5000,Applicant 5000,2025-12-29,6,Bachelors,Screening,75,67,Offer,New York,Engineering